date,rainfall_mm,temp_c
2001-01-01,0.01,23.96
2001-01-02,0.0,20.01
2001-01-03,0.0,21.67
2001-01-04,0.0,23.02
2001-01-05,0.0,25.19
2001-01-06,0.0,27.47
2001-01-07,0.0,28.94
2001-01-08,0.0,27.72
2001-01-09,0.0,29.65
2001-01-10,0.0,29.64
2001-01-11,0.0,30.21
2001-01-12,3.46,29.67
2001-01-13,3.96,27.08
2001-01-14,1.64,26.94
2001-01-15,0.0,24.71
2001-01-16,0.43,25.9
2001-01-17,0.83,27.27
2001-01-18,0.93,25.59
2001-01-19,0.02,27.38
2001-01-20,0.02,28.94
2001-01-21,0.83,29.73
2001-01-22,2.37,27.98
2001-01-23,0.47,28.12
2001-01-24,2.93,29.92
2001-01-25,10.46,25.31
2001-01-26,1.52,24.3
2001-01-27,0.13,25.19
2001-01-28,0.02,26.65
2001-01-29,0.03,28.8
2001-01-30,0.18,28.83
2001-01-31,1.49,27.85
2001-02-01,2.72,26.05
2001-02-02,0.58,27.89
2001-02-03,0.08,28.15
2001-02-04,0.9,27.24
2001-02-05,0.0,25.91
2001-02-06,0.0,26.08
2001-02-07,0.02,26.32
2001-02-08,0.88,26.5
2001-02-09,2.1,26.09
2001-02-10,0.6,25.49
2001-02-11,0.38,25.27
2001-02-12,0.01,25.62
2001-02-13,0.02,28.21
2001-02-14,0.38,28.9
2001-02-15,6.83,27.39
2001-02-16,1.01,26.5
2001-02-17,2.19,27.26
2001-02-18,6.28,24.8
2001-02-19,0.71,23.98
2001-02-20,0.16,26.0
2001-02-21,0.59,25.57
2001-02-22,2.35,24.84
2001-02-23,2.73,23.13
2001-02-24,16.77,21.36
2001-02-25,11.89,19.83
2001-02-26,10.85,19.89
2001-02-27,20.54,20.37
2001-02-28,2.44,19.65
2001-03-01,0.07,20.35
2001-03-02,0.0,21.69
2001-03-03,0.0,23.05
2001-03-04,0.0,24.8
2001-03-05,0.0,23.42
2001-03-06,0.11,23.82
2001-03-07,1.52,25.14
2001-03-08,3.5,23.88
2001-03-09,1.84,25.63
2001-03-10,5.47,24.35
2001-03-11,0.88,25.18
2001-03-12,0.96,25.42
2001-03-13,1.91,23.79
2001-03-14,0.0,21.6
2001-03-15,0.01,22.06
2001-03-16,0.08,22.54
2001-03-17,0.01,22.9
2001-03-18,0.05,23.39
2001-03-19,5.61,20.43
2001-03-20,1.51,20.06
2001-03-21,0.78,21.29
2001-03-22,7.32,19.88
2001-03-23,22.52,19.67
2001-03-24,3.63,20.56
2001-03-25,1.92,21.21
2001-03-26,0.02,22.83
2001-03-27,0.0,23.48
2001-03-28,0.01,24.2
2001-03-29,0.01,23.2
2001-03-30,0.04,22.91
2001-03-31,0.0,21.85
2001-04-01,0.73,22.0
2001-04-02,4.84,22.47
2001-04-03,1.94,20.79
2001-04-04,6.76,21.84
2001-04-05,0.58,20.67
2001-04-06,0.11,18.75
2001-04-07,1.9,16.14
2001-04-08,0.82,18.6
2001-04-09,3.45,20.26
2001-04-10,0.23,20.18
2001-04-11,0.91,21.04
2001-04-12,0.02,21.5
2001-04-13,0.02,21.68
2001-04-14,0.0,20.19
2001-04-15,1.42,20.31
2001-04-16,2.42,20.23
2001-04-17,11.16,19.87
2001-04-18,0.84,20.35
2001-04-19,0.85,20.54
2001-04-20,0.2,20.7
2001-04-21,0.0,19.98
2001-04-22,0.0,21.1
2001-04-23,0.01,20.64
2001-04-24,4.5,20.62
2001-04-25,0.39,21.68
2001-04-26,0.1,20.1
2001-04-27,10.52,18.77
2001-04-28,0.75,19.82
2001-04-29,0.92,19.72
2001-04-30,10.64,18.97
2001-05-01,11.13,17.11
2001-05-02,28.04,16.4
2001-05-03,5.07,16.32
2001-05-04,1.34,15.57
2001-05-05,4.68,15.02
2001-05-06,0.0,8.32
2001-05-07,0.0,11.6
2001-05-08,0.0,14.53
2001-05-09,0.0,16.47
2001-05-10,0.0,17.85
2001-05-11,0.0,15.63
2001-05-12,0.0,15.89
2001-05-13,0.0,15.06
2001-05-14,0.0,15.93
2001-05-15,0.0,16.0
2001-05-16,0.0,16.43
2001-05-17,0.0,16.28
2001-05-18,0.0,15.65
2001-05-19,0.0,14.67
2001-05-20,0.0,16.36
2001-05-21,0.0,16.9
2001-05-22,0.0,15.33
2001-05-23,0.0,16.68
2001-05-24,0.0,16.06
2001-05-25,0.0,15.78
2001-05-26,0.0,15.92
2001-05-27,0.0,16.87
2001-05-28,0.0,14.63
2001-05-29,0.0,14.46
2001-05-30,0.0,15.13
2001-05-31,0.0,15.59
2001-06-01,0.0,14.74
2001-06-02,0.0,16.2
2001-06-03,0.0,14.92
2001-06-04,0.0,17.58
2001-06-05,0.0,14.53
2001-06-06,0.0,12.79
2001-06-07,0.0,12.3
2001-06-08,0.0,13.51
2001-06-09,0.0,14.2
2001-06-10,0.0,14.63
2001-06-11,0.0,14.2
2001-06-12,0.0,13.67
2001-06-13,0.0,12.19
2001-06-14,0.0,12.35
2001-06-15,0.0,12.93
2001-06-16,0.0,12.47
2001-06-17,0.0,13.6
2001-06-18,0.0,13.75
2001-06-19,0.0,11.32
2001-06-20,0.0,9.94
2001-06-21,0.0,11.3
2001-06-22,0.0,13.09
2001-06-23,0.0,11.84
2001-06-24,2.28,10.42
2001-06-25,2.98,10.87
2001-06-26,2.63,11.63
2001-06-27,0.03,11.86
2001-06-28,0.0,11.7
2001-06-29,0.16,10.87
2001-06-30,0.0,7.77
2001-07-01,0.0,9.81
2001-07-02,0.0,10.77
2001-07-03,0.0,11.28
2001-07-04,0.0,11.89
2001-07-05,0.0,10.62
2001-07-06,0.02,10.54
2001-07-07,3.06,12.01
2001-07-08,5.91,12.02
2001-07-09,0.06,12.03
2001-07-10,0.01,13.06
2001-07-11,0.0,13.2
2001-07-12,0.0,11.47
2001-07-13,0.0,13.44
2001-07-14,0.0,12.44
2001-07-15,0.0,11.04
2001-07-16,0.0,10.87
2001-07-17,0.0,13.11
2001-07-18,0.0,12.34
2001-07-19,0.0,7.78
2001-07-20,0.0,7.71
2001-07-21,0.0,4.92
2001-07-22,0.0,7.8
2001-07-23,0.0,8.15
2001-07-24,0.0,6.06
2001-07-25,0.0,7.42
2001-07-26,0.0,9.44
2001-07-27,0.0,11.61
2001-07-28,0.0,13.55
2001-07-29,0.0,11.36
2001-07-30,0.0,11.21
2001-07-31,0.0,11.63
2001-08-01,0.0,11.95
2001-08-02,0.0,13.36
2001-08-03,0.0,14.81
2001-08-04,0.0,16.44
2001-08-05,0.0,15.11
2001-08-06,0.0,14.26
2001-08-07,0.0,14.17
2001-08-08,0.0,13.45
2001-08-09,0.0,13.58
2001-08-10,0.0,14.1
2001-08-11,0.0,11.85
2001-08-12,0.0,12.91
2001-08-13,0.0,15.59
2001-08-14,0.0,16.72
2001-08-15,0.0,16.1
2001-08-16,0.0,15.45
2001-08-17,0.0,15.27
2001-08-18,0.0,16.59
2001-08-19,0.0,18.3
2001-08-20,0.0,17.62
2001-08-21,0.0,19.79
2001-08-22,0.0,16.01
2001-08-23,0.0,20.07
2001-08-24,0.05,18.69
2001-08-25,0.0,17.95
2001-08-26,0.87,18.51
2001-08-27,1.33,19.1
2001-08-28,0.88,18.45
2001-08-29,1.15,19.35
2001-08-30,0.98,19.31
2001-08-31,0.99,14.03
2001-09-01,0.0,12.35
2001-09-02,0.0,15.08
2001-09-03,0.0,18.25
2001-09-04,0.01,19.64
2001-09-05,0.0,21.52
2001-09-06,0.0,17.39
2001-09-07,0.0,17.19
2001-09-08,0.0,18.39
2001-09-09,0.0,20.71
2001-09-10,0.0,23.52
2001-09-11,2.55,21.68
2001-09-12,0.56,17.29
2001-09-13,0.01,13.73
2001-09-14,0.38,12.59
2001-09-15,0.1,13.56
2001-09-16,0.01,16.6
2001-09-17,0.0,19.17
2001-09-18,0.02,20.71
2001-09-19,3.91,17.29
2001-09-20,18.28,14.35
2001-09-21,3.7,18.04
2001-09-22,0.0,17.97
2001-09-23,0.0,20.02
2001-09-24,0.0,22.34
2001-09-25,0.0,20.53
2001-09-26,0.0,20.44
2001-09-27,0.0,16.62
2001-09-28,0.0,16.38
2001-09-29,0.0,19.85
2001-09-30,0.0,21.22
2001-10-01,0.0,23.08
2001-10-02,0.0,22.68
2001-10-03,0.0,21.37
2001-10-04,0.0,21.29
2001-10-05,0.0,22.61
2001-10-06,0.0,22.01
2001-10-07,0.04,23.4
2001-10-08,0.49,23.08
2001-10-09,0.18,22.52
2001-10-10,0.0,23.8
2001-10-11,0.0,26.35
2001-10-12,0.0,26.28
2001-10-13,0.01,26.44
2001-10-14,0.85,23.96
2001-10-15,0.05,24.8
2001-10-16,0.23,25.62
2001-10-17,0.07,25.89
2001-10-18,0.09,23.38
2001-10-19,4.35,24.07
2001-10-20,21.66,20.3
2001-10-21,8.23,20.73
2001-10-22,2.49,22.59
2001-10-23,3.44,24.23
2001-10-24,0.13,24.52
2001-10-25,6.76,23.25
2001-10-26,5.03,22.32
2001-10-27,3.43,19.29
2001-10-28,3.93,21.68
2001-10-29,9.89,21.43
2001-10-30,3.15,22.24
2001-10-31,4.92,20.07
2001-11-01,0.03,20.73
2001-11-02,0.43,22.21
2001-11-03,0.0,23.02
2001-11-04,0.76,22.27
2001-11-05,0.04,24.53
2001-11-06,1.75,24.81
2001-11-07,1.74,23.75
2001-11-08,31.94,18.76
2001-11-09,4.18,18.76
2001-11-10,1.57,20.74
2001-11-11,1.71,22.72
2001-11-12,8.24,23.44
2001-11-13,19.28,20.25
2001-11-14,7.48,21.14
2001-11-15,12.78,21.34
2001-11-16,21.53,19.85
2001-11-17,5.45,18.3
2001-11-18,4.18,20.65
2001-11-19,3.33,21.23
2001-11-20,6.36,21.24
2001-11-21,2.12,22.4
2001-11-22,4.04,22.62
2001-11-23,1.83,23.03
2001-11-24,0.37,23.26
2001-11-25,5.25,23.49
2001-11-26,8.01,21.32
2001-11-27,3.11,21.83
2001-11-28,7.76,18.73
2001-11-29,12.01,18.96
2001-11-30,4.54,21.27
2001-12-01,3.31,21.96
2001-12-02,1.25,22.9
2001-12-03,0.01,22.44
2001-12-04,5.49,21.75
2001-12-05,7.4,22.11
2001-12-06,8.43,23.54
2001-12-07,2.61,22.8
2001-12-08,2.38,22.21
2001-12-09,4.22,22.95
2001-12-10,5.12,23.6
2001-12-11,0.84,23.3
2001-12-12,3.5,21.25
2001-12-13,6.67,19.38
2001-12-14,4.01,23.14
2001-12-15,1.37,23.5
2001-12-16,0.02,24.4
2001-12-17,0.46,26.45
2001-12-18,0.91,26.49
2001-12-19,1.55,26.4
2001-12-20,0.0,23.08
2001-12-21,0.01,22.89
2001-12-22,0.14,24.25
2001-12-23,10.33,23.97
2001-12-24,11.21,25.27
2001-12-25,8.95,24.64
2001-12-26,0.02,22.31
2001-12-27,0.75,22.28
2001-12-28,0.03,22.47
2001-12-29,0.66,23.15
2001-12-30,0.32,25.37
2001-12-31,2.32,25.5
2002-01-01,0.0,27.97
2002-01-02,0.02,28.12
2002-01-03,5.01,24.83
2002-01-04,4.23,24.19
2002-01-05,0.41,24.41
2002-01-06,0.0,24.97
2002-01-07,0.09,25.59
2002-01-08,2.32,25.73
2002-01-09,2.37,23.0
2002-01-10,0.0,24.65
2002-01-11,0.25,26.38
2002-01-12,2.56,27.23
2002-01-13,3.06,27.59
2002-01-14,1.59,25.68
2002-01-15,0.05,26.27
2002-01-16,0.11,26.44
2002-01-17,0.08,26.77
2002-01-18,0.0,25.25
2002-01-19,4.5,25.14
2002-01-20,2.66,24.83
2002-01-21,0.0,26.02
2002-01-22,2.04,26.7
2002-01-23,0.23,26.68
2002-01-24,0.44,26.42
2002-01-25,4.31,25.07
2002-01-26,1.93,23.71
2002-01-27,2.73,23.62
2002-01-28,7.24,23.05
2002-01-29,3.28,23.5
2002-01-30,4.96,24.9
2002-01-31,0.31,26.77
2002-02-01,0.02,26.54
2002-02-02,0.4,25.96
2002-02-03,0.28,27.26
2002-02-04,0.06,28.16
2002-02-05,0.01,29.16
2002-02-06,1.36,28.67
2002-02-07,5.91,25.73
2002-02-08,2.15,23.58
2002-02-09,0.12,24.78
2002-02-10,0.87,26.4
2002-02-11,0.06,28.0
2002-02-12,0.09,29.76
2002-02-13,7.16,26.74
2002-02-14,8.72,22.94
2002-02-15,2.25,24.7
2002-02-16,1.54,23.24
2002-02-17,5.79,21.7
2002-02-18,4.19,21.82
2002-02-19,0.1,22.12
2002-02-20,0.0,23.56
2002-02-21,0.02,25.37
2002-02-22,0.01,25.03
2002-02-23,0.0,25.12
2002-02-24,0.0,25.83
2002-02-25,0.02,26.51
2002-02-26,4.25,27.13
2002-02-27,11.47,24.15
2002-02-28,0.92,25.44
2002-03-01,0.25,25.66
2002-03-02,0.42,26.23
2002-03-03,0.95,27.12
2002-03-04,5.06,24.81
2002-03-05,4.9,22.75
2002-03-06,3.84,23.1
2002-03-07,0.42,24.4
2002-03-08,9.42,22.54
2002-03-09,1.0,23.06
2002-03-10,0.03,23.8
2002-03-11,0.06,24.13
2002-03-12,1.25,23.31
2002-03-13,1.68,22.13
2002-03-14,0.0,23.15
2002-03-15,0.03,23.09
2002-03-16,0.0,23.15
2002-03-17,0.0,23.07
2002-03-18,0.0,23.34
2002-03-19,0.0,26.45
2002-03-20,0.0,26.58
2002-03-21,0.1,26.11
2002-03-22,0.1,25.94
2002-03-23,0.0,25.54
2002-03-24,0.09,25.2
2002-03-25,0.05,24.01
2002-03-26,0.0,24.66
2002-03-27,0.0,24.67
2002-03-28,0.0,23.3
2002-03-29,0.0,23.6
2002-03-30,0.0,23.72
2002-03-31,0.0,23.68
2002-04-01,0.0,22.78
2002-04-02,0.0,22.8
2002-04-03,0.0,23.91
2002-04-04,0.0,21.98
2002-04-05,0.0,22.3
2002-04-06,0.0,23.59
2002-04-07,0.82,23.12
2002-04-08,1.38,23.73
2002-04-09,0.23,23.68
2002-04-10,0.28,21.34
2002-04-11,3.39,23.29
2002-04-12,8.7,20.82
2002-04-13,1.41,19.98
2002-04-14,0.16,20.32
2002-04-15,7.45,19.27
2002-04-16,0.68,19.2
2002-04-17,0.0,20.66
2002-04-18,0.0,21.62
2002-04-19,0.0,20.05
2002-04-20,0.0,18.35
2002-04-21,0.0,19.2
2002-04-22,0.0,19.0
2002-04-23,0.0,19.11
2002-04-24,0.22,19.09
2002-04-25,0.01,19.75
2002-04-26,0.0,21.02
2002-04-27,0.0,21.37
2002-04-28,0.0,21.58
2002-04-29,0.0,22.27
2002-04-30,0.0,21.87
2002-05-01,0.36,19.75
2002-05-02,0.0,20.76
2002-05-03,0.0,22.76
2002-05-04,0.08,21.24
2002-05-05,0.37,20.5
2002-05-06,0.17,16.13
2002-05-07,0.0,10.08
2002-05-08,0.0,11.5
2002-05-09,0.0,14.21
2002-05-10,0.0,15.21
2002-05-11,0.0,15.12
2002-05-12,0.0,17.85
2002-05-13,0.0,18.06
2002-05-14,0.0,18.18
2002-05-15,0.0,16.21
2002-05-16,0.0,16.22
2002-05-17,0.0,18.5
2002-05-18,0.0,16.72
2002-05-19,0.0,14.76
2002-05-20,0.0,15.1
2002-05-21,0.01,16.58
2002-05-22,7.59,17.12
2002-05-23,0.0,13.93
2002-05-24,0.0,13.42
2002-05-25,0.0,15.21
2002-05-26,0.0,16.3
2002-05-27,0.1,15.15
2002-05-28,0.38,15.78
2002-05-29,0.0,17.9
2002-05-30,0.13,17.82
2002-05-31,17.1,15.86
2002-06-01,9.36,12.61
2002-06-02,0.0,11.23
2002-06-03,0.0,10.6
2002-06-04,0.0,11.59
2002-06-05,0.0,10.89
2002-06-06,0.0,11.17
2002-06-07,0.0,12.17
2002-06-08,0.0,13.26
2002-06-09,0.0,13.66
2002-06-10,0.0,12.85
2002-06-11,0.0,11.95
2002-06-12,0.0,12.73
2002-06-13,0.64,12.06
2002-06-14,0.0,8.48
2002-06-15,0.0,9.92
2002-06-16,0.0,11.91
2002-06-17,0.0,11.85
2002-06-18,0.0,14.2
2002-06-19,0.0,14.61
2002-06-20,0.0,11.5
2002-06-21,0.01,11.87
2002-06-22,0.06,9.94
2002-06-23,0.0,12.47
2002-06-24,0.0,8.82
2002-06-25,0.0,8.49
2002-06-26,0.0,10.57
2002-06-27,0.0,12.38
2002-06-28,0.0,12.86
2002-06-29,0.0,10.78
2002-06-30,0.0,10.78
2002-07-01,0.0,8.77
2002-07-02,0.0,10.71
2002-07-03,0.0,12.82
2002-07-04,0.0,11.77
2002-07-05,0.0,12.37
2002-07-06,0.0,13.42
2002-07-07,0.0,14.29
2002-07-08,0.15,13.26
2002-07-09,0.0,13.11
2002-07-10,0.0,9.15
2002-07-11,0.0,10.12
2002-07-12,0.0,12.17
2002-07-13,0.0,11.63
2002-07-14,0.0,12.9
2002-07-15,0.0,13.81
2002-07-16,0.0,9.77
2002-07-17,0.0,8.05
2002-07-18,0.0,7.61
2002-07-19,0.0,7.75
2002-07-20,0.0,9.21
2002-07-21,0.0,9.4
2002-07-22,0.0,11.53
2002-07-23,0.0,14.01
2002-07-24,0.0,15.42
2002-07-25,0.0,12.93
2002-07-26,0.0,14.18
2002-07-27,0.0,15.05
2002-07-28,0.0,16.56
2002-07-29,0.0,17.97
2002-07-30,0.0,14.28
2002-07-31,0.0,12.55
2002-08-01,0.08,12.52
2002-08-02,0.0,15.14
2002-08-03,0.0,16.06
2002-08-04,2.26,14.87
2002-08-05,0.12,14.73
2002-08-06,0.0,16.33
2002-08-07,0.0,17.62
2002-08-08,0.0,15.94
2002-08-09,0.0,16.76
2002-08-10,0.0,15.3
2002-08-11,0.0,14.26
2002-08-12,0.0,14.64
2002-08-13,0.0,16.63
2002-08-14,0.36,17.71
2002-08-15,0.1,13.69
2002-08-16,1.92,15.67
2002-08-17,2.76,17.18
2002-08-18,1.68,16.35
2002-08-19,0.0,16.14
2002-08-20,0.0,17.31
2002-08-21,0.0,17.67
2002-08-22,0.0,19.35
2002-08-23,0.0,19.02
2002-08-24,0.0,18.54
2002-08-25,0.07,19.04
2002-08-26,0.36,20.24
2002-08-27,3.02,18.72
2002-08-28,5.47,17.23
2002-08-29,3.35,17.54
2002-08-30,4.77,17.48
2002-08-31,0.0,15.61
2002-09-01,0.0,16.84
2002-09-02,0.0,17.35
2002-09-03,0.0,18.31
2002-09-04,0.06,20.01
2002-09-05,0.16,19.97
2002-09-06,0.14,16.84
2002-09-07,0.02,17.81
2002-09-08,0.96,18.75
2002-09-09,0.24,17.4
2002-09-10,0.04,11.05
2002-09-11,0.0,11.67
2002-09-12,0.0,14.29
2002-09-13,0.0,15.25
2002-09-14,0.0,14.76
2002-09-15,0.0,15.24
2002-09-16,0.0,17.36
2002-09-17,0.0,17.91
2002-09-18,0.0,20.26
2002-09-19,0.0,20.37
2002-09-20,0.0,20.07
2002-09-21,0.0,19.88
2002-09-22,0.0,22.4
2002-09-23,0.0,21.6
2002-09-24,0.0,22.86
2002-09-25,0.81,24.26
2002-09-26,3.69,23.27
2002-09-27,22.19,17.26
2002-09-28,0.09,20.54
2002-09-29,0.05,21.8
2002-09-30,0.0,20.77
2002-10-01,0.0,19.94
2002-10-02,0.0,19.43
2002-10-03,0.51,18.85
2002-10-04,0.04,18.44
2002-10-05,0.24,20.65
2002-10-06,1.14,20.68
2002-10-07,2.67,21.07
2002-10-08,2.93,20.87
2002-10-09,0.0,19.21
2002-10-10,0.0,19.01
2002-10-11,0.0,21.39
2002-10-12,0.0,22.26
2002-10-13,0.0,21.05
2002-10-14,0.0,21.77
2002-10-15,0.0,23.82
2002-10-16,0.0,24.22
2002-10-17,0.0,27.15
2002-10-18,0.0,27.07
2002-10-19,0.0,27.35
2002-10-20,0.03,24.34
2002-10-21,0.0,24.47
2002-10-22,4.74,25.17
2002-10-23,0.05,25.16
2002-10-24,0.0,25.76
2002-10-25,0.31,24.66
2002-10-26,4.78,25.53
2002-10-27,0.52,25.56
2002-10-28,1.03,23.93
2002-10-29,2.47,22.68
2002-10-30,30.07,18.82
2002-10-31,1.58,18.53
2002-11-01,0.55,20.04
2002-11-02,1.94,20.85
2002-11-03,1.05,23.55
2002-11-04,0.0,22.56
2002-11-05,0.03,19.44
2002-11-06,0.31,17.29
2002-11-07,0.0,16.98
2002-11-08,0.0,19.17
2002-11-09,0.0,22.75
2002-11-10,0.42,23.36
2002-11-11,4.39,19.94
2002-11-12,0.07,20.74
2002-11-13,0.04,23.56
2002-11-14,0.0,22.63
2002-11-15,0.0,22.45
2002-11-16,0.0,25.06
2002-11-17,0.0,26.94
2002-11-18,0.1,25.75
2002-11-19,1.24,26.51
2002-11-20,0.0,26.45
2002-11-21,0.09,27.68
2002-11-22,0.65,26.99
2002-11-23,1.24,25.54
2002-11-24,0.0,24.59
2002-11-25,0.0,23.65
2002-11-26,0.0,23.81
2002-11-27,0.0,24.12
2002-11-28,0.05,25.33
2002-11-29,0.2,27.91
2002-11-30,0.02,27.92
2002-12-01,0.06,28.46
2002-12-02,0.08,29.32
2002-12-03,5.96,26.27
2002-12-04,11.07,25.21
2002-12-05,12.1,22.19
2002-12-06,8.05,21.32
2002-12-07,6.3,21.35
2002-12-08,0.9,23.32
2002-12-09,1.44,24.56
2002-12-10,12.24,22.32
2002-12-11,4.01,21.01
2002-12-12,7.11,22.35
2002-12-13,0.48,24.41
2002-12-14,0.0,24.99
2002-12-15,0.2,27.13
2002-12-16,10.73,26.4
2002-12-17,8.76,25.08
2002-12-18,1.21,26.39
2002-12-19,5.31,24.05
2002-12-20,3.45,23.57
2002-12-21,2.77,23.7
2002-12-22,0.44,25.13
2002-12-23,0.96,25.67
2002-12-24,0.24,26.01
2002-12-25,1.43,25.06
2002-12-26,1.8,26.72
2002-12-27,1.98,26.1
2002-12-28,16.12,20.3
2002-12-29,0.29,22.71
2002-12-30,0.55,24.07
2002-12-31,1.71,24.9
2003-01-01,0.05,24.62
2003-01-02,0.0,23.94
2003-01-03,0.0,25.44
2003-01-04,0.04,27.16
2003-01-05,16.01,24.33
2003-01-06,1.77,23.89
2003-01-07,0.34,25.48
2003-01-08,1.62,25.09
2003-01-09,2.66,24.4
2003-01-10,4.96,22.06
2003-01-11,0.12,21.69
2003-01-12,0.01,24.52
2003-01-13,0.08,27.62
2003-01-14,0.0,28.26
2003-01-15,0.03,27.05
2003-01-16,4.64,29.1
2003-01-17,4.42,27.77
2003-01-18,0.84,27.35
2003-01-19,0.15,27.89
2003-01-20,0.62,28.09
2003-01-21,2.73,28.76
2003-01-22,1.46,26.49
2003-01-23,0.66,26.52
2003-01-24,23.71,24.81
2003-01-25,2.59,25.67
2003-01-26,0.04,26.94
2003-01-27,3.47,25.1
2003-01-28,0.91,24.87
2003-01-29,0.01,27.72
2003-01-30,0.02,28.73
2003-01-31,0.31,28.09
2003-02-01,20.6,23.98
2003-02-02,5.44,26.42
2003-02-03,1.31,27.4
2003-02-04,0.61,27.32
2003-02-05,0.11,27.0
2003-02-06,8.94,26.62
2003-02-07,5.65,25.75
2003-02-08,1.03,26.38
2003-02-09,12.6,24.75
2003-02-10,2.08,23.9
2003-02-11,0.58,24.35
2003-02-12,0.01,26.77
2003-02-13,0.46,27.1
2003-02-14,0.27,26.18
2003-02-15,0.71,26.62
2003-02-16,6.44,26.44
2003-02-17,10.26,21.98
2003-02-18,6.48,20.5
2003-02-19,29.46,21.29
2003-02-20,13.76,20.56
2003-02-21,1.32,23.2
2003-02-22,0.48,23.29
2003-02-23,0.32,24.42
2003-02-24,0.03,25.72
2003-02-25,2.31,23.94
2003-02-26,0.74,22.96
2003-02-27,1.26,24.28
2003-02-28,0.46,26.75
2003-03-01,0.73,25.41
2003-03-02,0.6,25.08
2003-03-03,0.0,25.37
2003-03-04,0.0,24.0
2003-03-05,0.5,24.68
2003-03-06,0.25,25.67
2003-03-07,0.02,24.2
2003-03-08,1.24,24.07
2003-03-09,0.49,24.9
2003-03-10,0.02,26.67
2003-03-11,0.0,24.13
2003-03-12,0.0,22.99
2003-03-13,0.0,24.3
2003-03-14,0.0,26.6
2003-03-15,0.0,26.26
2003-03-16,0.0,26.52
2003-03-17,0.05,25.34
2003-03-18,9.77,24.83
2003-03-19,19.38,24.05
2003-03-20,38.35,20.21
2003-03-21,14.65,20.03
2003-03-22,2.25,21.58
2003-03-23,10.91,21.02
2003-03-24,0.03,15.3
2003-03-25,0.0,14.79
2003-03-26,0.0,17.35
2003-03-27,0.0,19.47
2003-03-28,0.0,20.91
2003-03-29,0.0,21.0
2003-03-30,0.0,21.66
2003-03-31,0.0,22.43
2003-04-01,0.01,22.08
2003-04-02,2.79,21.82
2003-04-03,0.0,23.2
2003-04-04,0.0,22.53
2003-04-05,0.0,22.13
2003-04-06,0.01,23.32
2003-04-07,0.0,23.04
2003-04-08,0.0,22.51
2003-04-09,0.0,23.96
2003-04-10,0.2,23.43
2003-04-11,2.65,21.61
2003-04-12,0.15,22.75
2003-04-13,1.6,21.06
2003-04-14,0.18,20.84
2003-04-15,0.0,19.23
2003-04-16,0.21,20.81
2003-04-17,0.0,18.68
2003-04-18,0.03,18.1
2003-04-19,0.0,20.21
2003-04-20,0.0,20.78
2003-04-21,0.0,21.05
2003-04-22,0.0,21.1
2003-04-23,0.51,21.51
2003-04-24,0.0,21.17
2003-04-25,0.0,21.09
2003-04-26,0.0,20.41
2003-04-27,0.0,20.84
2003-04-28,0.0,20.58
2003-04-29,0.0,19.72
2003-04-30,0.0,21.02
2003-05-01,0.0,19.64
2003-05-02,0.0,18.88
2003-05-03,0.0,18.44
2003-05-04,0.0,18.56
2003-05-05,0.0,15.14
2003-05-06,0.0,15.85
2003-05-07,0.0,17.2
2003-05-08,0.0,18.98
2003-05-09,0.0,19.08
2003-05-10,0.01,19.01
2003-05-11,0.02,15.95
2003-05-12,0.0,10.22
2003-05-13,0.0,14.87
2003-05-14,0.0,15.02
2003-05-15,0.0,15.54
2003-05-16,0.0,15.72
2003-05-17,0.0,16.47
2003-05-18,0.0,16.71
2003-05-19,0.11,16.06
2003-05-20,0.57,16.21
2003-05-21,0.0,14.88
2003-05-22,0.0,16.02
2003-05-23,0.0,17.67
2003-05-24,0.0,18.6
2003-05-25,0.0,17.8
2003-05-26,0.0,16.8
2003-05-27,0.0,11.46
2003-05-28,0.0,13.01
2003-05-29,0.0,15.01
2003-05-30,0.0,15.29
2003-05-31,0.0,15.54
2003-06-01,0.0,15.5
2003-06-02,0.0,15.33
2003-06-03,0.45,16.79
2003-06-04,48.21,13.97
2003-06-05,0.31,13.07
2003-06-06,3.68,13.2
2003-06-07,0.87,12.87
2003-06-08,0.53,13.97
2003-06-09,0.12,14.03
2003-06-10,0.29,9.81
2003-06-11,0.0,10.87
2003-06-12,0.23,10.96
2003-06-13,0.0,12.95
2003-06-14,0.0,12.41
2003-06-15,0.0,12.59
2003-06-16,0.0,11.42
2003-06-17,0.0,13.32
2003-06-18,0.0,11.3
2003-06-19,0.0,12.15
2003-06-20,0.0,12.81
2003-06-21,0.0,13.09
2003-06-22,0.0,13.3
2003-06-23,0.09,13.03
2003-06-24,0.0,11.73
2003-06-25,0.0,10.84
2003-06-26,0.0,10.44
2003-06-27,0.0,11.21
2003-06-28,0.0,9.98
2003-06-29,0.0,10.77
2003-06-30,0.0,10.99
2003-07-01,0.0,9.39
2003-07-02,0.0,9.4
2003-07-03,0.0,10.33
2003-07-04,0.0,11.48
2003-07-05,0.0,9.88
2003-07-06,0.0,9.55
2003-07-07,0.0,8.21
2003-07-08,0.0,8.95
2003-07-09,0.0,8.38
2003-07-10,0.0,9.72
2003-07-11,0.0,12.66
2003-07-12,0.0,11.04
2003-07-13,0.0,11.41
2003-07-14,0.0,11.8
2003-07-15,0.0,11.55
2003-07-16,0.0,12.49
2003-07-17,0.0,13.38
2003-07-18,0.0,14.15
2003-07-19,0.0,13.71
2003-07-20,0.0,14.41
2003-07-21,0.0,11.94
2003-07-22,0.0,12.21
2003-07-23,0.0,13.72
2003-07-24,0.0,12.08
2003-07-25,0.0,14.19
2003-07-26,0.0,16.35
2003-07-27,0.0,15.55
2003-07-28,0.0,15.79
2003-07-29,0.0,15.44
2003-07-30,0.0,13.43
2003-07-31,0.0,13.58
2003-08-01,0.0,12.56
2003-08-02,0.0,14.36
2003-08-03,0.0,13.39
2003-08-04,0.0,14.17
2003-08-05,0.0,15.87
2003-08-06,1.07,12.38
2003-08-07,0.0,12.66
2003-08-08,0.0,12.98
2003-08-09,0.0,14.28
2003-08-10,0.0,15.76
2003-08-11,1.17,16.38
2003-08-12,0.0,11.6
2003-08-13,0.0,13.15
2003-08-14,0.0,10.38
2003-08-15,0.0,12.53
2003-08-16,0.0,14.13
2003-08-17,0.0,15.37
2003-08-18,0.0,16.8
2003-08-19,0.0,14.18
2003-08-20,0.0,7.14
2003-08-21,0.0,7.41
2003-08-22,0.0,11.02
2003-08-23,0.0,13.81
2003-08-24,0.0,16.17
2003-08-25,0.0,12.02
2003-08-26,0.0,10.35
2003-08-27,0.0,12.42
2003-08-28,0.0,16.77
2003-08-29,0.0,20.0
2003-08-30,0.0,17.67
2003-08-31,0.0,18.21
2003-09-01,0.0,19.6
2003-09-02,0.0,19.76
2003-09-03,0.0,18.78
2003-09-04,0.0,19.76
2003-09-05,0.01,17.71
2003-09-06,0.0,15.57
2003-09-07,0.0,16.68
2003-09-08,0.0,18.96
2003-09-09,0.0,21.04
2003-09-10,0.0,16.19
2003-09-11,0.0,18.27
2003-09-12,0.4,21.0
2003-09-13,1.26,22.13
2003-09-14,0.23,18.16
2003-09-15,0.2,15.96
2003-09-16,0.0,17.87
2003-09-17,0.0,19.31
2003-09-18,0.06,21.0
2003-09-19,0.01,22.48
2003-09-20,0.01,23.59
2003-09-21,0.0,19.12
2003-09-22,0.0,17.53
2003-09-23,0.0,17.97
2003-09-24,0.0,20.65
2003-09-25,0.0,23.4
2003-09-26,0.0,24.24
2003-09-27,0.0,24.03
2003-09-28,0.0,23.71
2003-09-29,0.0,24.28
2003-09-30,0.0,23.53
2003-10-01,0.0,25.21
2003-10-02,0.0,26.47
2003-10-03,0.0,27.63
2003-10-04,0.0,27.15
2003-10-05,0.0,26.36
2003-10-06,0.0,25.94
2003-10-07,0.0,24.82
2003-10-08,0.0,24.84
2003-10-09,0.05,25.69
2003-10-10,0.25,27.6
2003-10-11,0.0,27.35
2003-10-12,0.0,25.77
2003-10-13,0.0,26.7
2003-10-14,0.0,25.56
2003-10-15,0.0,24.55
2003-10-16,0.0,26.19
2003-10-17,0.0,20.95
2003-10-18,0.33,16.97
2003-10-19,17.58,12.09
2003-10-20,20.82,12.14
2003-10-21,6.49,15.36
2003-10-22,0.23,18.11
2003-10-23,0.0,21.27
2003-10-24,0.02,22.87
2003-10-25,0.18,24.0
2003-10-26,0.0,23.67
2003-10-27,3.38,22.5
2003-10-28,1.37,22.33
2003-10-29,0.12,23.24
2003-10-30,0.09,24.33
2003-10-31,1.33,24.6
2003-11-01,0.09,26.56
2003-11-02,1.0,24.85
2003-11-03,3.22,23.89
2003-11-04,1.2,24.65
2003-11-05,0.56,21.55
2003-11-06,0.0,21.99
2003-11-07,0.25,22.25
2003-11-08,0.0,24.67
2003-11-09,0.0,27.12
2003-11-10,0.28,28.61
2003-11-11,2.56,27.34
2003-11-12,16.62,23.0
2003-11-13,3.65,21.3
2003-11-14,5.97,20.65
2003-11-15,1.21,24.09
2003-11-16,0.05,24.46
2003-11-17,6.4,24.55
2003-11-18,3.16,26.09
2003-11-19,2.32,26.04
2003-11-20,3.38,23.1
2003-11-21,1.17,24.2
2003-11-22,0.1,26.25
2003-11-23,4.38,24.46
2003-11-24,1.4,24.36
2003-11-25,0.32,26.7
2003-11-26,0.73,27.84
2003-11-27,3.14,23.32
2003-11-28,1.8,24.82
2003-11-29,0.12,23.78
2003-11-30,0.39,21.74
2003-12-01,0.0,24.2
2003-12-02,0.0,24.69
2003-12-03,0.04,25.75
2003-12-04,0.46,26.34
2003-12-05,3.19,25.55
2003-12-06,0.0,26.45
2003-12-07,0.02,27.84
2003-12-08,0.02,28.32
2003-12-09,0.0,29.53
2003-12-10,0.0,28.17
2003-12-11,0.2,28.67
2003-12-12,0.02,28.72
2003-12-13,0.02,28.95
2003-12-14,0.0,28.67
2003-12-15,0.0,29.4
2003-12-16,0.21,28.84
2003-12-17,8.15,28.61
2003-12-18,1.39,28.85
2003-12-19,0.95,29.15
2003-12-20,0.78,29.65
2003-12-21,0.2,29.33
2003-12-22,12.42,27.3
2003-12-23,5.45,22.92
2003-12-24,0.17,24.72
2003-12-25,3.57,23.96
2003-12-26,0.53,25.56
2003-12-27,1.86,23.56
2003-12-28,1.73,22.77
2003-12-29,0.06,24.91
2003-12-30,0.71,26.15
2003-12-31,1.08,27.86
2004-01-01,0.31,27.99
2004-01-02,1.6,27.59
2004-01-03,4.68,25.21
2004-01-04,4.97,23.53
2004-01-05,0.45,24.97
2004-01-06,0.0,25.34
2004-01-07,0.01,26.78
2004-01-08,0.57,27.03
2004-01-09,2.95,26.59
2004-01-10,0.24,27.96
2004-01-11,1.31,28.36
2004-01-12,0.1,27.95
2004-01-13,0.03,28.78
2004-01-14,0.04,29.73
2004-01-15,1.03,28.56
2004-01-16,0.42,26.59
2004-01-17,22.91,21.02
2004-01-18,6.56,20.24
2004-01-19,12.71,19.58
2004-01-20,10.07,20.53
2004-01-21,3.16,21.8
2004-01-22,10.83,21.14
2004-01-23,1.28,23.25
2004-01-24,0.09,24.96
2004-01-25,0.0,26.72
2004-01-26,1.06,27.8
2004-01-27,1.31,27.44
2004-01-28,1.76,28.08
2004-01-29,9.21,25.14
2004-01-30,4.93,24.13
2004-01-31,0.84,24.97
2004-02-01,0.04,27.52
2004-02-02,1.83,27.59
2004-02-03,0.78,26.57
2004-02-04,0.04,27.06
2004-02-05,0.03,25.76
2004-02-06,5.39,25.22
2004-02-07,0.95,25.18
2004-02-08,10.67,23.01
2004-02-09,3.06,21.98
2004-02-10,2.88,22.67
2004-02-11,0.52,23.79
2004-02-12,1.44,25.01
2004-02-13,7.88,24.29
2004-02-14,10.75,23.33
2004-02-15,2.03,23.79
2004-02-16,2.28,23.98
2004-02-17,1.09,24.19
2004-02-18,2.67,23.98
2004-02-19,0.57,23.05
2004-02-20,1.48,23.46
2004-02-21,0.54,24.02
2004-02-22,2.34,23.45
2004-02-23,6.04,21.52
2004-02-24,34.04,21.52
2004-02-25,12.32,22.29
2004-02-26,14.12,20.81
2004-02-27,8.01,21.39
2004-02-28,0.88,23.74
2004-02-29,1.28,24.52
2004-03-01,1.03,24.1
2004-03-02,1.52,23.61
2004-03-03,4.42,23.08
2004-03-04,2.49,22.9
2004-03-05,17.58,22.01
2004-03-06,8.45,18.11
2004-03-07,3.0,19.1
2004-03-08,0.3,21.64
2004-03-09,0.93,23.8
2004-03-10,7.11,24.11
2004-03-11,3.91,24.59
2004-03-12,4.69,22.75
2004-03-13,8.45,19.63
2004-03-14,2.21,18.18
2004-03-15,0.91,18.79
2004-03-16,0.62,20.31
2004-03-17,0.94,21.97
2004-03-18,2.07,21.82
2004-03-19,3.25,21.34
2004-03-20,0.56,22.1
2004-03-21,1.34,22.2
2004-03-22,2.8,21.96
2004-03-23,4.42,22.26
2004-03-24,13.92,21.63
2004-03-25,0.03,21.71
2004-03-26,0.0,20.1
2004-03-27,0.56,20.94
2004-03-28,0.38,21.03
2004-03-29,0.44,21.54
2004-03-30,2.93,21.59
2004-03-31,3.82,21.07
2004-04-01,6.68,20.92
2004-04-02,0.22,18.37
2004-04-03,0.69,19.99
2004-04-04,0.62,20.63
2004-04-05,1.54,21.53
2004-04-06,12.13,21.9
2004-04-07,2.64,21.29
2004-04-08,0.94,21.41
2004-04-09,0.01,21.95
2004-04-10,0.0,17.98
2004-04-11,0.0,16.84
2004-04-12,0.0,18.33
2004-04-13,0.0,17.21
2004-04-14,0.22,17.78
2004-04-15,0.0,19.52
2004-04-16,0.0,19.52
2004-04-17,0.0,17.21
2004-04-18,0.0,18.21
2004-04-19,2.46,20.41
2004-04-20,10.97,20.22
2004-04-21,0.12,19.24
2004-04-22,0.0,17.67
2004-04-23,0.0,18.09
2004-04-24,0.27,18.59
2004-04-25,0.03,20.23
2004-04-26,0.0,19.54
2004-04-27,0.0,18.35
2004-04-28,0.0,18.61
2004-04-29,0.0,17.65
2004-04-30,0.0,18.8
2004-05-01,0.0,20.35
2004-05-02,0.0,19.65
2004-05-03,0.0,17.88
2004-05-04,0.0,18.43
2004-05-05,0.0,18.6
2004-05-06,0.0,17.54
2004-05-07,0.0,16.2
2004-05-08,0.0,18.08
2004-05-09,0.0,17.61
2004-05-10,0.0,17.39
2004-05-11,0.0,17.3
2004-05-12,0.0,17.09
2004-05-13,0.0,17.25
2004-05-14,0.0,18.5
2004-05-15,0.0,17.75
2004-05-16,0.0,18.13
2004-05-17,2.31,16.73
2004-05-18,0.0,16.89
2004-05-19,0.09,17.66
2004-05-20,0.01,17.49
2004-05-21,0.0,16.96
2004-05-22,0.0,16.89
2004-05-23,0.0,17.1
2004-05-24,0.0,16.57
2004-05-25,0.0,15.48
2004-05-26,0.0,15.04
2004-05-27,0.0,13.59
2004-05-28,0.0,14.41
2004-05-29,0.0,14.4
2004-05-30,0.0,11.98
2004-05-31,0.0,12.98
2004-06-01,0.0,13.74
2004-06-02,0.0,11.4
2004-06-03,0.0,11.43
2004-06-04,0.0,10.28
2004-06-05,0.0,11.21
2004-06-06,0.0,12.09
2004-06-07,0.0,13.05
2004-06-08,0.0,9.28
2004-06-09,0.0,7.81
2004-06-10,0.0,8.25
2004-06-11,0.0,9.73
2004-06-12,0.0,11.4
2004-06-13,0.0,14.21
2004-06-14,0.0,14.33
2004-06-15,0.0,12.09
2004-06-16,0.0,13.3
2004-06-17,0.0,13.21
2004-06-18,0.0,12.52
2004-06-19,0.0,13.54
2004-06-20,0.0,12.67
2004-06-21,0.14,12.43
2004-06-22,0.0,13.6
2004-06-23,0.0,14.03
2004-06-24,0.0,13.22
2004-06-25,0.0,11.35
2004-06-26,0.0,12.33
2004-06-27,0.0,14.76
2004-06-28,0.43,15.21
2004-06-29,0.74,15.8
2004-06-30,0.5,16.25
2004-07-01,0.05,17.13
2004-07-02,0.15,17.31
2004-07-03,0.01,15.35
2004-07-04,0.0,13.4
2004-07-05,1.55,12.14
2004-07-06,0.0,11.88
2004-07-07,0.0,8.97
2004-07-08,0.0,9.19
2004-07-09,0.0,10.44
2004-07-10,0.0,11.64
2004-07-11,0.0,11.64
2004-07-12,0.0,11.62
2004-07-13,0.0,9.51
2004-07-14,0.0,7.03
2004-07-15,0.0,7.9
2004-07-16,0.0,10.84
2004-07-17,0.0,13.51
2004-07-18,0.0,12.52
2004-07-19,0.0,11.22
2004-07-20,0.0,11.88
2004-07-21,0.0,13.67
2004-07-22,0.0,13.23
2004-07-23,0.0,15.14
2004-07-24,0.0,14.49
2004-07-25,0.0,15.68
2004-07-26,0.0,10.58
2004-07-27,0.0,8.72
2004-07-28,0.0,8.56
2004-07-29,0.0,10.19
2004-07-30,0.0,13.72
2004-07-31,0.0,9.84
2004-08-01,0.0,9.61
2004-08-02,0.0,13.11
2004-08-03,0.0,15.86
2004-08-04,0.0,16.74
2004-08-05,0.0,17.36
2004-08-06,0.0,17.67
2004-08-07,0.0,17.72
2004-08-08,0.0,17.19
2004-08-09,0.0,16.57
2004-08-10,0.0,17.29
2004-08-11,0.0,13.51
2004-08-12,0.0,13.65
2004-08-13,0.0,16.94
2004-08-14,0.0,17.9
2004-08-15,0.0,17.23
2004-08-16,0.0,13.69
2004-08-17,0.0,13.74
2004-08-18,0.0,15.79
2004-08-19,0.0,17.2
2004-08-20,0.0,17.69
2004-08-21,0.0,18.21
2004-08-22,0.0,19.76
2004-08-23,0.0,20.77
2004-08-24,0.0,20.99
2004-08-25,0.04,21.11
2004-08-26,0.02,19.08
2004-08-27,0.0,17.52
2004-08-28,0.0,17.27
2004-08-29,0.0,17.79
2004-08-30,0.0,17.97
2004-08-31,0.0,19.25
2004-09-01,0.0,21.17
2004-09-02,0.0,17.62
2004-09-03,0.0,14.99
2004-09-04,0.0,15.52
2004-09-05,0.0,18.01
2004-09-06,0.0,15.88
2004-09-07,0.0,13.01
2004-09-08,0.0,16.26
2004-09-09,0.0,17.3
2004-09-10,0.0,17.07
2004-09-11,0.0,18.93
2004-09-12,0.0,21.23
2004-09-13,0.0,21.33
2004-09-14,0.0,19.82
2004-09-15,0.0,19.46
2004-09-16,0.0,21.59
2004-09-17,0.0,23.64
2004-09-18,0.0,22.28
2004-09-19,0.0,15.49
2004-09-20,0.0,15.71
2004-09-21,0.0,16.94
2004-09-22,0.0,19.13
2004-09-23,2.59,22.44
2004-09-24,0.02,22.93
2004-09-25,2.92,19.29
2004-09-26,0.0,15.94
2004-09-27,0.0,18.11
2004-09-28,0.0,18.32
2004-09-29,0.0,19.77
2004-09-30,0.0,20.54
2004-10-01,0.0,22.09
2004-10-02,0.0,22.48
2004-10-03,0.0,23.06
2004-10-04,0.0,24.83
2004-10-05,0.0,25.45
2004-10-06,0.0,25.98
2004-10-07,0.0,22.38
2004-10-08,0.0,17.04
2004-10-09,0.0,17.49
2004-10-10,0.23,20.56
2004-10-11,29.05,19.86
2004-10-12,2.64,16.89
2004-10-13,0.74,16.95
2004-10-14,0.04,20.16
2004-10-15,0.0,21.55
2004-10-16,0.0,22.66
2004-10-17,0.0,24.66
2004-10-18,0.03,25.43
2004-10-19,1.32,24.06
2004-10-20,0.0,24.34
2004-10-21,0.06,24.81
2004-10-22,0.06,25.78
2004-10-23,0.06,25.67
2004-10-24,0.02,27.02
2004-10-25,0.69,26.08
2004-10-26,0.31,26.09
2004-10-27,36.12,20.99
2004-10-28,0.31,21.7
2004-10-29,0.0,24.18
2004-10-30,0.0,21.94
2004-10-31,0.0,19.44
2004-11-01,0.0,20.56
2004-11-02,0.0,22.32
2004-11-03,0.0,23.65
2004-11-04,0.03,22.94
2004-11-05,0.0,24.32
2004-11-06,0.02,25.24
2004-11-07,0.18,24.59
2004-11-08,0.52,24.97
2004-11-09,2.45,26.15
2004-11-10,0.01,28.17
2004-11-11,1.55,28.05
2004-11-12,1.02,27.22
2004-11-13,1.13,25.48
2004-11-14,0.52,25.44
2004-11-15,3.56,24.88
2004-11-16,0.02,25.8
2004-11-17,0.0,26.42
2004-11-18,0.61,27.99
2004-11-19,0.45,27.82
2004-11-20,0.17,28.77
2004-11-21,0.69,28.13
2004-11-22,0.02,25.83
2004-11-23,0.0,24.58
2004-11-24,0.0,24.48
2004-11-25,0.01,26.73
2004-11-26,0.16,28.82
2004-11-27,0.94,29.5
2004-11-28,3.55,27.69
2004-11-29,4.53,25.9
2004-11-30,2.63,26.29
2004-12-01,3.6,26.11
2004-12-02,2.95,22.1
2004-12-03,6.3,24.97
2004-12-04,5.45,24.64
2004-12-05,3.26,25.37
2004-12-06,14.08,24.87
2004-12-07,8.92,24.31
2004-12-08,2.75,24.46
2004-12-09,6.22,22.9
2004-12-10,0.88,24.07
2004-12-11,0.69,25.98
2004-12-12,1.66,24.24
2004-12-13,0.44,24.97
2004-12-14,0.38,27.15
2004-12-15,1.84,26.46
2004-12-16,3.07,25.29
2004-12-17,10.22,24.12
2004-12-18,2.61,26.36
2004-12-19,14.71,25.36
2004-12-20,3.86,22.92
2004-12-21,2.46,24.19
2004-12-22,0.26,25.48
2004-12-23,13.09,24.77
2004-12-24,14.11,22.65
2004-12-25,3.21,24.71
2004-12-26,0.37,26.86
2004-12-27,1.39,27.69
2004-12-28,7.28,26.75
2004-12-29,2.66,25.57
2004-12-30,0.13,27.38
2004-12-31,1.76,29.81
2005-01-01,1.42,28.29
2005-01-02,1.3,27.92
2005-01-03,1.95,28.45
2005-01-04,0.04,28.4
2005-01-05,0.45,28.42
2005-01-06,0.06,28.93
2005-01-07,4.78,29.42
2005-01-08,3.73,27.35
2005-01-09,2.6,27.23
2005-01-10,2.23,25.06
2005-01-11,0.66,26.19
2005-01-12,1.78,26.64
2005-01-13,6.08,26.38
2005-01-14,4.67,25.92
2005-01-15,1.04,25.65
2005-01-16,21.32,22.67
2005-01-17,5.99,22.56
2005-01-18,7.17,23.84
2005-01-19,5.52,23.37
2005-01-20,7.61,21.27
2005-01-21,13.84,20.67
2005-01-22,7.31,23.95
2005-01-23,4.45,26.2
2005-01-24,0.63,25.16
2005-01-25,0.0,25.53
2005-01-26,0.0,27.5
2005-01-27,1.86,25.53
2005-01-28,1.79,27.07
2005-01-29,1.61,27.22
2005-01-30,2.68,25.3
2005-01-31,0.78,25.03
2005-02-01,0.43,26.2
2005-02-02,0.53,26.69
2005-02-03,0.03,26.26
2005-02-04,0.0,27.27
2005-02-05,0.39,26.86
2005-02-06,0.48,25.35
2005-02-07,0.0,25.09
2005-02-08,0.09,26.4
2005-02-09,0.41,27.36
2005-02-10,1.48,27.23
2005-02-11,0.32,28.43
2005-02-12,2.16,24.53
2005-02-13,0.31,22.94
2005-02-14,0.13,25.52
2005-02-15,6.64,25.34
2005-02-16,6.6,24.15
2005-02-17,1.04,24.78
2005-02-18,0.16,26.62
2005-02-19,8.41,24.2
2005-02-20,6.44,22.3
2005-02-21,7.23,23.45
2005-02-22,3.19,24.57
2005-02-23,0.08,25.19
2005-02-24,1.53,25.16
2005-02-25,2.09,25.64
2005-02-26,1.54,25.97
2005-02-27,1.53,25.4
2005-02-28,1.44,25.36
2005-03-01,0.17,25.22
2005-03-02,0.09,25.52
2005-03-03,1.33,24.69
2005-03-04,0.7,23.51
2005-03-05,0.34,24.07
2005-03-06,0.44,24.23
2005-03-07,0.01,24.48
2005-03-08,0.69,25.31
2005-03-09,0.11,26.67
2005-03-10,1.66,27.08
2005-03-11,0.11,24.24
2005-03-12,0.19,22.9
2005-03-13,0.78,23.05
2005-03-14,17.72,23.36
2005-03-15,4.73,22.65
2005-03-16,8.25,20.68
2005-03-17,0.83,21.54
2005-03-18,1.82,22.11
2005-03-19,0.93,21.9
2005-03-20,0.43,22.25
2005-03-21,1.35,20.7
2005-03-22,9.53,20.02
2005-03-23,9.39,19.37
2005-03-24,6.01,20.2
2005-03-25,0.32,21.32
2005-03-26,0.14,21.5
2005-03-27,2.97,22.16
2005-03-28,0.0,21.54
2005-03-29,0.03,22.57
2005-03-30,0.65,22.53
2005-03-31,0.0,22.91
2005-04-01,3.17,23.55
2005-04-02,0.48,22.8
2005-04-03,10.2,17.82
2005-04-04,4.58,19.18
2005-04-05,0.67,20.5
2005-04-06,1.24,19.91
2005-04-07,4.18,18.22
2005-04-08,3.23,18.44
2005-04-09,4.27,18.98
2005-04-10,0.17,19.84
2005-04-11,0.0,21.29
2005-04-12,0.0,21.55
2005-04-13,0.12,21.86
2005-04-14,2.02,21.46
2005-04-15,5.71,21.33
2005-04-16,1.04,20.83
2005-04-17,0.82,21.17
2005-04-18,0.01,22.6
2005-04-19,0.0,22.85
2005-04-20,0.0,19.35
2005-04-21,0.0,19.47
2005-04-22,2.91,19.19
2005-04-23,18.84,16.56
2005-04-24,2.83,18.36
2005-04-25,0.01,16.7
2005-04-26,0.0,16.14
2005-04-27,0.07,15.36
2005-04-28,0.02,16.1
2005-04-29,0.0,16.03
2005-04-30,0.0,17.46
2005-05-01,0.0,17.44
2005-05-02,0.0,17.4
2005-05-03,0.07,16.44
2005-05-04,0.1,17.68
2005-05-05,0.02,18.29
2005-05-06,0.62,19.14
2005-05-07,0.35,18.51
2005-05-08,0.0,18.45
2005-05-09,0.0,18.28
2005-05-10,0.0,18.2
2005-05-11,0.0,16.67
2005-05-12,0.0,15.56
2005-05-13,0.0,16.0
2005-05-14,0.01,16.4
2005-05-15,0.64,17.07
2005-05-16,0.0,15.75
2005-05-17,0.0,17.93
2005-05-18,0.0,19.09
2005-05-19,0.0,19.83
2005-05-20,0.0,17.29
2005-05-21,0.0,15.59
2005-05-22,0.0,15.51
2005-05-23,0.0,16.93
2005-05-24,0.0,16.82
2005-05-25,0.0,13.61
2005-05-26,0.0,13.71
2005-05-27,0.0,14.69
2005-05-28,0.0,16.45
2005-05-29,0.0,16.23
2005-05-30,0.0,13.48
2005-05-31,0.0,15.91
2005-06-01,0.0,17.09
2005-06-02,0.0,18.59
2005-06-03,0.0,20.7
2005-06-04,0.0,19.42
2005-06-05,0.0,16.68
2005-06-06,0.0,16.33
2005-06-07,0.0,16.04
2005-06-08,0.0,16.45
2005-06-09,0.0,15.26
2005-06-10,0.0,15.79
2005-06-11,0.0,14.83
2005-06-12,0.0,16.32
2005-06-13,0.0,14.08
2005-06-14,0.0,12.96
2005-06-15,0.0,14.0
2005-06-16,0.0,12.89
2005-06-17,0.0,14.24
2005-06-18,0.0,14.25
2005-06-19,0.0,15.61
2005-06-20,0.0,15.22
2005-06-21,0.0,14.89
2005-06-22,0.01,13.01
2005-06-23,0.0,12.47
2005-06-24,0.0,13.5
2005-06-25,0.0,15.31
2005-06-26,0.0,15.24
2005-06-27,0.0,15.82
2005-06-28,0.0,15.61
2005-06-29,0.0,13.52
2005-06-30,0.0,14.3
2005-07-01,0.0,16.19
2005-07-02,0.0,15.17
2005-07-03,0.0,13.31
2005-07-04,0.0,12.16
2005-07-05,0.0,12.39
2005-07-06,0.0,13.21
2005-07-07,0.0,11.55
2005-07-08,0.0,12.21
2005-07-09,0.0,11.37
2005-07-10,0.0,12.58
2005-07-11,0.0,12.87
2005-07-12,0.0,13.27
2005-07-13,0.0,14.11
2005-07-14,0.0,14.76
2005-07-15,0.0,15.05
2005-07-16,0.0,14.22
2005-07-17,0.0,13.29
2005-07-18,0.0,15.27
2005-07-19,0.0,15.33
2005-07-20,0.0,14.78
2005-07-21,0.0,13.5
2005-07-22,0.0,15.63
2005-07-23,0.0,14.48
2005-07-24,0.0,16.81
2005-07-25,0.0,17.56
2005-07-26,0.0,16.6
2005-07-27,0.0,16.29
2005-07-28,0.0,14.18
2005-07-29,0.0,14.57
2005-07-30,0.0,15.72
2005-07-31,0.0,16.38
2005-08-01,0.0,15.69
2005-08-02,0.0,14.8
2005-08-03,0.0,16.4
2005-08-04,0.0,14.86
2005-08-05,0.0,15.26
2005-08-06,0.0,16.84
2005-08-07,0.0,17.7
2005-08-08,0.0,18.1
2005-08-09,0.0,16.98
2005-08-10,0.0,15.85
2005-08-11,0.0,17.36
2005-08-12,0.0,18.28
2005-08-13,0.0,19.32
2005-08-14,0.0,19.57
2005-08-15,0.0,19.49
2005-08-16,0.02,18.54
2005-08-17,0.01,18.47
2005-08-18,0.0,14.75
2005-08-19,0.0,16.76
2005-08-20,0.0,20.28
2005-08-21,0.0,21.02
2005-08-22,0.0,19.87
2005-08-23,0.0,18.82
2005-08-24,0.0,19.96
2005-08-25,0.0,20.85
2005-08-26,0.0,21.37
2005-08-27,0.0,17.45
2005-08-28,0.0,17.22
2005-08-29,0.0,19.28
2005-08-30,0.0,20.49
2005-08-31,0.0,20.2
2005-09-01,0.0,18.04
2005-09-02,0.0,19.93
2005-09-03,0.0,20.78
2005-09-04,0.0,21.85
2005-09-05,0.0,21.7
2005-09-06,0.0,21.67
2005-09-07,0.06,20.57
2005-09-08,0.0,22.01
2005-09-09,0.0,21.91
2005-09-10,0.0,23.44
2005-09-11,0.0,22.05
2005-09-12,0.0,21.03
2005-09-13,0.0,21.33
2005-09-14,0.0,19.94
2005-09-15,0.0,20.15
2005-09-16,0.0,22.28
2005-09-17,0.0,21.57
2005-09-18,0.0,23.5
2005-09-19,0.0,23.27
2005-09-20,0.0,23.47
2005-09-21,0.0,23.63
2005-09-22,0.0,24.91
2005-09-23,0.0,24.5
2005-09-24,0.0,24.73
2005-09-25,0.0,24.77
2005-09-26,0.0,23.74
2005-09-27,0.0,17.66
2005-09-28,0.0,16.82
2005-09-29,0.0,16.29
2005-09-30,0.0,18.57
2005-10-01,0.0,21.38
2005-10-02,0.0,23.35
2005-10-03,0.0,25.24
2005-10-04,0.0,26.26
2005-10-05,0.0,25.79
2005-10-06,0.04,21.78
2005-10-07,0.57,22.12
2005-10-08,0.54,24.11
2005-10-09,0.03,25.58
2005-10-10,0.0,26.42
2005-10-11,0.0,27.18
2005-10-12,0.0,27.94
2005-10-13,1.32,27.63
2005-10-14,1.47,24.6
2005-10-15,1.35,24.28
2005-10-16,0.04,24.79
2005-10-17,0.04,24.95
2005-10-18,0.01,25.39
2005-10-19,0.09,25.33
2005-10-20,0.0,24.27
2005-10-21,0.0,24.52
2005-10-22,0.0,23.7
2005-10-23,0.0,25.06
2005-10-24,0.0,27.21
2005-10-25,0.0,27.52
2005-10-26,0.8,24.1
2005-10-27,0.07,22.74
2005-10-28,0.0,23.92
2005-10-29,0.01,25.13
2005-10-30,0.0,24.45
2005-10-31,0.06,26.35
2005-11-01,0.12,29.34
2005-11-02,0.03,29.56
2005-11-03,0.0,30.75
2005-11-04,0.0,29.74
2005-11-05,0.45,26.02
2005-11-06,3.65,22.31
2005-11-07,0.0,19.83
2005-11-08,0.0,21.97
2005-11-09,0.0,23.11
2005-11-10,0.15,23.23
2005-11-11,0.88,22.84
2005-11-12,0.43,24.68
2005-11-13,0.09,26.51
2005-11-14,0.0,23.24
2005-11-15,0.0,25.45
2005-11-16,0.0,27.4
2005-11-17,0.01,26.59
2005-11-18,3.79,26.98
2005-11-19,6.97,27.84
2005-11-20,3.31,24.64
2005-11-21,0.31,25.9
2005-11-22,8.22,26.38
2005-11-23,3.64,24.28
2005-11-24,0.03,23.09
2005-11-25,2.37,23.46
2005-11-26,1.28,23.35
2005-11-27,8.19,23.45
2005-11-28,2.38,22.84
2005-11-29,8.89,21.69
2005-11-30,17.17,21.05
2005-12-01,1.41,23.35
2005-12-02,0.71,23.03
2005-12-03,0.97,23.47
2005-12-04,1.18,23.49
2005-12-05,0.01,24.06
2005-12-06,1.08,24.7
2005-12-07,0.46,25.28
2005-12-08,0.41,25.01
2005-12-09,0.47,23.15
2005-12-10,1.31,22.5
2005-12-11,0.08,24.86
2005-12-12,0.0,23.27
2005-12-13,0.31,22.87
2005-12-14,0.0,24.89
2005-12-15,0.0,25.79
2005-12-16,0.06,27.0
2005-12-17,4.62,28.59
2005-12-18,11.41,22.41
2005-12-19,1.99,23.95
2005-12-20,1.88,25.25
2005-12-21,6.69,23.98
2005-12-22,2.77,24.01
2005-12-23,0.02,25.89
2005-12-24,0.16,28.23
2005-12-25,6.35,25.61
2005-12-26,3.75,23.35
2005-12-27,1.46,24.95
2005-12-28,2.36,26.65
2005-12-29,5.9,24.97
2005-12-30,11.5,21.97
2005-12-31,18.25,20.73
2006-01-01,7.09,23.07
2006-01-02,6.72,22.96
2006-01-03,8.44,23.05
2006-01-04,7.67,22.72
2006-01-05,6.03,23.68
2006-01-06,3.33,25.89
2006-01-07,3.09,25.51
2006-01-08,6.73,25.26
2006-01-09,16.04,24.2
2006-01-10,20.28,22.32
2006-01-11,2.89,23.16
2006-01-12,4.77,22.78
2006-01-13,4.83,23.14
2006-01-14,4.08,23.49
2006-01-15,3.29,24.0
2006-01-16,1.38,23.0
2006-01-17,0.29,23.57
2006-01-18,0.1,22.92
2006-01-19,0.08,24.42
2006-01-20,1.95,23.78
2006-01-21,10.88,22.27
2006-01-22,8.84,22.43
2006-01-23,7.68,23.77
2006-01-24,12.98,22.08
2006-01-25,2.29,22.99
2006-01-26,3.4,23.49
2006-01-27,10.54,22.97
2006-01-28,7.28,24.26
2006-01-29,2.56,24.42
2006-01-30,3.87,22.9
2006-01-31,1.48,23.1
2006-02-01,3.1,22.67
2006-02-02,0.35,22.09
2006-02-03,0.0,22.67
2006-02-04,0.32,24.03
2006-02-05,0.99,24.32
2006-02-06,50.2,20.21
2006-02-07,28.24,19.75
2006-02-08,12.45,21.36
2006-02-09,3.73,22.78
2006-02-10,11.54,22.82
2006-02-11,22.64,22.12
2006-02-12,23.9,21.6
2006-02-13,5.79,22.64
2006-02-14,11.4,22.34
2006-02-15,3.05,22.78
2006-02-16,4.05,22.53
2006-02-17,2.3,22.95
2006-02-18,1.21,23.29
2006-02-19,0.32,23.22
2006-02-20,0.82,22.61
2006-02-21,1.86,23.26
2006-02-22,9.41,23.15
2006-02-23,3.32,22.09
2006-02-24,0.22,21.61
2006-02-25,1.02,21.72
2006-02-26,13.44,21.24
2006-02-27,15.94,21.81
2006-02-28,1.06,22.53
2006-03-01,1.61,22.44
2006-03-02,0.0,21.85
2006-03-03,1.84,20.47
2006-03-04,1.68,17.06
2006-03-05,0.03,15.82
2006-03-06,0.06,17.24
2006-03-07,0.0,18.86
2006-03-08,0.01,21.23
2006-03-09,1.98,21.35
2006-03-10,4.06,21.93
2006-03-11,2.09,21.42
2006-03-12,0.08,22.04
2006-03-13,0.39,19.62
2006-03-14,2.15,19.24
2006-03-15,2.99,21.09
2006-03-16,2.11,22.16
2006-03-17,5.72,21.6
2006-03-18,13.04,20.83
2006-03-19,5.45,20.94
2006-03-20,10.51,20.67
2006-03-21,12.18,20.4
2006-03-22,1.04,20.08
2006-03-23,15.14,18.17
2006-03-24,9.36,18.17
2006-03-25,5.78,19.01
2006-03-26,2.84,20.39
2006-03-27,2.12,19.88
2006-03-28,3.56,17.29
2006-03-29,1.94,15.7
2006-03-30,0.84,16.4
2006-03-31,0.15,18.07
2006-04-01,0.0,19.51
2006-04-02,0.0,19.77
2006-04-03,0.0,17.07
2006-04-04,0.03,17.47
2006-04-05,0.0,19.12
2006-04-06,0.0,19.7
2006-04-07,0.0,20.61
2006-04-08,0.0,20.56
2006-04-09,8.61,18.2
2006-04-10,14.72,16.62
2006-04-11,7.73,17.53
2006-04-12,2.47,17.4
2006-04-13,0.0,19.13
2006-04-14,2.19,19.25
2006-04-15,0.0,19.9
2006-04-16,2.4,18.45
2006-04-17,0.19,18.55
2006-04-18,1.21,19.02
2006-04-19,0.03,17.54
2006-04-20,0.04,17.78
2006-04-21,2.15,17.68
2006-04-22,3.2,17.69
2006-04-23,0.1,14.1
2006-04-24,0.0,11.26
2006-04-25,0.0,14.26
2006-04-26,0.0,14.27
2006-04-27,0.05,14.74
2006-04-28,0.23,15.07
2006-04-29,0.0,16.79
2006-04-30,0.03,16.42
2006-05-01,2.65,14.96
2006-05-02,1.36,14.29
2006-05-03,1.61,15.34
2006-05-04,0.0,13.91
2006-05-05,2.54,15.6
2006-05-06,1.26,15.06
2006-05-07,0.0,11.3
2006-05-08,0.0,9.9
2006-05-09,0.0,12.2
2006-05-10,0.0,12.76
2006-05-11,0.0,13.59
2006-05-12,0.0,14.49
2006-05-13,0.0,15.17
2006-05-14,0.0,15.94
2006-05-15,0.0,17.16
2006-05-16,0.01,17.12
2006-05-17,0.83,16.55
2006-05-18,0.0,13.87
2006-05-19,0.02,11.87
2006-05-20,1.83,9.28
2006-05-21,0.0,7.33
2006-05-22,0.0,7.09
2006-05-23,0.0,7.87
2006-05-24,0.0,7.88
2006-05-25,0.0,9.24
2006-05-26,0.0,11.25
2006-05-27,0.0,11.47
2006-05-28,0.0,11.94
2006-05-29,0.0,11.47
2006-05-30,0.0,10.92
2006-05-31,0.0,14.59
2006-06-01,0.0,14.01
2006-06-02,0.0,13.52
2006-06-03,0.0,11.87
2006-06-04,0.0,10.89
2006-06-05,0.0,10.91
2006-06-06,0.0,11.1
2006-06-07,0.0,11.48
2006-06-08,0.0,11.5
2006-06-09,0.0,13.35
2006-06-10,0.0,14.83
2006-06-11,0.0,15.24
2006-06-12,0.0,14.72
2006-06-13,0.0,13.3
2006-06-14,0.0,9.89
2006-06-15,0.0,9.44
2006-06-16,0.0,10.59
2006-06-17,0.0,11.13
2006-06-18,0.0,12.41
2006-06-19,0.0,13.12
2006-06-20,0.0,11.36
2006-06-21,0.0,12.33
2006-06-22,0.0,11.26
2006-06-23,0.0,9.66
2006-06-24,0.0,10.55
2006-06-25,0.0,12.66
2006-06-26,0.0,8.86
2006-06-27,0.0,6.96
2006-06-28,16.88,7.49
2006-06-29,0.79,9.08
2006-06-30,0.0,8.47
2006-07-01,0.01,10.32
2006-07-02,0.0,11.99
2006-07-03,0.0,11.71
2006-07-04,0.0,11.86
2006-07-05,0.0,12.77
2006-07-06,0.0,13.13
2006-07-07,0.0,11.14
2006-07-08,0.0,8.1
2006-07-09,0.0,10.74
2006-07-10,0.0,12.99
2006-07-11,0.0,11.6
2006-07-12,0.0,10.76
2006-07-13,0.0,10.93
2006-07-14,0.0,11.51
2006-07-15,0.0,12.27
2006-07-16,0.0,12.91
2006-07-17,0.0,13.37
2006-07-18,0.0,14.88
2006-07-19,0.0,15.29
2006-07-20,0.0,13.86
2006-07-21,0.0,13.78
2006-07-22,0.03,12.41
2006-07-23,0.0,10.71
2006-07-24,1.84,15.0
2006-07-25,0.34,15.15
2006-07-26,0.0,14.53
2006-07-27,0.0,14.02
2006-07-28,0.0,13.99
2006-07-29,0.0,12.68
2006-07-30,0.0,12.63
2006-07-31,0.0,12.33
2006-08-01,2.46,10.4
2006-08-02,0.09,5.65
2006-08-03,0.01,7.06
2006-08-04,0.0,7.89
2006-08-05,0.0,7.72
2006-08-06,0.0,10.11
2006-08-07,0.0,13.54
2006-08-08,0.0,14.31
2006-08-09,0.0,14.67
2006-08-10,0.0,12.08
2006-08-11,0.0,13.34
2006-08-12,0.0,14.99
2006-08-13,0.0,16.78
2006-08-14,0.0,14.93
2006-08-15,0.0,11.19
2006-08-16,0.0,8.74
2006-08-17,0.0,11.14
2006-08-18,0.0,14.18
2006-08-19,0.0,16.65
2006-08-20,0.0,15.69
2006-08-21,0.14,15.66
2006-08-22,1.12,16.22
2006-08-23,1.71,17.15
2006-08-24,1.84,16.29
2006-08-25,0.0,13.68
2006-08-26,0.05,13.84
2006-08-27,0.0,15.03
2006-08-28,0.0,14.92
2006-08-29,0.0,17.2
2006-08-30,0.0,11.26
2006-08-31,0.0,10.67
2006-09-01,0.0,12.05
2006-09-02,0.0,15.26
2006-09-03,0.0,17.13
2006-09-04,0.0,14.75
2006-09-05,0.0,15.0
2006-09-06,0.0,16.44
2006-09-07,0.0,16.63
2006-09-08,0.0,16.49
2006-09-09,0.0,16.9
2006-09-10,0.0,19.62
2006-09-11,0.0,20.46
2006-09-12,0.0,19.22
2006-09-13,0.0,19.05
2006-09-14,0.0,20.29
2006-09-15,0.0,22.0
2006-09-16,0.06,22.72
2006-09-17,0.37,18.38
2006-09-18,0.0,13.84
2006-09-19,0.0,16.93
2006-09-20,0.0,19.57
2006-09-21,0.0,18.5
2006-09-22,0.0,19.25
2006-09-23,0.0,21.22
2006-09-24,0.0,22.97
2006-09-25,0.0,22.5
2006-09-26,0.0,17.85
2006-09-27,0.01,20.27
2006-09-28,0.1,23.53
2006-09-29,0.0,24.45
2006-09-30,0.0,25.72
2006-10-01,0.04,25.52
2006-10-02,0.4,22.96
2006-10-03,0.04,20.62
2006-10-04,0.0,16.96
2006-10-05,0.0,20.74
2006-10-06,0.91,22.46
2006-10-07,0.02,22.78
2006-10-08,0.03,23.93
2006-10-09,1.58,21.35
2006-10-10,1.24,22.89
2006-10-11,0.35,21.56
2006-10-12,0.02,21.77
2006-10-13,0.0,22.15
2006-10-14,0.0,23.5
2006-10-15,0.0,24.03
2006-10-16,0.0,24.94
2006-10-17,0.33,26.05
2006-10-18,0.02,27.13
2006-10-19,2.44,24.97
2006-10-20,0.01,25.71
2006-10-21,0.01,27.05
2006-10-22,0.02,27.15
2006-10-23,0.0,27.32
2006-10-24,0.0,28.95
2006-10-25,0.0,29.41
2006-10-26,0.54,28.98
2006-10-27,5.07,24.99
2006-10-28,0.96,24.26
2006-10-29,0.71,26.86
2006-10-30,1.05,27.15
2006-10-31,2.0,26.78
2006-11-01,2.22,24.83
2006-11-02,3.02,21.94
2006-11-03,0.0,23.19
2006-11-04,0.0,22.21
2006-11-05,0.0,23.31
2006-11-06,0.35,20.55
2006-11-07,0.0,20.81
2006-11-08,0.0,23.15
2006-11-09,0.0,25.11
2006-11-10,0.07,27.51
2006-11-11,0.0,27.81
2006-11-12,5.22,27.07
2006-11-13,11.88,21.58
2006-11-14,0.18,23.42
2006-11-15,0.0,26.87
2006-11-16,2.3,25.96
2006-11-17,1.85,23.99
2006-11-18,1.27,25.54
2006-11-19,3.4,22.79
2006-11-20,1.46,23.52
2006-11-21,1.01,25.57
2006-11-22,1.64,27.69
2006-11-23,1.77,25.68
2006-11-24,0.66,25.63
2006-11-25,2.85,27.7
2006-11-26,0.57,25.35
2006-11-27,0.06,26.65
2006-11-28,0.51,28.04
2006-11-29,1.35,27.28
2006-11-30,0.9,27.83
2006-12-01,0.03,30.25
2006-12-02,1.72,29.07
2006-12-03,0.02,28.34
2006-12-04,0.0,27.54
2006-12-05,0.34,26.11
2006-12-06,0.04,26.11
2006-12-07,0.45,28.92
2006-12-08,0.71,26.22
2006-12-09,0.67,28.62
2006-12-10,0.14,28.89
2006-12-11,2.5,24.39
2006-12-12,0.0,23.88
2006-12-13,0.0,26.66
2006-12-14,0.0,28.76
2006-12-15,0.2,30.31
2006-12-16,0.1,30.2
2006-12-17,1.95,29.25
2006-12-18,5.23,29.17
2006-12-19,8.24,26.68
2006-12-20,7.34,24.29
2006-12-21,5.18,26.08
2006-12-22,11.7,25.26
2006-12-23,2.34,26.99
2006-12-24,2.97,26.29
2006-12-25,4.67,26.08
2006-12-26,1.73,26.73
2006-12-27,2.87,26.35
2006-12-28,14.4,25.54
2006-12-29,11.87,23.6
2006-12-30,11.5,23.19
2006-12-31,0.0,22.23
2007-01-01,0.09,21.39
2007-01-02,0.02,22.84
2007-01-03,0.08,24.06
2007-01-04,0.01,25.63
2007-01-05,0.01,25.81
2007-01-06,0.01,25.93
2007-01-07,0.05,27.85
2007-01-08,0.13,25.18
2007-01-09,0.84,25.06
2007-01-10,1.37,25.53
2007-01-11,2.16,25.61
2007-01-12,0.1,28.47
2007-01-13,2.77,29.1
2007-01-14,7.33,26.87
2007-01-15,4.23,25.83
2007-01-16,0.12,27.08
2007-01-17,1.64,27.96
2007-01-18,5.21,26.79
2007-01-19,0.03,28.23
2007-01-20,2.28,25.57
2007-01-21,0.01,24.79
2007-01-22,0.0,25.06
2007-01-23,0.03,28.45
2007-01-24,0.76,27.84
2007-01-25,0.16,26.74
2007-01-26,0.02,27.45
2007-01-27,0.76,26.82
2007-01-28,2.7,26.56
2007-01-29,0.12,27.26
2007-01-30,0.24,28.86
2007-01-31,0.36,26.3
2007-02-01,0.09,26.64
2007-02-02,0.09,28.84
2007-02-03,0.04,29.37
2007-02-04,0.01,30.43
2007-02-05,0.07,29.47
2007-02-06,2.24,29.09
2007-02-07,0.59,27.53
2007-02-08,0.25,28.81
2007-02-09,1.58,29.8
2007-02-10,6.34,27.13
2007-02-11,0.0,22.07
2007-02-12,0.0,21.95
2007-02-13,0.0,21.82
2007-02-14,0.0,24.0
2007-02-15,0.01,26.72
2007-02-16,0.0,29.47
2007-02-17,2.58,27.69
2007-02-18,0.09,27.71
2007-02-19,0.0,27.76
2007-02-20,0.0,26.7
2007-02-21,0.0,27.85
2007-02-22,0.03,30.22
2007-02-23,1.39,28.67
2007-02-24,0.54,28.09
2007-02-25,0.02,28.53
2007-02-26,0.01,27.94
2007-02-27,0.0,27.0
2007-02-28,0.0,27.43
2007-03-01,0.0,28.04
2007-03-02,0.0,28.87
2007-03-03,0.74,28.8
2007-03-04,0.82,28.49
2007-03-05,0.0,25.93
2007-03-06,0.0,24.98
2007-03-07,1.15,25.31
2007-03-08,0.94,24.35
2007-03-09,0.09,23.46
2007-03-10,0.13,23.57
2007-03-11,0.01,26.3
2007-03-12,0.2,27.64
2007-03-13,0.0,28.81
2007-03-14,0.14,28.79
2007-03-15,0.39,28.25
2007-03-16,0.0,28.03
2007-03-17,0.0,27.25
2007-03-18,0.0,25.06
2007-03-19,0.0,20.54
2007-03-20,0.0,22.4
2007-03-21,0.0,26.8
2007-03-22,0.0,27.63
2007-03-23,0.58,26.24
2007-03-24,0.0,27.02
2007-03-25,3.7,26.44
2007-03-26,0.06,25.29
2007-03-27,3.3,24.63
2007-03-28,8.31,21.94
2007-03-29,3.13,21.54
2007-03-30,3.52,21.52
2007-03-31,5.21,19.81
2007-04-01,0.32,20.72
2007-04-02,0.14,21.45
2007-04-03,0.59,20.09
2007-04-04,0.21,20.68
2007-04-05,0.48,20.57
2007-04-06,0.47,23.18
2007-04-07,2.35,22.56
2007-04-08,3.68,19.85
2007-04-09,1.93,19.92
2007-04-10,0.0,21.74
2007-04-11,0.05,23.85
2007-04-12,0.16,23.07
2007-04-13,0.49,21.32
2007-04-14,0.31,20.45
2007-04-15,0.02,22.21
2007-04-16,0.69,23.85
2007-04-17,2.71,23.65
2007-04-18,4.67,21.52
2007-04-19,0.54,20.85
2007-04-20,0.0,20.64
2007-04-21,0.02,21.52
2007-04-22,0.16,23.04
2007-04-23,0.4,21.73
2007-04-24,0.18,21.06
2007-04-25,0.01,22.31
2007-04-26,0.71,22.4
2007-04-27,0.01,20.19
2007-04-28,1.16,13.19
2007-04-29,0.0,12.4
2007-04-30,0.0,14.93
2007-05-01,0.0,17.05
2007-05-02,0.0,17.09
2007-05-03,0.0,18.9
2007-05-04,0.0,19.58
2007-05-05,0.11,18.73
2007-05-06,0.0,17.09
2007-05-07,0.0,17.88
2007-05-08,0.0,18.12
2007-05-09,0.0,19.53
2007-05-10,0.0,18.73
2007-05-11,0.0,17.01
2007-05-12,0.0,18.1
2007-05-13,0.0,20.12
2007-05-14,0.0,20.44
2007-05-15,0.0,18.48
2007-05-16,0.0,17.84
2007-05-17,0.0,18.8
2007-05-18,0.0,19.88
2007-05-19,0.0,19.79
2007-05-20,0.05,18.73
2007-05-21,0.0,9.76
2007-05-22,0.0,6.46
2007-05-23,0.0,6.82
2007-05-24,0.0,8.56
2007-05-25,0.0,10.83
2007-05-26,0.0,11.0
2007-05-27,0.0,12.83
2007-05-28,0.0,13.43
2007-05-29,0.0,14.2
2007-05-30,0.0,15.9
2007-05-31,0.02,16.24
2007-06-01,0.03,15.32
2007-06-02,1.49,12.26
2007-06-03,0.0,12.98
2007-06-04,0.01,13.78
2007-06-05,16.14,15.23
2007-06-06,5.55,12.14
2007-06-07,0.0,9.69
2007-06-08,0.0,9.85
2007-06-09,0.0,11.01
2007-06-10,0.0,12.99
2007-06-11,0.0,13.81
2007-06-12,0.0,14.71
2007-06-13,0.0,15.96
2007-06-14,0.0,13.99
2007-06-15,0.0,11.38
2007-06-16,0.0,11.4
2007-06-17,0.0,12.55
2007-06-18,0.0,13.87
2007-06-19,0.0,12.3
2007-06-20,0.0,11.95
2007-06-21,0.0,12.63
2007-06-22,0.0,11.4
2007-06-23,0.0,10.82
2007-06-24,0.0,11.36
2007-06-25,0.0,11.89
2007-06-26,0.0,11.01
2007-06-27,0.0,5.44
2007-06-28,0.0,9.49
2007-06-29,0.0,12.61
2007-06-30,0.0,13.33
2007-07-01,0.0,11.24
2007-07-02,0.0,8.96
2007-07-03,0.01,9.14
2007-07-04,0.63,9.26
2007-07-05,0.14,8.97
2007-07-06,0.0,10.14
2007-07-07,0.0,11.96
2007-07-08,0.0,11.03
2007-07-09,0.0,8.01
2007-07-10,0.0,10.26
2007-07-11,0.0,11.09
2007-07-12,0.0,12.75
2007-07-13,0.0,11.91
2007-07-14,0.0,11.77
2007-07-15,0.0,13.2
2007-07-16,0.0,13.85
2007-07-17,0.0,14.88
2007-07-18,0.0,13.93
2007-07-19,0.0,14.0
2007-07-20,0.0,15.31
2007-07-21,0.0,16.9
2007-07-22,0.0,13.77
2007-07-23,0.0,15.28
2007-07-24,0.0,15.69
2007-07-25,0.0,14.95
2007-07-26,0.0,11.01
2007-07-27,0.0,12.32
2007-07-28,0.0,9.14
2007-07-29,0.0,9.83
2007-07-30,0.0,11.38
2007-07-31,0.0,12.85
2007-08-01,0.0,14.42
2007-08-02,0.0,14.88
2007-08-03,0.0,15.1
2007-08-04,0.0,14.78
2007-08-05,0.0,12.85
2007-08-06,0.0,13.53
2007-08-07,0.0,11.35
2007-08-08,0.0,11.29
2007-08-09,0.0,12.48
2007-08-10,0.0,14.14
2007-08-11,0.0,16.28
2007-08-12,0.0,16.53
2007-08-13,0.0,17.0
2007-08-14,0.0,17.79
2007-08-15,0.0,12.89
2007-08-16,0.0,11.63
2007-08-17,0.0,12.61
2007-08-18,0.0,13.74
2007-08-19,0.0,14.65
2007-08-20,0.0,17.7
2007-08-21,0.0,19.3
2007-08-22,0.0,19.5
2007-08-23,0.0,17.58
2007-08-24,0.0,13.48
2007-08-25,0.0,14.29
2007-08-26,0.01,16.73
2007-08-27,0.0,15.6
2007-08-28,0.0,14.16
2007-08-29,0.0,16.8
2007-08-30,0.0,17.98
2007-08-31,0.0,21.11
2007-09-01,0.0,21.85
2007-09-02,0.0,23.11
2007-09-03,0.0,22.63
2007-09-04,0.0,22.05
2007-09-05,0.0,23.23
2007-09-06,0.0,23.13
2007-09-07,0.0,21.08
2007-09-08,0.0,21.39
2007-09-09,0.0,23.62
2007-09-10,0.0,23.26
2007-09-11,0.0,23.31
2007-09-12,0.0,24.11
2007-09-13,0.0,24.05
2007-09-14,0.0,23.76
2007-09-15,0.0,22.36
2007-09-16,0.0,23.4
2007-09-17,0.0,21.88
2007-09-18,0.0,22.03
2007-09-19,0.01,22.54
2007-09-20,0.0,23.37
2007-09-21,0.0,23.38
2007-09-22,0.0,24.82
2007-09-23,0.0,24.35
2007-09-24,0.0,22.78
2007-09-25,0.0,21.7
2007-09-26,6.47,20.0
2007-09-27,20.59,16.71
2007-09-28,1.3,15.97
2007-09-29,3.68,17.86
2007-09-30,0.75,19.26
2007-10-01,7.13,19.3
2007-10-02,5.88,20.72
2007-10-03,0.53,22.26
2007-10-04,0.02,23.94
2007-10-05,11.97,19.73
2007-10-06,13.15,18.56
2007-10-07,0.99,19.74
2007-10-08,0.75,19.62
2007-10-09,0.02,14.48
2007-10-10,0.1,17.79
2007-10-11,0.52,18.52
2007-10-12,0.0,19.58
2007-10-13,0.01,21.39
2007-10-14,0.19,22.64
2007-10-15,0.05,23.31
2007-10-16,3.68,22.71
2007-10-17,1.87,22.31
2007-10-18,0.55,24.39
2007-10-19,1.5,22.1
2007-10-20,6.26,19.87
2007-10-21,0.01,20.87
2007-10-22,0.11,21.08
2007-10-23,1.85,22.36
2007-10-24,0.0,21.46
2007-10-25,11.41,18.52
2007-10-26,2.01,15.2
2007-10-27,1.07,18.21
2007-10-28,0.02,21.12
2007-10-29,0.0,22.61
2007-10-30,4.42,24.35
2007-10-31,12.64,21.14
2007-11-01,1.26,22.92
2007-11-02,0.11,24.03
2007-11-03,0.03,25.31
2007-11-04,0.07,25.99
2007-11-05,0.03,23.17
2007-11-06,0.0,19.25
2007-11-07,1.0,20.19
2007-11-08,0.15,21.32
2007-11-09,0.0,22.73
2007-11-10,0.0,22.87
2007-11-11,0.34,22.0
2007-11-12,0.01,25.11
2007-11-13,0.0,26.08
2007-11-14,0.02,26.68
2007-11-15,0.73,27.78
2007-11-16,2.69,27.19
2007-11-17,3.24,26.25
2007-11-18,2.66,24.65
2007-11-19,0.05,25.52
2007-11-20,2.52,25.05
2007-11-21,2.37,23.51
2007-11-22,0.85,24.79
2007-11-23,0.04,24.26
2007-11-24,3.51,25.23
2007-11-25,7.36,24.46
2007-11-26,2.46,23.4
2007-11-27,0.03,24.19
2007-11-28,13.11,19.52
2007-11-29,20.59,20.11
2007-11-30,5.93,22.38
2007-12-01,5.16,22.96
2007-12-02,3.84,23.7
2007-12-03,19.52,23.06
2007-12-04,25.69,21.86
2007-12-05,13.28,21.87
2007-12-06,9.1,22.43
2007-12-07,4.66,21.39
2007-12-08,3.5,21.06
2007-12-09,1.72,21.53
2007-12-10,1.17,22.53
2007-12-11,1.02,24.13
2007-12-12,3.1,23.5
2007-12-13,1.21,24.07
2007-12-14,6.13,23.87
2007-12-15,2.35,23.56
2007-12-16,18.08,21.17
2007-12-17,4.52,22.98
2007-12-18,0.44,21.36
2007-12-19,0.44,19.37
2007-12-20,2.15,18.63
2007-12-21,0.03,20.54
2007-12-22,0.0,23.85
2007-12-23,0.04,23.16
2007-12-24,0.0,23.17
2007-12-25,1.59,22.05
2007-12-26,0.36,23.61
2007-12-27,0.0,25.11
2007-12-28,0.24,24.14
2007-12-29,0.36,24.14
2007-12-30,0.0,22.03
2007-12-31,0.0,22.27
2008-01-01,0.0,23.85
2008-01-02,0.01,25.31
2008-01-03,0.41,26.8
2008-01-04,10.06,25.25
2008-01-05,3.3,24.72
2008-01-06,1.08,25.13
2008-01-07,3.11,26.51
2008-01-08,0.3,25.18
2008-01-09,8.81,21.56
2008-01-10,3.76,18.32
2008-01-11,1.85,19.53
2008-01-12,2.39,22.28
2008-01-13,2.78,24.31
2008-01-14,2.95,24.61
2008-01-15,0.15,25.55
2008-01-16,3.78,26.35
2008-01-17,11.47,25.15
2008-01-18,3.79,22.31
2008-01-19,7.25,21.04
2008-01-20,13.97,21.39
2008-01-21,12.66,20.4
2008-01-22,6.18,20.88
2008-01-23,10.96,22.66
2008-01-24,6.74,21.96
2008-01-25,13.4,20.94
2008-01-26,1.05,21.49
2008-01-27,0.28,22.36
2008-01-28,0.43,23.19
2008-01-29,0.9,23.57
2008-01-30,0.67,23.11
2008-01-31,3.72,24.36
2008-02-01,6.51,24.98
2008-02-02,1.59,23.32
2008-02-03,2.31,24.66
2008-02-04,1.57,25.17
2008-02-05,0.64,23.64
2008-02-06,1.17,22.95
2008-02-07,0.14,24.38
2008-02-08,0.19,23.27
2008-02-09,0.47,23.12
2008-02-10,1.44,21.68
2008-02-11,0.0,20.95
2008-02-12,0.14,23.37
2008-02-13,3.03,24.67
2008-02-14,16.1,22.84
2008-02-15,0.89,24.59
2008-02-16,0.81,24.53
2008-02-17,0.01,23.82
2008-02-18,0.0,24.75
2008-02-19,0.1,26.38
2008-02-20,5.45,25.25
2008-02-21,1.81,25.41
2008-02-22,1.06,25.77
2008-02-23,0.6,26.14
2008-02-24,1.26,25.82
2008-02-25,5.25,24.9
2008-02-26,14.83,23.01
2008-02-27,2.0,24.06
2008-02-28,2.31,24.76
2008-02-29,1.53,23.33
2008-03-01,2.68,22.34
2008-03-02,0.74,23.79
2008-03-03,1.33,23.58
2008-03-04,2.2,24.0
2008-03-05,2.02,22.04
2008-03-06,0.55,21.75
2008-03-07,0.28,23.01
2008-03-08,0.16,22.15
2008-03-09,0.35,23.2
2008-03-10,0.01,25.12
2008-03-11,0.08,24.7
2008-03-12,0.84,23.34
2008-03-13,1.6,22.74
2008-03-14,12.98,21.11
2008-03-15,7.77,20.32
2008-03-16,22.93,17.56
2008-03-17,4.89,14.19
2008-03-18,2.37,16.92
2008-03-19,1.01,19.75
2008-03-20,0.25,20.69
2008-03-21,0.57,20.08
2008-03-22,0.96,21.07
2008-03-23,0.31,20.89
2008-03-24,0.62,20.74
2008-03-25,0.0,22.08
2008-03-26,0.67,22.46
2008-03-27,0.47,22.38
2008-03-28,1.24,23.28
2008-03-29,0.77,23.17
2008-03-30,1.25,21.53
2008-03-31,0.75,21.77
2008-04-01,2.49,20.63
2008-04-02,2.18,20.45
2008-04-03,0.56,19.97
2008-04-04,0.38,21.67
2008-04-05,0.51,22.04
2008-04-06,0.0,20.8
2008-04-07,0.01,20.71
2008-04-08,0.07,20.05
2008-04-09,0.38,19.38
2008-04-10,0.02,19.44
2008-04-11,1.64,19.54
2008-04-12,1.42,20.18
2008-04-13,0.24,19.41
2008-04-14,0.77,18.97
2008-04-15,1.41,19.09
2008-04-16,0.0,20.75
2008-04-17,0.0,21.64
2008-04-18,0.0,19.26
2008-04-19,0.0,20.5
2008-04-20,0.0,15.87
2008-04-21,0.0,12.5
2008-04-22,0.0,14.0
2008-04-23,0.0,14.27
2008-04-24,0.0,15.69
2008-04-25,0.0,16.33
2008-04-26,0.0,18.95
2008-04-27,0.0,20.08
2008-04-28,0.0,19.05
2008-04-29,0.0,18.92
2008-04-30,0.0,19.0
2008-05-01,0.03,21.02
2008-05-02,2.37,17.9
2008-05-03,13.5,14.94
2008-05-04,0.76,16.15
2008-05-05,0.0,14.93
2008-05-06,0.0,16.72
2008-05-07,0.0,17.17
2008-05-08,0.0,17.63
2008-05-09,0.0,19.25
2008-05-10,0.0,20.09
2008-05-11,0.0,19.32
2008-05-12,0.0,17.37
2008-05-13,0.0,17.72
2008-05-14,0.0,17.48
2008-05-15,0.0,17.88
2008-05-16,0.0,19.28
2008-05-17,0.0,18.93
2008-05-18,0.0,16.34
2008-05-19,0.0,16.18
2008-05-20,0.0,14.77
2008-05-21,0.0,15.0
2008-05-22,0.0,16.83
2008-05-23,0.0,15.62
2008-05-24,0.33,15.03
2008-05-25,5.59,15.2
2008-05-26,0.43,15.79
2008-05-27,0.29,16.43
2008-05-28,0.03,16.25
2008-05-29,0.0,16.48
2008-05-30,0.0,16.45
2008-05-31,0.0,15.97
2008-06-01,0.0,16.17
2008-06-02,0.0,15.91
2008-06-03,0.6,17.21
2008-06-04,2.46,14.09
2008-06-05,0.0,11.12
2008-06-06,0.0,12.48
2008-06-07,0.0,13.96
2008-06-08,0.0,16.05
2008-06-09,0.0,12.38
2008-06-10,0.0,12.34
2008-06-11,0.0,12.82
2008-06-12,0.0,15.37
2008-06-13,0.0,16.77
2008-06-14,0.0,15.85
2008-06-15,0.0,16.38
2008-06-16,0.0,13.37
2008-06-17,0.0,13.24
2008-06-18,0.0,14.88
2008-06-19,0.0,14.08
2008-06-20,0.55,14.42
2008-06-21,0.96,14.29
2008-06-22,0.0,13.65
2008-06-23,0.0,13.62
2008-06-24,0.0,13.78
2008-06-25,0.0,13.55
2008-06-26,0.0,14.77
2008-06-27,0.0,13.12
2008-06-28,0.0,13.02
2008-06-29,0.0,13.42
2008-06-30,0.0,13.31
2008-07-01,0.0,14.06
2008-07-02,0.0,13.76
2008-07-03,0.0,13.67
2008-07-04,0.0,13.11
2008-07-05,0.0,10.34
2008-07-06,0.0,9.63
2008-07-07,0.0,12.1
2008-07-08,0.0,14.48
2008-07-09,0.0,11.98
2008-07-10,0.0,8.06
2008-07-11,0.02,10.47
2008-07-12,0.88,12.49
2008-07-13,0.39,13.28
2008-07-14,0.04,13.16
2008-07-15,0.0,13.1
2008-07-16,0.0,15.28
2008-07-17,0.0,13.08
2008-07-18,0.0,13.17
2008-07-19,0.0,14.0
2008-07-20,0.0,15.01
2008-07-21,0.0,15.72
2008-07-22,0.0,14.77
2008-07-23,0.0,13.87
2008-07-24,0.0,13.45
2008-07-25,0.0,14.14
2008-07-26,0.0,15.65
2008-07-27,0.0,14.96
2008-07-28,0.0,13.92
2008-07-29,0.0,13.4
2008-07-30,0.0,15.29
2008-07-31,0.0,16.09
2008-08-01,0.0,16.68
2008-08-02,0.0,15.83
2008-08-03,0.0,16.66
2008-08-04,0.0,14.25
2008-08-05,0.0,15.85
2008-08-06,0.0,17.5
2008-08-07,0.0,17.02
2008-08-08,0.0,17.27
2008-08-09,0.0,16.03
2008-08-10,0.0,13.94
2008-08-11,0.0,13.64
2008-08-12,0.0,14.21
2008-08-13,0.0,16.23
2008-08-14,0.0,18.04
2008-08-15,0.0,18.6
2008-08-16,0.0,15.73
2008-08-17,0.0,16.01
2008-08-18,0.0,15.26
2008-08-19,0.0,17.4
2008-08-20,0.0,19.38
2008-08-21,0.0,19.61
2008-08-22,0.0,19.68
2008-08-23,0.0,19.97
2008-08-24,0.0,18.89
2008-08-25,0.0,19.94
2008-08-26,0.0,18.83
2008-08-27,0.0,20.53
2008-08-28,0.0,19.81
2008-08-29,0.0,19.72
2008-08-30,0.0,19.01
2008-08-31,0.0,14.65
2008-09-01,0.0,13.0
2008-09-02,0.0,15.38
2008-09-03,0.0,21.05
2008-09-04,0.0,18.8
2008-09-05,0.0,19.95
2008-09-06,0.0,19.69
2008-09-07,0.0,21.3
2008-09-08,0.0,23.2
2008-09-09,0.0,24.49
2008-09-10,0.0,23.18
2008-09-11,0.0,20.15
2008-09-12,0.0,18.62
2008-09-13,0.0,18.1
2008-09-14,0.0,18.45
2008-09-15,0.0,20.27
2008-09-16,0.0,22.13
2008-09-17,0.0,21.23
2008-09-18,0.0,21.55
2008-09-19,0.0,21.83
2008-09-20,0.0,18.37
2008-09-21,0.0,15.11
2008-09-22,0.0,17.98
2008-09-23,0.0,21.51
2008-09-24,0.0,19.78
2008-09-25,0.0,21.56
2008-09-26,0.0,22.45
2008-09-27,0.0,20.02
2008-09-28,0.0,19.16
2008-09-29,0.0,21.65
2008-09-30,0.0,23.91
2008-10-01,0.0,25.09
2008-10-02,0.0,26.6
2008-10-03,0.0,25.47
2008-10-04,0.0,24.63
2008-10-05,0.0,25.15
2008-10-06,0.0,22.38
2008-10-07,0.0,22.74
2008-10-08,0.0,24.1
2008-10-09,0.0,21.65
2008-10-10,0.0,22.95
2008-10-11,0.0,22.67
2008-10-12,0.0,24.02
2008-10-13,0.0,26.58
2008-10-14,0.0,28.35
2008-10-15,0.0,27.36
2008-10-16,0.07,26.88
2008-10-17,0.11,27.51
2008-10-18,15.6,25.8
2008-10-19,1.4,23.54
2008-10-20,0.41,24.47
2008-10-21,0.0,25.82
2008-10-22,0.0,27.1
2008-10-23,3.72,24.97
2008-10-24,0.28,24.29
2008-10-25,4.86,24.48
2008-10-26,0.02,20.71
2008-10-27,0.03,21.96
2008-10-28,0.13,24.86
2008-10-29,6.59,27.89
2008-10-30,0.16,27.2
2008-10-31,0.0,27.35
2008-11-01,0.29,27.93
2008-11-02,0.05,28.43
2008-11-03,0.0,27.4
2008-11-04,1.92,27.04
2008-11-05,1.9,26.82
2008-11-06,4.02,25.46
2008-11-07,4.33,24.68
2008-11-08,32.7,19.95
2008-11-09,1.57,20.3
2008-11-10,9.21,20.92
2008-11-11,7.29,22.38
2008-11-12,6.43,22.66
2008-11-13,4.05,22.6
2008-11-14,5.21,24.32
2008-11-15,5.24,24.76
2008-11-16,6.71,24.51
2008-11-17,0.6,24.32
2008-11-18,1.74,23.84
2008-11-19,3.21,20.78
2008-11-20,0.2,21.05
2008-11-21,7.18,20.94
2008-11-22,2.72,21.75
2008-11-23,0.25,24.57
2008-11-24,0.1,27.69
2008-11-25,0.0,27.09
2008-11-26,0.32,27.09
2008-11-27,0.09,25.6
2008-11-28,0.24,25.49
2008-11-29,0.14,25.9
2008-11-30,0.14,26.97
2008-12-01,3.15,25.99
2008-12-02,1.61,25.98
2008-12-03,2.32,25.49
2008-12-04,2.34,24.62
2008-12-05,0.48,26.08
2008-12-06,1.91,24.89
2008-12-07,0.34,25.11
2008-12-08,0.75,26.37
2008-12-09,0.13,27.35
2008-12-10,0.0,26.39
2008-12-11,0.0,26.66
2008-12-12,0.33,27.78
2008-12-13,1.83,24.72
2008-12-14,3.07,24.45
2008-12-15,3.11,23.02
2008-12-16,0.52,24.06
2008-12-17,0.08,24.37
2008-12-18,0.33,25.06
2008-12-19,0.17,25.62
2008-12-20,0.04,28.38
2008-12-21,0.11,29.53
2008-12-22,2.85,29.54
2008-12-23,5.12,28.2
2008-12-24,0.03,28.1
2008-12-25,1.47,25.55
2008-12-26,0.46,24.88
2008-12-27,0.38,26.0
2008-12-28,1.11,25.01
2008-12-29,2.02,26.7
2008-12-30,0.07,27.17
2008-12-31,0.35,28.97
2009-01-01,10.24,26.08
2009-01-02,3.51,26.81
2009-01-03,4.06,26.38
2009-01-04,0.13,27.45
2009-01-05,4.22,26.93
2009-01-06,1.05,27.78
2009-01-07,2.93,27.57
2009-01-08,4.89,26.26
2009-01-09,2.1,24.87
2009-01-10,24.45,24.01
2009-01-11,21.97,22.47
2009-01-12,2.2,23.57
2009-01-13,0.72,25.85
2009-01-14,1.95,26.63
2009-01-15,2.71,25.09
2009-01-16,1.45,25.45
2009-01-17,2.02,27.15
2009-01-18,2.66,27.11
2009-01-19,0.24,26.79
2009-01-20,4.47,26.43
2009-01-21,1.86,25.77
2009-01-22,3.02,26.29
2009-01-23,4.35,24.66
2009-01-24,8.71,25.48
2009-01-25,2.85,24.08
2009-01-26,3.29,23.72
2009-01-27,13.39,23.24
2009-01-28,27.91,22.66
2009-01-29,29.23,21.87
2009-01-30,6.06,22.23
2009-01-31,2.43,22.97
2009-02-01,2.95,21.12
2009-02-02,3.44,21.97
2009-02-03,5.17,22.42
2009-02-04,5.95,23.04
2009-02-05,0.82,20.93
2009-02-06,0.1,21.38
2009-02-07,0.16,21.27
2009-02-08,0.03,22.1
2009-02-09,0.15,23.95
2009-02-10,3.45,24.94
2009-02-11,3.78,23.34
2009-02-12,5.28,20.97
2009-02-13,0.41,21.69
2009-02-14,0.0,22.46
2009-02-15,0.0,25.58
2009-02-16,0.02,26.44
2009-02-17,1.12,25.73
2009-02-18,1.42,24.8
2009-02-19,0.82,26.1
2009-02-20,0.85,26.02
2009-02-21,0.08,24.91
2009-02-22,0.55,25.47
2009-02-23,1.88,23.28
2009-02-24,1.14,21.73
2009-02-25,9.71,22.78
2009-02-26,8.58,23.85
2009-02-27,4.7,24.31
2009-02-28,3.66,23.72
2009-03-01,4.07,23.35
2009-03-02,2.47,22.2
2009-03-03,1.17,22.13
2009-03-04,2.43,22.65
2009-03-05,0.07,21.2
2009-03-06,0.12,21.17
2009-03-07,0.0,22.47
2009-03-08,0.2,23.76
2009-03-09,0.09,23.54
2009-03-10,1.6,19.28
2009-03-11,5.39,20.28
2009-03-12,10.03,21.03
2009-03-13,4.18,20.81
2009-03-14,3.44,21.21
2009-03-15,4.99,19.26
2009-03-16,1.76,20.41
2009-03-17,1.39,22.61
2009-03-18,7.06,21.84
2009-03-19,11.56,21.42
2009-03-20,12.14,21.85
2009-03-21,0.04,19.38
2009-03-22,0.0,19.41
2009-03-23,0.0,21.25
2009-03-24,0.0,21.63
2009-03-25,0.0,21.85
2009-03-26,0.0,23.49
2009-03-27,0.02,23.52
2009-03-28,0.0,22.39
2009-03-29,0.0,21.63
2009-03-30,0.0,20.9
2009-03-31,0.0,22.88
2009-04-01,1.91,21.54
2009-04-02,0.34,21.33
2009-04-03,0.28,20.6
2009-04-04,0.0,19.06
2009-04-05,0.0,19.24
2009-04-06,0.0,21.38
2009-04-07,1.24,21.1
2009-04-08,0.55,20.1
2009-04-09,0.05,20.59
2009-04-10,0.01,20.95
2009-04-11,0.0,20.21
2009-04-12,0.0,21.0
2009-04-13,0.0,22.18
2009-04-14,0.0,19.23
2009-04-15,0.0,19.17
2009-04-16,0.0,19.94
2009-04-17,0.0,18.63
2009-04-18,0.0,19.55
2009-04-19,0.0,20.48
2009-04-20,0.0,22.14
2009-04-21,1.12,19.21
2009-04-22,0.14,16.11
2009-04-23,0.21,16.66
2009-04-24,0.18,18.06
2009-04-25,1.64,19.73
2009-04-26,0.0,16.13
2009-04-27,0.0,16.32
2009-04-28,0.0,19.04
2009-04-29,0.0,19.82
2009-04-30,0.0,20.68
2009-05-01,0.04,18.74
2009-05-02,2.49,18.75
2009-05-03,16.0,17.2
2009-05-04,1.95,17.91
2009-05-05,0.18,19.05
2009-05-06,2.93,18.73
2009-05-07,2.98,19.27
2009-05-08,0.0,15.64
2009-05-09,0.43,14.47
2009-05-10,0.04,14.66
2009-05-11,0.23,14.91
2009-05-12,0.02,15.16
2009-05-13,0.0,15.23
2009-05-14,0.0,13.87
2009-05-15,0.0,15.42
2009-05-16,0.0,16.85
2009-05-17,0.0,13.87
2009-05-18,0.0,12.16
2009-05-19,0.0,15.87
2009-05-20,0.0,15.08
2009-05-21,0.07,14.23
2009-05-22,0.0,14.77
2009-05-23,0.0,16.16
2009-05-24,0.0,15.83
2009-05-25,0.0,16.77
2009-05-26,0.0,17.1
2009-05-27,0.0,17.01
2009-05-28,0.0,17.11
2009-05-29,0.0,16.38
2009-05-30,0.0,13.57
2009-05-31,0.0,11.9
2009-06-01,0.0,12.0
2009-06-02,0.0,15.11
2009-06-03,0.0,15.57
2009-06-04,0.0,15.09
2009-06-05,0.0,16.05
2009-06-06,0.0,16.9
2009-06-07,0.01,16.55
2009-06-08,21.69,14.34
2009-06-09,10.27,12.39
2009-06-10,10.25,11.26
2009-06-11,4.32,13.34
2009-06-12,0.01,13.72
2009-06-13,0.01,13.59
2009-06-14,0.42,15.38
2009-06-15,0.01,16.21
2009-06-16,0.0,15.57
2009-06-17,0.52,15.26
2009-06-18,0.21,15.27
2009-06-19,0.24,13.7
2009-06-20,0.35,13.36
2009-06-21,0.0,13.86
2009-06-22,0.04,15.1
2009-06-23,0.44,11.3
2009-06-24,0.0,9.02
2009-06-25,0.0,9.46
2009-06-26,0.0,7.04
2009-06-27,0.0,7.9
2009-06-28,0.0,9.89
2009-06-29,0.0,8.37
2009-06-30,0.0,8.55
2009-07-01,0.0,8.44
2009-07-02,0.0,8.82
2009-07-03,0.0,10.84
2009-07-04,0.0,10.05
2009-07-05,0.25,11.26
2009-07-06,0.01,11.69
2009-07-07,0.0,11.74
2009-07-08,0.0,10.96
2009-07-09,0.0,11.63
2009-07-10,0.0,13.31
2009-07-11,0.0,11.94
2009-07-12,0.0,11.5
2009-07-13,0.0,12.47
2009-07-14,0.0,8.24
2009-07-15,0.0,6.82
2009-07-16,0.0,7.75
2009-07-17,0.0,8.8
2009-07-18,0.0,9.61
2009-07-19,0.0,9.96
2009-07-20,0.0,10.53
2009-07-21,0.0,11.47
2009-07-22,0.0,12.1
2009-07-23,0.0,10.09
2009-07-24,0.0,5.84
2009-07-25,0.0,7.07
2009-07-26,0.0,8.83
2009-07-27,0.0,9.98
2009-07-28,0.0,10.34
2009-07-29,0.0,11.49
2009-07-30,0.0,13.43
2009-07-31,5.25,13.83
2009-08-01,2.19,9.72
2009-08-02,0.0,9.66
2009-08-03,0.0,13.12
2009-08-04,0.0,14.16
2009-08-05,0.0,16.27
2009-08-06,0.0,17.48
2009-08-07,0.0,15.37
2009-08-08,0.0,15.21
2009-08-09,0.0,17.17
2009-08-10,0.0,17.95
2009-08-11,0.0,17.42
2009-08-12,0.0,17.19
2009-08-13,0.0,11.79
2009-08-14,0.0,12.46
2009-08-15,0.0,14.15
2009-08-16,0.0,14.32
2009-08-17,0.0,13.01
2009-08-18,0.0,13.74
2009-08-19,0.0,11.81
2009-08-20,0.0,9.1
2009-08-21,0.0,12.38
2009-08-22,0.0,13.09
2009-08-23,0.0,15.15
2009-08-24,0.0,15.27
2009-08-25,0.0,15.13
2009-08-26,0.0,16.34
2009-08-27,0.0,17.51
2009-08-28,0.0,15.95
2009-08-29,0.0,17.77
2009-08-30,0.0,19.3
2009-08-31,0.0,20.86
2009-09-01,0.0,21.94
2009-09-02,0.0,21.77
2009-09-03,0.0,22.51
2009-09-04,0.0,20.7
2009-09-05,0.0,21.18
2009-09-06,0.0,20.94
2009-09-07,0.0,20.32
2009-09-08,0.0,21.65
2009-09-09,0.12,21.01
2009-09-10,4.07,20.9
2009-09-11,0.02,18.82
2009-09-12,0.0,17.54
2009-09-13,0.0,21.52
2009-09-14,0.0,23.79
2009-09-15,0.0,24.16
2009-09-16,0.0,26.32
2009-09-17,0.0,25.81
2009-09-18,0.0,18.99
2009-09-19,0.0,17.39
2009-09-20,0.06,18.44
2009-09-21,0.0,21.25
2009-09-22,0.16,23.85
2009-09-23,0.06,22.83
2009-09-24,0.01,21.55
2009-09-25,1.95,19.75
2009-09-26,0.05,21.81
2009-09-27,0.0,25.14
2009-09-28,3.09,25.38
2009-09-29,0.26,20.65
2009-09-30,0.01,20.26
2009-10-01,1.24,22.05
2009-10-02,0.16,22.53
2009-10-03,0.41,19.67
2009-10-04,8.65,18.9
2009-10-05,0.01,21.2
2009-10-06,0.0,23.15
2009-10-07,0.0,25.17
2009-10-08,0.0,25.16
2009-10-09,3.29,26.46
2009-10-10,4.48,23.8
2009-10-11,0.43,22.93
2009-10-12,0.73,22.51
2009-10-13,0.0,21.85
2009-10-14,0.17,24.0
2009-10-15,1.54,24.64
2009-10-16,0.6,24.02
2009-10-17,0.68,24.58
2009-10-18,0.25,24.4
2009-10-19,0.21,23.36
2009-10-20,0.08,23.05
2009-10-21,0.0,25.45
2009-10-22,0.17,26.18
2009-10-23,0.68,25.12
2009-10-24,0.21,26.55
2009-10-25,0.01,26.49
2009-10-26,0.54,26.04
2009-10-27,0.14,24.29
2009-10-28,0.37,24.63
2009-10-29,1.56,26.42
2009-10-30,8.67,22.36
2009-10-31,0.54,20.0
2009-11-01,0.32,21.93
2009-11-02,0.29,23.39
2009-11-03,1.59,24.03
2009-11-04,8.22,21.38
2009-11-05,2.35,22.93
2009-11-06,0.69,26.55
2009-11-07,2.71,25.95
2009-11-08,0.57,26.37
2009-11-09,0.37,23.21
2009-11-10,0.0,22.38
2009-11-11,0.0,24.77
2009-11-12,0.17,27.88
2009-11-13,0.67,28.5
2009-11-14,0.96,26.99
2009-11-15,0.04,26.62
2009-11-16,0.27,25.66
2009-11-17,0.59,22.04
2009-11-18,2.12,18.81
2009-11-19,6.48,18.5
2009-11-20,30.76,14.75
2009-11-21,7.47,17.4
2009-11-22,0.0,20.5
2009-11-23,0.0,22.46
2009-11-24,0.0,22.53
2009-11-25,0.0,23.7
2009-11-26,0.0,25.92
2009-11-27,0.47,27.44
2009-11-28,0.52,26.6
2009-11-29,0.08,25.76
2009-11-30,0.29,25.92
2009-12-01,4.69,27.2
2009-12-02,1.22,27.69
2009-12-03,1.7,26.73
2009-12-04,0.56,27.86
2009-12-05,6.18,28.1
2009-12-06,10.13,24.3
2009-12-07,0.98,25.32
2009-12-08,4.29,22.62
2009-12-09,7.35,23.13
2009-12-10,3.44,25.63
2009-12-11,0.32,25.79
2009-12-12,3.96,25.39
2009-12-13,1.68,26.47
2009-12-14,11.54,22.4
2009-12-15,1.98,23.36
2009-12-16,0.0,26.46
2009-12-17,0.0,25.95
2009-12-18,0.03,28.27
2009-12-19,9.06,27.86
2009-12-20,14.88,24.71
2009-12-21,1.82,25.57
2009-12-22,0.22,26.07
2009-12-23,0.54,27.08
2009-12-24,0.0,27.71
2009-12-25,0.07,27.45
2009-12-26,2.46,27.12
2009-12-27,0.09,26.91
2009-12-28,10.37,25.49
2009-12-29,0.43,25.96
2009-12-30,6.32,24.22
2009-12-31,3.09,25.78
2010-01-01,1.24,26.17
2010-01-02,2.37,26.15
2010-01-03,5.76,22.95
2010-01-04,1.28,24.31
2010-01-05,8.28,22.5
2010-01-06,2.58,22.94
2010-01-07,0.88,26.14
2010-01-08,0.71,25.71
2010-01-09,1.33,23.8
2010-01-10,0.7,23.99
2010-01-11,0.06,24.77
2010-01-12,0.26,26.2
2010-01-13,0.71,26.36
2010-01-14,0.87,26.18
2010-01-15,1.65,25.98
2010-01-16,0.9,27.72
2010-01-17,5.77,28.22
2010-01-18,2.93,25.31
2010-01-19,5.38,25.08
2010-01-20,11.96,22.87
2010-01-21,10.87,21.23
2010-01-22,2.13,23.22
2010-01-23,1.55,22.15
2010-01-24,9.09,23.61
2010-01-25,3.91,26.2
2010-01-26,3.71,26.31
2010-01-27,0.58,25.94
2010-01-28,0.06,26.01
2010-01-29,1.34,25.73
2010-01-30,0.83,25.14
2010-01-31,0.24,26.24
2010-02-01,1.06,27.44
2010-02-02,0.66,27.52
2010-02-03,1.49,27.83
2010-02-04,0.34,26.68
2010-02-05,1.18,25.54
2010-02-06,0.19,26.54
2010-02-07,0.35,27.19
2010-02-08,0.87,26.98
2010-02-09,0.04,25.87
2010-02-10,0.0,25.1
2010-02-11,0.04,27.45
2010-02-12,0.12,29.4
2010-02-13,0.81,30.39
2010-02-14,9.02,27.41
2010-02-15,0.28,25.57
2010-02-16,0.64,25.36
2010-02-17,0.61,25.73
2010-02-18,0.65,24.8
2010-02-19,0.38,25.2
2010-02-20,1.96,24.86
2010-02-21,0.83,24.43
2010-02-22,1.38,24.7
2010-02-23,6.66,23.82
2010-02-24,0.71,24.99
2010-02-25,5.0,24.62
2010-02-26,1.35,24.16
2010-02-27,4.15,21.9
2010-02-28,1.13,23.4
2010-03-01,0.03,24.36
2010-03-02,0.01,25.92
2010-03-03,0.85,24.83
2010-03-04,0.43,23.99
2010-03-05,0.48,23.79
2010-03-06,0.35,24.1
2010-03-07,0.0,23.5
2010-03-08,0.0,22.59
2010-03-09,0.0,23.97
2010-03-10,0.0,26.74
2010-03-11,0.0,28.21
2010-03-12,0.02,28.77
2010-03-13,0.2,28.76
2010-03-14,3.59,27.54
2010-03-15,2.52,25.33
2010-03-16,0.67,24.9
2010-03-17,0.08,26.63
2010-03-18,0.31,27.11
2010-03-19,8.62,24.46
2010-03-20,0.77,23.77
2010-03-21,0.26,23.89
2010-03-22,1.12,23.38
2010-03-23,0.05,24.27
2010-03-24,2.61,23.75
2010-03-25,5.58,23.71
2010-03-26,1.61,22.65
2010-03-27,0.36,24.46
2010-03-28,2.02,25.1
2010-03-29,9.9,22.24
2010-03-30,5.55,23.39
2010-03-31,8.26,23.71
2010-04-01,17.42,20.84
2010-04-02,15.28,20.66
2010-04-03,2.5,21.25
2010-04-04,3.48,21.2
2010-04-05,23.19,19.54
2010-04-06,3.19,21.26
2010-04-07,0.06,21.55
2010-04-08,0.01,21.22
2010-04-09,0.96,21.13
2010-04-10,0.01,22.32
2010-04-11,0.0,20.2
2010-04-12,0.0,20.51
2010-04-13,0.0,21.19
2010-04-14,0.0,20.04
2010-04-15,0.0,19.79
2010-04-16,0.0,20.61
2010-04-17,0.0,21.14
2010-04-18,0.05,21.11
2010-04-19,2.47,19.52
2010-04-20,1.04,17.69
2010-04-21,0.03,17.12
2010-04-22,0.01,18.93
2010-04-23,20.22,16.77
2010-04-24,5.31,15.78
2010-04-25,7.6,14.12
2010-04-26,10.33,13.95
2010-04-27,22.13,15.16
2010-04-28,7.35,17.41
2010-04-29,0.2,18.88
2010-04-30,2.83,18.44
2010-05-01,4.43,18.82
2010-05-02,0.04,18.95
2010-05-03,8.54,17.74
2010-05-04,0.06,16.83
2010-05-05,0.0,15.58
2010-05-06,0.0,17.53
2010-05-07,0.87,19.81
2010-05-08,1.6,19.52
2010-05-09,1.04,19.56
2010-05-10,1.43,18.19
2010-05-11,0.0,14.63
2010-05-12,0.0,14.68
2010-05-13,0.0,15.77
2010-05-14,0.0,17.78
2010-05-15,1.62,18.2
2010-05-16,0.05,16.74
2010-05-17,0.0,15.9
2010-05-18,0.0,15.6
2010-05-19,0.0,15.87
2010-05-20,0.0,15.2
2010-05-21,0.0,15.25
2010-05-22,0.0,15.08
2010-05-23,0.0,15.12
2010-05-24,0.0,16.42
2010-05-25,0.0,15.77
2010-05-26,0.0,16.23
2010-05-27,0.0,15.45
2010-05-28,0.0,14.37
2010-05-29,1.15,14.32
2010-05-30,2.54,12.93
2010-05-31,0.0,12.42
2010-06-01,0.0,12.57
2010-06-02,0.0,12.27
2010-06-03,0.0,11.94
2010-06-04,0.0,13.42
2010-06-05,0.0,12.99
2010-06-06,0.0,13.98
2010-06-07,0.0,14.14
2010-06-08,0.0,13.73
2010-06-09,0.0,11.44
2010-06-10,0.0,12.91
2010-06-11,0.03,13.2
2010-06-12,0.02,13.35
2010-06-13,0.0,14.08
2010-06-14,0.0,12.29
2010-06-15,0.0,6.32
2010-06-16,0.0,4.49
2010-06-17,0.0,4.59
2010-06-18,0.0,5.78
2010-06-19,0.0,7.61
2010-06-20,0.0,10.66
2010-06-21,0.0,10.68
2010-06-22,0.0,12.18
2010-06-23,0.0,10.94
2010-06-24,0.0,11.04
2010-06-25,0.0,12.79
2010-06-26,0.0,12.75
2010-06-27,0.0,11.7
2010-06-28,0.0,11.3
2010-06-29,0.0,11.2
2010-06-30,0.0,13.33
2010-07-01,0.0,12.48
2010-07-02,0.0,12.28
2010-07-03,0.0,12.69
2010-07-04,0.0,12.6
2010-07-05,0.0,12.76
2010-07-06,0.0,14.36
2010-07-07,0.0,13.9
2010-07-08,0.0,11.78
2010-07-09,0.0,11.7
2010-07-10,0.0,12.32
2010-07-11,0.0,10.7
2010-07-12,0.0,5.43
2010-07-13,0.0,6.23
2010-07-14,0.0,9.1
2010-07-15,0.0,9.03
2010-07-16,0.0,6.25
2010-07-17,0.0,8.68
2010-07-18,0.0,10.42
2010-07-19,0.0,11.28
2010-07-20,0.0,12.14
2010-07-21,0.0,11.35
2010-07-22,0.0,12.02
2010-07-23,0.0,13.67
2010-07-24,0.0,15.99
2010-07-25,0.0,16.12
2010-07-26,0.0,15.98
2010-07-27,0.0,16.3
2010-07-28,0.0,15.36
2010-07-29,0.0,14.15
2010-07-30,0.0,13.05
2010-07-31,0.0,12.71
2010-08-01,0.0,14.95
2010-08-02,0.0,14.92
2010-08-03,0.0,15.32
2010-08-04,0.0,14.92
2010-08-05,0.0,16.45
2010-08-06,0.0,16.79
2010-08-07,0.0,14.41
2010-08-08,0.0,16.3
2010-08-09,0.0,12.87
2010-08-10,0.0,9.07
2010-08-11,0.0,9.0
2010-08-12,0.0,9.35
2010-08-13,0.0,11.47
2010-08-14,0.0,13.9
2010-08-15,0.0,15.43
2010-08-16,0.0,15.9
2010-08-17,0.0,14.67
2010-08-18,0.0,16.81
2010-08-19,0.0,17.61
2010-08-20,0.0,15.54
2010-08-21,0.0,14.04
2010-08-22,0.0,17.33
2010-08-23,0.0,15.58
2010-08-24,0.0,15.39
2010-08-25,0.0,16.59
2010-08-26,0.0,17.69
2010-08-27,0.0,19.13
2010-08-28,0.0,20.8
2010-08-29,0.0,20.96
2010-08-30,0.0,18.94
2010-08-31,0.0,17.96
2010-09-01,0.0,19.48
2010-09-02,0.0,21.63
2010-09-03,0.0,21.1
2010-09-04,0.0,20.95
2010-09-05,0.0,22.58
2010-09-06,0.0,21.12
2010-09-07,0.0,23.37
2010-09-08,0.0,21.16
2010-09-09,0.0,21.64
2010-09-10,0.0,22.15
2010-09-11,0.0,20.28
2010-09-12,0.0,19.83
2010-09-13,0.0,22.53
2010-09-14,0.0,21.23
2010-09-15,0.0,21.2
2010-09-16,0.0,23.49
2010-09-17,0.0,20.77
2010-09-18,0.0,20.62
2010-09-19,0.0,22.65
2010-09-20,0.0,23.33
2010-09-21,0.0,19.65
2010-09-22,0.0,17.39
2010-09-23,0.0,20.42
2010-09-24,0.0,23.02
2010-09-25,0.0,23.06
2010-09-26,0.0,23.27
2010-09-27,0.0,21.58
2010-09-28,0.0,18.58
2010-09-29,0.0,19.12
2010-09-30,0.0,21.78
2010-10-01,0.0,24.14
2010-10-02,0.0,26.17
2010-10-03,0.0,27.9
2010-10-04,0.04,27.26
2010-10-05,0.23,25.1
2010-10-06,0.0,25.54
2010-10-07,0.0,26.48
2010-10-08,0.01,26.6
2010-10-09,0.02,28.47
2010-10-10,0.12,28.11
2010-10-11,0.0,25.81
2010-10-12,0.0,26.05
2010-10-13,0.2,24.68
2010-10-14,0.05,24.27
2010-10-15,0.0,17.93
2010-10-16,0.0,18.99
2010-10-17,0.0,20.34
2010-10-18,0.0,22.54
2010-10-19,0.05,24.61
2010-10-20,0.0,25.73
2010-10-21,0.0,27.2
2010-10-22,0.02,25.41
2010-10-23,0.13,26.19
2010-10-24,0.09,26.15
2010-10-25,0.0,22.16
2010-10-26,0.0,23.52
2010-10-27,0.5,25.58
2010-10-28,0.0,24.77
2010-10-29,0.02,24.07
2010-10-30,0.03,26.47
2010-10-31,10.42,26.81
2010-11-01,12.73,23.3
2010-11-02,0.02,24.6
2010-11-03,0.1,25.67
2010-11-04,1.43,25.47
2010-11-05,0.0,26.09
2010-11-06,0.0,25.86
2010-11-07,4.69,26.0
2010-11-08,4.27,25.39
2010-11-09,4.47,22.93
2010-11-10,0.04,19.97
2010-11-11,0.0,22.19
2010-11-12,0.25,25.75
2010-11-13,0.0,26.5
2010-11-14,0.2,26.6
2010-11-15,0.01,23.71
2010-11-16,2.49,22.95
2010-11-17,6.44,21.92
2010-11-18,15.65,19.06
2010-11-19,0.9,23.03
2010-11-20,0.0,26.43
2010-11-21,0.86,26.52
2010-11-22,3.31,26.11
2010-11-23,2.71,26.19
2010-11-24,10.63,22.6
2010-11-25,0.49,21.62
2010-11-26,1.53,23.06
2010-11-27,0.33,25.5
2010-11-28,0.86,27.31
2010-11-29,0.25,27.48
2010-11-30,2.36,25.09
2010-12-01,0.98,25.26
2010-12-02,0.81,25.16
2010-12-03,0.36,22.8
2010-12-04,0.0,25.47
2010-12-05,0.0,26.08
2010-12-06,0.35,26.12
2010-12-07,0.34,24.56
2010-12-08,0.27,25.21
2010-12-09,0.32,26.16
2010-12-10,3.55,27.1
2010-12-11,0.27,28.47
2010-12-12,3.22,26.35
2010-12-13,3.24,25.07
2010-12-14,9.05,23.26
2010-12-15,21.96,21.8
2010-12-16,7.37,23.75
2010-12-17,0.0,25.96
2010-12-18,0.43,26.91
2010-12-19,2.62,26.01
2010-12-20,2.64,24.45
2010-12-21,1.71,24.52
2010-12-22,1.17,26.32
2010-12-23,0.88,28.19
2010-12-24,3.71,27.6
2010-12-25,1.67,27.73
2010-12-26,0.99,25.29
2010-12-27,3.02,25.01
2010-12-28,0.0,26.84
2010-12-29,2.1,27.37
2010-12-30,3.65,26.84
2010-12-31,1.5,25.47
2011-01-01,1.36,24.93
2011-01-02,10.94,23.69
2011-01-03,6.18,24.98
2011-01-04,3.87,24.52
2011-01-05,11.49,25.21
2011-01-06,1.82,22.76
2011-01-07,3.06,20.24
2011-01-08,1.62,20.55
2011-01-09,1.83,22.06
2011-01-10,0.29,24.17
2011-01-11,2.51,24.45
2011-01-12,0.63,24.32
2011-01-13,2.3,23.55
2011-01-14,3.12,23.68
2011-01-15,4.87,23.71
2011-01-16,2.05,22.1
2011-01-17,12.68,23.11
2011-01-18,14.99,22.59
2011-01-19,4.19,24.37
2011-01-20,5.1,25.25
2011-01-21,5.12,24.59
2011-01-22,11.09,23.75
2011-01-23,7.1,25.02
2011-01-24,9.1,23.39
2011-01-25,5.62,23.45
2011-01-26,1.11,24.49
2011-01-27,0.07,24.97
2011-01-28,1.97,23.98
2011-01-29,0.48,24.35
2011-01-30,0.52,25.32
2011-01-31,0.83,24.54
2011-02-01,0.41,23.03
2011-02-02,1.43,23.27
2011-02-03,1.28,22.69
2011-02-04,0.03,22.21
2011-02-05,0.03,22.68
2011-02-06,0.0,24.28
2011-02-07,0.75,25.47
2011-02-08,2.33,24.38
2011-02-09,3.06,25.34
2011-02-10,1.37,25.49
2011-02-11,0.02,24.27
2011-02-12,0.37,26.7
2011-02-13,7.23,25.33
2011-02-14,2.0,25.09
2011-02-15,1.77,24.12
2011-02-16,3.3,24.57
2011-02-17,8.07,24.45
2011-02-18,7.85,23.02
2011-02-19,3.44,23.71
2011-02-20,0.26,24.63
2011-02-21,1.44,23.88
2011-02-22,8.01,23.14
2011-02-23,0.65,24.39
2011-02-24,3.21,22.57
2011-02-25,1.74,23.15
2011-02-26,0.49,21.97
2011-02-27,0.32,22.6
2011-02-28,0.06,25.03
2011-03-01,0.28,24.22
2011-03-02,0.0,22.47
2011-03-03,0.0,24.24
2011-03-04,0.01,24.68
2011-03-05,0.28,22.54
2011-03-06,0.03,23.08
2011-03-07,0.0,22.78
2011-03-08,0.0,23.25
2011-03-09,0.0,24.6
2011-03-10,0.0,24.9
2011-03-11,0.0,25.78
2011-03-12,0.56,26.1
2011-03-13,2.26,25.47
2011-03-14,10.23,22.09
2011-03-15,4.89,22.54
2011-03-16,6.88,22.17
2011-03-17,0.42,23.6
2011-03-18,2.37,24.21
2011-03-19,2.74,23.3
2011-03-20,7.5,21.43
2011-03-21,1.16,22.88
2011-03-22,0.03,24.36
2011-03-23,0.19,25.28
2011-03-24,0.05,25.95
2011-03-25,7.03,24.93
2011-03-26,11.82,23.33
2011-03-27,5.83,22.69
2011-03-28,1.14,23.25
2011-03-29,0.37,25.24
2011-03-30,0.27,25.16
2011-03-31,0.02,24.35
2011-04-01,2.4,23.91
2011-04-02,0.65,23.42
2011-04-03,0.33,24.35
2011-04-04,0.26,23.99
2011-04-05,19.77,18.02
2011-04-06,1.15,18.74
2011-04-07,0.01,20.81
2011-04-08,0.23,18.68
2011-04-09,0.03,19.42
2011-04-10,0.0,21.31
2011-04-11,0.26,19.15
2011-04-12,1.18,18.67
2011-04-13,4.27,19.77
2011-04-14,5.28,19.28
2011-04-15,12.98,19.26
2011-04-16,5.18,17.55
2011-04-17,0.2,17.84
2011-04-18,5.87,17.15
2011-04-19,1.41,17.27
2011-04-20,0.25,18.66
2011-04-21,1.35,18.47
2011-04-22,2.23,18.06
2011-04-23,8.52,16.96
2011-04-24,7.96,18.03
2011-04-25,3.79,18.58
2011-04-26,1.71,19.81
2011-04-27,0.65,16.21
2011-04-28,0.0,13.18
2011-04-29,0.1,14.47
2011-04-30,2.46,17.82
2011-05-01,1.15,18.03
2011-05-02,0.07,16.96
2011-05-03,0.0,18.28
2011-05-04,0.01,18.59
2011-05-05,0.06,17.58
2011-05-06,1.8,18.23
2011-05-07,0.39,17.41
2011-05-08,0.04,17.4
2011-05-09,7.2,16.66
2011-05-10,2.44,16.11
2011-05-11,0.0,17.1
2011-05-12,0.0,17.55
2011-05-13,0.0,16.98
2011-05-14,3.05,17.12
2011-05-15,0.08,17.18
2011-05-16,0.05,16.64
2011-05-17,0.15,17.06
2011-05-18,0.54,16.64
2011-05-19,0.0,14.81
2011-05-20,0.0,15.29
2011-05-21,0.0,15.71
2011-05-22,0.0,15.55
2011-05-23,0.0,15.91
2011-05-24,0.0,16.8
2011-05-25,0.0,11.65
2011-05-26,0.0,9.15
2011-05-27,0.0,11.02
2011-05-28,0.0,12.46
2011-05-29,0.0,13.24
2011-05-30,0.0,13.27
2011-05-31,0.0,8.23
2011-06-01,0.0,7.61
2011-06-02,0.0,9.23
2011-06-03,0.0,13.03
2011-06-04,0.0,14.41
2011-06-05,0.0,13.78
2011-06-06,0.05,13.7
2011-06-07,15.55,14.63
2011-06-08,3.19,9.16
2011-06-09,0.27,7.81
2011-06-10,0.01,9.75
2011-06-11,0.0,13.1
2011-06-12,0.0,15.34
2011-06-13,0.0,14.91
2011-06-14,0.0,12.37
2011-06-15,0.0,12.75
2011-06-16,0.0,11.61
2011-06-17,0.0,8.18
2011-06-18,0.0,8.4
2011-06-19,0.0,12.01
2011-06-20,0.0,11.89
2011-06-21,0.0,11.64
2011-06-22,0.0,11.49
2011-06-23,0.0,12.59
2011-06-24,0.0,7.74
2011-06-25,0.0,4.78
2011-06-26,0.0,6.94
2011-06-27,0.0,9.54
2011-06-28,0.0,11.64
2011-06-29,0.0,12.21
2011-06-30,0.0,11.09
2011-07-01,0.0,8.81
2011-07-02,0.0,10.31
2011-07-03,0.0,10.04
2011-07-04,0.0,9.86
2011-07-05,0.08,8.68
2011-07-06,0.0,7.12
2011-07-07,0.0,8.13
2011-07-08,0.0,8.52
2011-07-09,0.0,8.46
2011-07-10,0.07,8.45
2011-07-11,0.29,8.96
2011-07-12,0.0,10.7
2011-07-13,0.0,9.72
2011-07-14,0.38,10.27
2011-07-15,0.0,10.31
2011-07-16,0.0,10.5
2011-07-17,0.0,10.54
2011-07-18,0.0,10.28
2011-07-19,0.0,11.33
2011-07-20,0.0,13.13
2011-07-21,0.0,15.33
2011-07-22,0.0,14.81
2011-07-23,0.0,12.14
2011-07-24,0.0,12.71
2011-07-25,0.08,10.55
2011-07-26,0.0,8.11
2011-07-27,0.0,9.68
2011-07-28,0.0,11.71
2011-07-29,0.0,7.17
2011-07-30,0.0,8.94
2011-07-31,0.0,10.19
2011-08-01,0.0,11.4
2011-08-02,0.0,11.87
2011-08-03,0.0,10.98
2011-08-04,0.0,12.19
2011-08-05,0.0,13.06
2011-08-06,0.0,10.71
2011-08-07,0.0,11.2
2011-08-08,0.0,13.49
2011-08-09,0.0,13.66
2011-08-10,0.0,14.01
2011-08-11,0.0,14.85
2011-08-12,0.0,16.47
2011-08-13,0.0,15.71
2011-08-14,0.0,15.02
2011-08-15,0.06,11.56
2011-08-16,0.02,10.68
2011-08-17,0.0,10.76
2011-08-18,0.0,11.1
2011-08-19,0.0,13.51
2011-08-20,0.0,16.0
2011-08-21,0.0,17.0
2011-08-22,0.0,16.96
2011-08-23,0.0,14.2
2011-08-24,0.0,12.49
2011-08-25,0.0,15.51
2011-08-26,0.0,19.81
2011-08-27,0.0,20.34
2011-08-28,0.0,17.4
2011-08-29,0.0,16.89
2011-08-30,0.0,17.73
2011-08-31,0.0,19.44
2011-09-01,0.0,20.39
2011-09-02,0.0,19.49
2011-09-03,0.0,17.09
2011-09-04,0.0,18.38
2011-09-05,0.0,19.67
2011-09-06,0.0,21.82
2011-09-07,0.0,22.16
2011-09-08,0.0,20.34
2011-09-09,0.0,20.91
2011-09-10,0.0,22.16
2011-09-11,0.0,19.85
2011-09-12,0.0,19.18
2011-09-13,0.0,20.3
2011-09-14,0.0,20.2
2011-09-15,0.0,20.35
2011-09-16,0.0,19.58
2011-09-17,0.0,17.52
2011-09-18,0.0,19.6
2011-09-19,0.0,20.42
2011-09-20,0.0,18.37
2011-09-21,0.0,19.58
2011-09-22,0.0,20.03
2011-09-23,0.0,20.36
2011-09-24,0.01,19.6
2011-09-25,0.0,19.45
2011-09-26,0.0,20.24
2011-09-27,0.0,23.88
2011-09-28,0.0,24.51
2011-09-29,0.0,23.88
2011-09-30,0.01,24.16
2011-10-01,3.09,21.72
2011-10-02,4.1,22.16
2011-10-03,0.0,16.86
2011-10-04,0.0,18.4
2011-10-05,0.0,18.94
2011-10-06,0.0,16.81
2011-10-07,0.0,17.17
2011-10-08,0.0,19.64
2011-10-09,0.0,20.83
2011-10-10,0.0,21.83
2011-10-11,0.0,22.65
2011-10-12,0.0,24.25
2011-10-13,0.0,24.21
2011-10-14,0.0,24.31
2011-10-15,0.0,25.22
2011-10-16,0.0,24.08
2011-10-17,0.01,24.29
2011-10-18,1.26,25.08
2011-10-19,0.13,23.64
2011-10-20,0.0,19.03
2011-10-21,0.0,20.66
2011-10-22,0.0,24.58
2011-10-23,0.0,27.7
2011-10-24,0.0,29.6
2011-10-25,0.01,28.82
2011-10-26,0.31,29.16
2011-10-27,0.0,28.09
2011-10-28,8.57,25.0
2011-10-29,4.88,24.33
2011-10-30,2.22,24.31
2011-10-31,0.0,24.33
2011-11-01,0.37,20.69
2011-11-02,1.8,20.6
2011-11-03,0.0,22.12
2011-11-04,0.31,23.1
2011-11-05,0.01,21.02
2011-11-06,0.0,21.9
2011-11-07,0.0,23.53
2011-11-08,0.0,26.88
2011-11-09,0.01,29.09
2011-11-10,0.0,29.54
2011-11-11,0.03,29.39
2011-11-12,0.05,29.04
2011-11-13,0.0,28.78
2011-11-14,0.0,23.36
2011-11-15,0.0,24.24
2011-11-16,0.37,27.32
2011-11-17,13.91,27.74
2011-11-18,2.04,26.05
2011-11-19,15.2,26.89
2011-11-20,7.74,25.02
2011-11-21,3.9,25.14
2011-11-22,8.2,24.77
2011-11-23,12.12,21.21
2011-11-24,2.36,20.98
2011-11-25,0.0,20.37
2011-11-26,0.06,22.05
2011-11-27,0.66,23.18
2011-11-28,1.1,22.26
2011-11-29,1.89,23.52
2011-11-30,0.7,22.28
2011-12-01,2.97,21.92
2011-12-02,2.76,23.84
2011-12-03,0.14,25.48
2011-12-04,0.85,22.69
2011-12-05,0.01,22.73
2011-12-06,0.02,24.96
2011-12-07,0.07,26.78
2011-12-08,3.77,25.35
2011-12-09,10.74,21.58
2011-12-10,0.67,21.49
2011-12-11,2.07,23.28
2011-12-12,0.0,25.81
2011-12-13,2.54,25.71
2011-12-14,14.86,23.92
2011-12-15,5.39,22.65
2011-12-16,0.02,23.61
2011-12-17,0.15,24.23
2011-12-18,0.0,24.94
2011-12-19,0.12,25.89
2011-12-20,0.38,26.72
2011-12-21,0.64,27.02
2011-12-22,1.27,25.36
2011-12-23,6.16,25.93
2011-12-24,5.82,21.49
2011-12-25,1.73,22.96
2011-12-26,6.71,23.17
2011-12-27,4.28,23.43
2011-12-28,2.31,25.05
2011-12-29,2.78,24.88
2011-12-30,8.99,23.91
2011-12-31,1.58,25.63
2012-01-01,0.61,26.09
2012-01-02,0.0,26.8
2012-01-03,0.0,27.41
2012-01-04,0.07,27.11
2012-01-05,0.45,27.84
2012-01-06,3.63,27.56
2012-01-07,0.58,27.05
2012-01-08,2.15,27.14
2012-01-09,3.77,25.55
2012-01-10,3.89,25.96
2012-01-11,0.7,25.48
2012-01-12,3.31,26.8
2012-01-13,1.16,26.47
2012-01-14,1.66,26.76
2012-01-15,2.72,22.91
2012-01-16,0.34,23.66
2012-01-17,0.2,24.78
2012-01-18,0.81,24.05
2012-01-19,1.2,22.55
2012-01-20,0.13,23.6
2012-01-21,0.15,26.17
2012-01-22,4.16,27.06
2012-01-23,3.74,26.53
2012-01-24,4.0,26.21
2012-01-25,4.57,24.43
2012-01-26,0.74,24.99
2012-01-27,0.44,25.13
2012-01-28,0.99,24.46
2012-01-29,0.84,25.66
2012-01-30,0.02,25.93
2012-01-31,0.47,27.4
2012-02-01,0.08,26.75
2012-02-02,0.46,27.43
2012-02-03,0.08,26.63
2012-02-04,0.12,28.17
2012-02-05,4.93,27.48
2012-02-06,9.01,24.29
2012-02-07,4.22,24.33
2012-02-08,2.19,25.7
2012-02-09,0.23,26.27
2012-02-10,4.04,23.64
2012-02-11,0.05,24.73
2012-02-12,0.0,22.19
2012-02-13,0.01,24.1
2012-02-14,0.13,25.72
2012-02-15,0.31,27.27
2012-02-16,1.35,28.25
2012-02-17,0.25,28.03
2012-02-18,0.78,28.15
2012-02-19,0.44,27.9
2012-02-20,0.38,26.88
2012-02-21,0.28,28.18
2012-02-22,0.12,29.93
2012-02-23,0.01,29.44
2012-02-24,1.69,26.51
2012-02-25,0.91,25.42
2012-02-26,1.24,25.33
2012-02-27,2.95,26.32
2012-02-28,0.08,25.63
2012-02-29,0.28,26.24
2012-03-01,1.93,25.51
2012-03-02,0.14,25.67
2012-03-03,0.0,24.97
2012-03-04,0.0,27.99
2012-03-05,0.0,27.99
2012-03-06,0.13,26.18
2012-03-07,0.04,26.42
2012-03-08,0.13,26.7
2012-03-09,0.31,27.0
2012-03-10,2.88,27.49
2012-03-11,0.98,26.5
2012-03-12,2.68,25.43
2012-03-13,0.03,25.98
2012-03-14,0.09,25.0
2012-03-15,5.78,21.13
2012-03-16,9.44,21.25
2012-03-17,0.01,22.07
2012-03-18,0.0,20.95
2012-03-19,0.03,21.85
2012-03-20,0.06,22.93
2012-03-21,1.02,22.78
2012-03-22,0.0,23.5
2012-03-23,0.02,24.16
2012-03-24,0.01,23.26
2012-03-25,0.01,22.68
2012-03-26,0.0,22.73
2012-03-27,0.14,23.84
2012-03-28,8.97,22.02
2012-03-29,3.51,22.1
2012-03-30,2.41,22.86
2012-03-31,0.04,17.9
2012-04-01,0.0,17.67
2012-04-02,0.0,17.67
2012-04-03,0.0,18.5
2012-04-04,0.0,19.53
2012-04-05,0.0,20.31
2012-04-06,0.0,19.17
2012-04-07,0.02,19.17
2012-04-08,0.09,20.99
2012-04-09,0.0,19.61
2012-04-10,0.0,16.87
2012-04-11,0.0,18.32
2012-04-12,0.0,19.12
2012-04-13,0.03,18.18
2012-04-14,0.01,17.07
2012-04-15,0.0,18.5
2012-04-16,0.01,20.18
2012-04-17,0.0,19.93
2012-04-18,0.0,21.14
2012-04-19,0.0,20.47
2012-04-20,0.0,22.15
2012-04-21,0.0,22.09
2012-04-22,0.27,21.0
2012-04-23,0.11,21.75
2012-04-24,3.36,20.37
2012-04-25,0.14,17.87
2012-04-26,0.0,18.36
2012-04-27,0.0,20.38
2012-04-28,0.02,21.8
2012-04-29,0.0,22.37
2012-04-30,0.0,23.33
2012-05-01,0.0,23.93
2012-05-02,0.0,23.62
2012-05-03,0.0,21.57
2012-05-04,0.0,22.92
2012-05-05,0.0,22.64
2012-05-06,0.0,20.88
2012-05-07,0.0,20.69
2012-05-08,0.14,19.11
2012-05-09,0.0,20.0
2012-05-10,0.0,20.7
2012-05-11,0.0,20.51
2012-05-12,0.01,19.06
2012-05-13,0.13,17.86
2012-05-14,0.0,18.67
2012-05-15,0.0,15.47
2012-05-16,0.0,14.57
2012-05-17,0.0,15.84
2012-05-18,0.0,15.21
2012-05-19,0.0,16.55
2012-05-20,0.0,14.68
2012-05-21,0.0,11.75
2012-05-22,0.0,11.53
2012-05-23,0.0,14.66
2012-05-24,0.0,18.26
2012-05-25,0.0,16.78
2012-05-26,0.0,14.97
2012-05-27,0.0,16.1
2012-05-28,0.0,14.66
2012-05-29,0.0,15.76
2012-05-30,0.0,16.81
2012-05-31,0.0,14.65
2012-06-01,0.0,14.97
2012-06-02,0.0,15.1
2012-06-03,0.0,14.42
2012-06-04,0.0,12.99
2012-06-05,0.0,13.1
2012-06-06,0.0,14.26
2012-06-07,0.0,11.89
2012-06-08,0.0,11.63
2012-06-09,0.0,7.52
2012-06-10,0.0,7.23
2012-06-11,0.0,8.06
2012-06-12,0.0,11.58
2012-06-13,0.0,12.49
2012-06-14,0.0,10.47
2012-06-15,0.0,10.55
2012-06-16,0.0,11.04
2012-06-17,0.0,12.75
2012-06-18,0.0,13.85
2012-06-19,0.0,13.88
2012-06-20,0.0,13.53
2012-06-21,0.8,14.69
2012-06-22,0.58,15.39
2012-06-23,1.24,15.66
2012-06-24,0.0,9.29
2012-06-25,0.0,8.41
2012-06-26,0.0,10.82
2012-06-27,0.0,13.66
2012-06-28,0.0,12.37
2012-06-29,0.0,13.79
2012-06-30,0.0,15.47
2012-07-01,0.0,15.23
2012-07-02,0.0,14.92
2012-07-03,0.0,15.1
2012-07-04,0.0,14.43
2012-07-05,0.0,15.61
2012-07-06,0.0,13.36
2012-07-07,0.02,14.15
2012-07-08,0.0,10.86
2012-07-09,0.0,12.5
2012-07-10,0.0,15.04
2012-07-11,0.0,15.14
2012-07-12,0.0,13.95
2012-07-13,0.02,14.27
2012-07-14,0.0,8.71
2012-07-15,0.0,6.91
2012-07-16,0.0,8.67
2012-07-17,0.0,10.34
2012-07-18,0.0,10.43
2012-07-19,0.0,12.83
2012-07-20,0.0,13.26
2012-07-21,0.0,13.89
2012-07-22,0.0,13.72
2012-07-23,0.0,12.46
2012-07-24,0.0,13.77
2012-07-25,0.0,14.73
2012-07-26,0.0,14.04
2012-07-27,0.0,14.69
2012-07-28,0.0,13.4
2012-07-29,0.0,13.1
2012-07-30,0.0,13.61
2012-07-31,0.0,14.67
2012-08-01,0.0,12.6
2012-08-02,0.0,11.88
2012-08-03,0.0,13.68
2012-08-04,0.0,15.82
2012-08-05,0.0,17.22
2012-08-06,0.01,11.68
2012-08-07,0.02,5.29
2012-08-08,0.03,7.21
2012-08-09,0.0,10.32
2012-08-10,0.0,13.25
2012-08-11,0.0,14.5
2012-08-12,0.0,8.31
2012-08-13,0.0,9.88
2012-08-14,0.0,12.32
2012-08-15,0.0,15.86
2012-08-16,0.0,12.19
2012-08-17,0.0,13.9
2012-08-18,0.16,14.24
2012-08-19,0.0,16.1
2012-08-20,0.0,19.97
2012-08-21,0.0,20.87
2012-08-22,0.0,21.53
2012-08-23,0.0,23.29
2012-08-24,0.0,22.83
2012-08-25,0.0,23.04
2012-08-26,0.0,20.78
2012-08-27,0.0,19.81
2012-08-28,0.0,19.37
2012-08-29,0.0,19.58
2012-08-30,0.0,20.08
2012-08-31,0.0,21.01
2012-09-01,0.0,18.18
2012-09-02,0.0,16.83
2012-09-03,0.0,18.41
2012-09-04,0.0,19.9
2012-09-05,0.35,18.24
2012-09-06,0.0,13.64
2012-09-07,0.01,13.69
2012-09-08,0.0,15.46
2012-09-09,0.0,18.21
2012-09-10,0.0,18.41
2012-09-11,0.0,18.76
2012-09-12,0.0,20.32
2012-09-13,0.02,20.58
2012-09-14,0.0,19.97
2012-09-15,0.57,18.01
2012-09-16,0.01,17.62
2012-09-17,0.0,17.34
2012-09-18,0.0,20.37
2012-09-19,0.0,22.75
2012-09-20,0.49,23.97
2012-09-21,0.28,23.65
2012-09-22,0.07,22.37
2012-09-23,0.0,18.48
2012-09-24,0.0,19.25
2012-09-25,0.0,19.84
2012-09-26,0.0,21.92
2012-09-27,0.06,24.57
2012-09-28,0.01,19.71
2012-09-29,0.0,14.69
2012-09-30,0.0,18.49
2012-10-01,0.0,20.56
2012-10-02,0.0,22.0
2012-10-03,0.0,24.13
2012-10-04,0.0,26.94
2012-10-05,0.0,26.74
2012-10-06,0.0,25.96
2012-10-07,0.0,25.4
2012-10-08,0.0,24.82
2012-10-09,0.84,23.67
2012-10-10,3.0,25.67
2012-10-11,3.2,25.1
2012-10-12,5.2,22.25
2012-10-13,0.14,21.29
2012-10-14,0.0,21.15
2012-10-15,0.09,22.12
2012-10-16,2.86,24.9
2012-10-17,5.41,24.39
2012-10-18,0.05,22.26
2012-10-19,0.0,22.51
2012-10-20,0.86,18.21
2012-10-21,2.59,21.13
2012-10-22,0.74,23.71
2012-10-23,25.42,20.48
2012-10-24,0.96,19.65
2012-10-25,0.11,20.49
2012-10-26,0.25,24.31
2012-10-27,0.77,24.95
2012-10-28,2.37,23.96
2012-10-29,1.54,23.43
2012-10-30,0.01,24.25
2012-10-31,0.0,19.5
2012-11-01,0.62,18.93
2012-11-02,0.0,18.84
2012-11-03,0.0,20.79
2012-11-04,0.03,23.75
2012-11-05,0.31,27.13
2012-11-06,0.02,28.29
2012-11-07,0.1,29.26
2012-11-08,2.37,25.8
2012-11-09,1.69,23.89
2012-11-10,3.66,24.4
2012-11-11,3.24,24.3
2012-11-12,3.99,23.78
2012-11-13,2.67,26.0
2012-11-14,3.17,24.65
2012-11-15,1.62,24.79
2012-11-16,0.02,26.59
2012-11-17,0.01,27.89
2012-11-18,0.97,27.0
2012-11-19,0.03,27.92
2012-11-20,0.0,30.04
2012-11-21,0.02,29.39
2012-11-22,5.6,24.14
2012-11-23,10.98,22.82
2012-11-24,12.87,20.92
2012-11-25,0.3,21.3
2012-11-26,1.3,20.2
2012-11-27,0.0,23.03
2012-11-28,0.0,22.39
2012-11-29,0.27,24.23
2012-11-30,0.25,25.29
2012-12-01,8.64,19.42
2012-12-02,5.49,20.01
2012-12-03,7.11,22.29
2012-12-04,0.64,24.72
2012-12-05,5.43,24.67
2012-12-06,3.12,22.9
2012-12-07,2.52,24.19
2012-12-08,5.31,26.03
2012-12-09,9.48,25.28
2012-12-10,7.02,23.9
2012-12-11,11.02,20.12
2012-12-12,1.83,21.25
2012-12-13,6.92,20.48
2012-12-14,1.49,22.99
2012-12-15,0.57,24.71
2012-12-16,0.24,25.85
2012-12-17,1.68,25.03
2012-12-18,1.13,24.64
2012-12-19,1.38,23.71
2012-12-20,1.44,24.15
2012-12-21,2.3,23.26
2012-12-22,4.52,23.49
2012-12-23,0.27,24.99
2012-12-24,0.74,26.0
2012-12-25,0.82,27.05
2012-12-26,4.5,25.8
2012-12-27,4.93,26.34
2012-12-28,3.09,27.91
2012-12-29,1.76,27.95
2012-12-30,4.69,27.63
2012-12-31,0.02,25.25
2013-01-01,0.97,26.78
2013-01-02,9.08,24.72
2013-01-03,1.45,24.68
2013-01-04,0.0,25.19
2013-01-05,1.3,23.63
2013-01-06,0.24,23.54
2013-01-07,0.72,26.53
2013-01-08,0.52,26.49
2013-01-09,0.15,27.5
2013-01-10,2.37,28.87
2013-01-11,2.71,26.96
2013-01-12,2.48,26.41
2013-01-13,0.64,25.67
2013-01-14,0.24,26.16
2013-01-15,3.05,26.91
2013-01-16,1.27,24.54
2013-01-17,1.65,23.47
2013-01-18,7.97,21.67
2013-01-19,12.4,21.54
2013-01-20,3.02,23.3
2013-01-21,0.0,25.7
2013-01-22,0.27,26.12
2013-01-23,0.15,25.29
2013-01-24,0.04,25.67
2013-01-25,0.0,29.14
2013-01-26,1.19,26.85
2013-01-27,1.69,26.66
2013-01-28,1.48,27.07
2013-01-29,2.98,24.73
2013-01-30,0.85,25.53
2013-01-31,0.19,27.4
2013-02-01,2.39,25.18
2013-02-02,0.75,26.26
2013-02-03,0.51,28.08
2013-02-04,2.38,27.14
2013-02-05,4.65,25.76
2013-02-06,2.04,24.45
2013-02-07,2.57,26.0
2013-02-08,0.35,27.46
2013-02-09,2.26,26.05
2013-02-10,0.14,25.13
2013-02-11,1.26,25.48
2013-02-12,0.84,25.59
2013-02-13,0.8,25.58
2013-02-14,0.72,27.29
2013-02-15,2.37,28.56
2013-02-16,2.96,25.78
2013-02-17,0.13,25.2
2013-02-18,0.08,27.13
2013-02-19,0.45,28.39
2013-02-20,0.02,28.26
2013-02-21,0.27,26.53
2013-02-22,0.02,26.75
2013-02-23,0.0,27.96
2013-02-24,0.0,27.5
2013-02-25,1.89,26.51
2013-02-26,1.78,26.49
2013-02-27,2.02,28.41
2013-02-28,0.69,28.87
2013-03-01,3.69,26.01
2013-03-02,0.53,23.65
2013-03-03,0.13,23.41
2013-03-04,0.08,24.28
2013-03-05,0.52,24.63
2013-03-06,0.42,26.83
2013-03-07,2.42,27.15
2013-03-08,0.2,28.05
2013-03-09,0.02,26.92
2013-03-10,1.65,24.36
2013-03-11,0.21,22.38
2013-03-12,2.79,23.01
2013-03-13,4.53,24.71
2013-03-14,8.05,21.65
2013-03-15,0.1,21.24
2013-03-16,0.04,24.07
2013-03-17,0.0,23.87
2013-03-18,0.0,23.7
2013-03-19,0.0,25.09
2013-03-20,0.0,24.43
2013-03-21,0.0,25.2
2013-03-22,1.32,26.22
2013-03-23,2.51,25.4
2013-03-24,1.03,24.4
2013-03-25,0.48,24.91
2013-03-26,4.26,22.44
2013-03-27,38.26,20.16
2013-03-28,0.84,21.12
2013-03-29,2.19,21.27
2013-03-30,18.45,20.64
2013-03-31,0.05,20.08
2013-04-01,0.3,21.17
2013-04-02,0.9,22.66
2013-04-03,0.02,21.31
2013-04-04,0.0,17.78
2013-04-05,0.07,17.32
2013-04-06,0.0,19.71
2013-04-07,0.0,19.3
2013-04-08,0.0,21.3
2013-04-09,0.0,21.6
2013-04-10,0.0,19.18
2013-04-11,0.75,17.75
2013-04-12,2.1,18.28
2013-04-13,1.8,17.03
2013-04-14,0.21,18.85
2013-04-15,0.04,22.63
2013-04-16,0.0,21.96
2013-04-17,0.0,21.83
2013-04-18,0.03,19.05
2013-04-19,18.26,15.94
2013-04-20,14.9,15.91
2013-04-21,0.0,14.01
2013-04-22,0.0,14.99
2013-04-23,0.0,16.26
2013-04-24,0.0,16.11
2013-04-25,0.0,16.55
2013-04-26,0.0,18.11
2013-04-27,0.0,17.5
2013-04-28,0.0,17.66
2013-04-29,0.0,19.29
2013-04-30,0.0,17.36
2013-05-01,0.0,16.68
2013-05-02,0.0,17.66
2013-05-03,0.0,18.29
2013-05-04,0.0,14.43
2013-05-05,0.0,11.97
2013-05-06,0.0,11.64
2013-05-07,0.0,12.3
2013-05-08,0.0,14.27
2013-05-09,0.0,16.16
2013-05-10,0.01,16.55
2013-05-11,0.06,15.06
2013-05-12,0.0,14.01
2013-05-13,0.0,14.75
2013-05-14,0.0,15.22
2013-05-15,0.0,14.86
2013-05-16,0.0,15.57
2013-05-17,0.07,16.15
2013-05-18,0.17,14.91
2013-05-19,0.06,14.52
2013-05-20,0.0,15.54
2013-05-21,0.0,15.99
2013-05-22,0.0,16.72
2013-05-23,0.0,16.58
2013-05-24,0.0,17.43
2013-05-25,0.0,17.27
2013-05-26,0.0,16.31
2013-05-27,0.0,16.02
2013-05-28,0.0,16.27
2013-05-29,0.0,17.03
2013-05-30,0.0,17.93
2013-05-31,0.0,17.12
2013-06-01,0.0,16.45
2013-06-02,0.0,16.47
2013-06-03,0.0,14.02
2013-06-04,0.0,14.67
2013-06-05,0.0,16.27
2013-06-06,0.0,14.28
2013-06-07,0.0,14.98
2013-06-08,0.0,15.84
2013-06-09,0.0,10.42
2013-06-10,0.0,8.58
2013-06-11,0.0,10.34
2013-06-12,0.0,12.29
2013-06-13,0.0,15.11
2013-06-14,0.0,14.63
2013-06-15,0.0,12.13
2013-06-16,0.0,9.93
2013-06-17,0.0,11.23
2013-06-18,0.0,10.12
2013-06-19,0.0,11.45
2013-06-20,0.0,13.21
2013-06-21,0.0,13.48
2013-06-22,0.0,14.48
2013-06-23,0.0,12.53
2013-06-24,0.0,12.64
2013-06-25,0.0,14.05
2013-06-26,0.0,15.38
2013-06-27,0.0,14.49
2013-06-28,0.0,12.98
2013-06-29,0.0,14.47
2013-06-30,0.0,16.51
2013-07-01,0.0,16.61
2013-07-02,0.0,16.2
2013-07-03,0.0,16.05
2013-07-04,0.0,15.13
2013-07-05,0.07,14.47
2013-07-06,0.02,14.82
2013-07-07,0.0,14.79
2013-07-08,0.0,16.47
2013-07-09,0.0,17.13
2013-07-10,0.0,15.31
2013-07-11,0.0,12.63
2013-07-12,0.0,11.74
2013-07-13,0.0,13.51
2013-07-14,0.0,13.5
2013-07-15,0.0,13.14
2013-07-16,0.0,13.23
2013-07-17,0.0,14.79
2013-07-18,0.0,12.32
2013-07-19,0.0,13.21
2013-07-20,0.0,11.54
2013-07-21,0.0,10.85
2013-07-22,0.0,10.6
2013-07-23,0.0,12.4
2013-07-24,0.0,14.25
2013-07-25,0.0,15.54
2013-07-26,0.0,15.63
2013-07-27,0.0,15.65
2013-07-28,0.0,14.38
2013-07-29,0.0,11.12
2013-07-30,0.0,11.29
2013-07-31,0.0,11.38
2013-08-01,0.0,11.13
2013-08-02,0.0,11.73
2013-08-03,0.0,12.54
2013-08-04,0.01,13.69
2013-08-05,0.0,13.75
2013-08-06,0.0,13.39
2013-08-07,0.0,14.63
2013-08-08,0.0,14.85
2013-08-09,0.22,13.08
2013-08-10,0.0,12.55
2013-08-11,0.3,13.92
2013-08-12,0.0,11.82
2013-08-13,0.0,15.14
2013-08-14,0.0,13.6
2013-08-15,0.0,12.87
2013-08-16,0.0,13.09
2013-08-17,0.0,16.0
2013-08-18,0.0,13.47
2013-08-19,0.0,12.71
2013-08-20,0.0,14.79
2013-08-21,0.0,17.0
2013-08-22,0.0,15.09
2013-08-23,0.0,14.96
2013-08-24,0.04,17.25
2013-08-25,0.0,19.0
2013-08-26,0.0,18.35
2013-08-27,0.0,18.91
2013-08-28,0.0,19.5
2013-08-29,0.0,19.64
2013-08-30,0.0,14.89
2013-08-31,0.0,8.97
2013-09-01,0.0,10.11
2013-09-02,0.0,13.16
2013-09-03,0.0,17.28
2013-09-04,0.0,18.93
2013-09-05,0.0,18.27
2013-09-06,0.0,18.63
2013-09-07,0.0,19.68
2013-09-08,0.0,20.58
2013-09-09,0.0,22.57
2013-09-10,0.0,22.86
2013-09-11,0.0,22.12
2013-09-12,0.0,22.29
2013-09-13,0.0,22.34
2013-09-14,0.0,22.64
2013-09-15,0.0,22.98
2013-09-16,0.0,22.29
2013-09-17,0.0,22.34
2013-09-18,0.0,24.34
2013-09-19,0.44,24.84
2013-09-20,1.08,22.48
2013-09-21,0.13,14.46
2013-09-22,13.12,14.54
2013-09-23,8.21,16.31
2013-09-24,0.0,21.55
2013-09-25,0.0,24.18
2013-09-26,0.0,24.0
2013-09-27,0.1,23.3
2013-09-28,0.01,21.5
2013-09-29,0.16,18.43
2013-09-30,4.52,15.16
2013-10-01,0.0,14.93
2013-10-02,0.0,18.04
2013-10-03,0.0,20.84
2013-10-04,0.0,21.04
2013-10-05,0.0,22.13
2013-10-06,0.0,24.31
2013-10-07,0.29,23.27
2013-10-08,0.18,22.93
2013-10-09,0.0,23.83
2013-10-10,0.0,25.16
2013-10-11,0.0,25.56
2013-10-12,0.01,26.45
2013-10-13,0.0,21.65
2013-10-14,0.0,19.92
2013-10-15,0.0,21.44
2013-10-16,2.8,23.6
2013-10-17,1.41,25.12
2013-10-18,0.0,24.39
2013-10-19,1.09,23.25
2013-10-20,3.44,18.75
2013-10-21,1.7,21.5
2013-10-22,0.0,18.31
2013-10-23,0.01,18.89
2013-10-24,0.0,20.12
2013-10-25,10.93,21.8
2013-10-26,0.81,23.71
2013-10-27,0.0,23.76
2013-10-28,6.8,22.45
2013-10-29,0.3,23.42
2013-10-30,0.03,24.63
2013-10-31,0.0,22.01
2013-11-01,0.0,19.5
2013-11-02,0.0,21.37
2013-11-03,0.17,21.43
2013-11-04,0.0,23.07
2013-11-05,0.0,25.06
2013-11-06,0.33,25.57
2013-11-07,0.09,26.94
2013-11-08,0.0,25.55
2013-11-09,0.0,26.28
2013-11-10,0.0,27.25
2013-11-11,0.36,27.4
2013-11-12,1.14,27.63
2013-11-13,0.02,29.5
2013-11-14,1.67,29.31
2013-11-15,2.01,28.5
2013-11-16,1.41,27.21
2013-11-17,0.0,25.8
2013-11-18,0.0,26.26
2013-11-19,4.96,24.52
2013-11-20,1.9,24.91
2013-11-21,0.91,22.27
2013-11-22,1.83,22.14
2013-11-23,0.23,23.61
2013-11-24,3.87,25.25
2013-11-25,0.59,24.02
2013-11-26,0.69,25.56
2013-11-27,2.34,27.49
2013-11-28,6.92,25.6
2013-11-29,4.76,24.0
2013-11-30,1.1,25.73
2013-12-01,0.21,24.59
2013-12-02,4.51,23.11
2013-12-03,6.67,23.48
2013-12-04,0.08,25.65
2013-12-05,0.15,25.6
2013-12-06,3.31,23.68
2013-12-07,1.99,23.18
2013-12-08,0.58,24.5
2013-12-09,0.92,22.87
2013-12-10,16.24,19.15
2013-12-11,4.64,23.14
2013-12-12,11.36,23.4
2013-12-13,4.42,24.82
2013-12-14,1.57,26.19
2013-12-15,2.63,27.4
2013-12-16,1.17,26.17
2013-12-17,4.6,23.75
2013-12-18,1.69,24.02
2013-12-19,1.2,23.25
2013-12-20,1.25,24.16
2013-12-21,2.11,24.98
2013-12-22,2.13,27.12
2013-12-23,5.01,26.27
2013-12-24,3.87,24.79
2013-12-25,3.88,24.71
2013-12-26,5.11,22.16
2013-12-27,4.11,22.9
2013-12-28,4.04,24.05
2013-12-29,9.06,22.83
2013-12-30,2.82,22.66
2013-12-31,0.57,24.02
2014-01-01,0.31,23.96
2014-01-02,0.3,24.96
2014-01-03,3.05,24.75
2014-01-04,0.63,24.74
2014-01-05,3.06,22.62
2014-01-06,0.85,23.95
2014-01-07,0.01,26.3
2014-01-08,0.24,25.56
2014-01-09,1.26,25.87
2014-01-10,0.0,25.58
2014-01-11,0.12,27.57
2014-01-12,0.58,26.41
2014-01-13,0.57,27.63
2014-01-14,2.42,24.9
2014-01-15,0.93,25.25
2014-01-16,0.42,27.52
2014-01-17,5.67,27.1
2014-01-18,0.48,26.79
2014-01-19,1.27,26.3
2014-01-20,1.65,26.91
2014-01-21,0.18,26.3
2014-01-22,1.96,25.71
2014-01-23,1.05,27.03
2014-01-24,1.44,27.83
2014-01-25,6.07,28.05
2014-01-26,2.55,25.84
2014-01-27,1.11,24.23
2014-01-28,7.11,23.49
2014-01-29,9.49,22.09
2014-01-30,7.0,24.02
2014-01-31,9.56,23.81
2014-02-01,6.54,23.18
2014-02-02,2.48,24.58
2014-02-03,7.98,21.52
2014-02-04,20.93,21.42
2014-02-05,14.05,22.25
2014-02-06,6.5,23.01
2014-02-07,13.31,22.07
2014-02-08,5.88,22.47
2014-02-09,6.53,21.68
2014-02-10,2.04,23.17
2014-02-11,0.21,23.71
2014-02-12,0.0,23.16
2014-02-13,0.18,22.96
2014-02-14,0.91,23.0
2014-02-15,2.47,22.9
2014-02-16,1.19,22.63
2014-02-17,0.19,22.74
2014-02-18,0.25,23.83
2014-02-19,0.63,23.94
2014-02-20,2.25,24.56
2014-02-21,2.52,24.89
2014-02-22,15.68,22.99
2014-02-23,6.87,22.42
2014-02-24,5.96,23.26
2014-02-25,0.87,23.25
2014-02-26,1.0,22.96
2014-02-27,0.81,21.85
2014-02-28,0.23,22.55
2014-03-01,6.12,19.71
2014-03-02,19.55,19.73
2014-03-03,15.09,21.34
2014-03-04,5.12,21.86
2014-03-05,6.55,22.55
2014-03-06,3.96,22.33
2014-03-07,3.18,21.58
2014-03-08,3.83,21.54
2014-03-09,5.66,21.78
2014-03-10,19.65,21.01
2014-03-11,16.2,21.28
2014-03-12,5.81,22.37
2014-03-13,14.44,20.48
2014-03-14,2.08,18.19
2014-03-15,1.97,19.65
2014-03-16,2.51,21.23
2014-03-17,0.38,22.76
2014-03-18,1.22,22.8
2014-03-19,3.14,22.39
2014-03-20,0.0,19.42
2014-03-21,1.34,18.77
2014-03-22,0.16,19.34
2014-03-23,0.22,19.96
2014-03-24,0.01,20.06
2014-03-25,0.12,20.05
2014-03-26,0.52,21.24
2014-03-27,0.54,21.34
2014-03-28,3.23,19.29
2014-03-29,0.52,19.41
2014-03-30,0.6,19.87
2014-03-31,3.12,19.99
2014-04-01,3.1,19.56
2014-04-02,0.09,20.05
2014-04-03,0.0,18.82
2014-04-04,0.01,20.66
2014-04-05,0.02,20.41
2014-04-06,0.04,18.35
2014-04-07,0.02,18.25
2014-04-08,0.08,17.82
2014-04-09,0.04,17.17
2014-04-10,0.25,16.56
2014-04-11,0.53,16.71
2014-04-12,0.06,16.59
2014-04-13,0.51,16.8
2014-04-14,1.05,17.1
2014-04-15,0.04,19.32
2014-04-16,4.91,18.98
2014-04-17,0.92,16.75
2014-04-18,0.0,17.11
2014-04-19,0.0,19.08
2014-04-20,0.01,18.84
2014-04-21,0.0,18.57
2014-04-22,0.0,17.97
2014-04-23,0.8,17.53
2014-04-24,0.0,14.69
2014-04-25,0.0,14.95
2014-04-26,0.0,17.03
2014-04-27,0.0,16.82
2014-04-28,0.0,13.71
2014-04-29,0.0,16.51
2014-04-30,0.0,17.9
2014-05-01,0.0,17.92
2014-05-02,0.0,18.58
2014-05-03,0.0,18.47
2014-05-04,0.0,17.78
2014-05-05,0.0,18.4
2014-05-06,0.03,15.82
2014-05-07,0.0,15.03
2014-05-08,0.0,16.14
2014-05-09,0.0,17.96
2014-05-10,0.0,15.87
2014-05-11,0.0,15.59
2014-05-12,0.0,13.94
2014-05-13,0.0,15.43
2014-05-14,0.0,15.98
2014-05-15,0.0,16.38
2014-05-16,0.0,15.47
2014-05-17,0.0,16.34
2014-05-18,1.04,14.61
2014-05-19,0.01,14.11
2014-05-20,1.09,14.23
2014-05-21,0.01,16.59
2014-05-22,0.07,14.77
2014-05-23,0.01,15.13
2014-05-24,0.0,14.78
2014-05-25,0.0,15.66
2014-05-26,0.0,16.3
2014-05-27,0.0,15.98
2014-05-28,0.0,15.38
2014-05-29,0.0,15.76
2014-05-30,0.0,16.29
2014-05-31,0.0,16.72
2014-06-01,0.0,16.29
2014-06-02,0.0,16.15
2014-06-03,0.0,16.12
2014-06-04,0.0,16.39
2014-06-05,0.0,11.95
2014-06-06,0.0,6.5
2014-06-07,0.0,7.48
2014-06-08,0.0,9.13
2014-06-09,0.0,11.26
2014-06-10,0.0,11.1
2014-06-11,0.0,10.16
2014-06-12,0.0,12.24
2014-06-13,0.0,12.79
2014-06-14,0.0,13.7
2014-06-15,0.0,13.17
2014-06-16,0.0,10.73
2014-06-17,0.0,13.71
2014-06-18,0.0,14.24
2014-06-19,0.0,11.32
2014-06-20,0.0,8.42
2014-06-21,0.0,9.84
2014-06-22,0.0,10.09
2014-06-23,0.0,11.41
2014-06-24,0.0,12.99
2014-06-25,0.0,14.28
2014-06-26,0.0,15.62
2014-06-27,0.02,15.95
2014-06-28,0.02,15.47
2014-06-29,0.25,13.74
2014-06-30,0.0,14.81
2014-07-01,0.0,14.33
2014-07-02,0.0,12.73
2014-07-03,0.0,12.8
2014-07-04,0.0,13.46
2014-07-05,0.0,12.56
2014-07-06,0.0,11.09
2014-07-07,0.0,9.51
2014-07-08,0.0,6.26
2014-07-09,0.0,6.5
2014-07-10,0.0,7.09
2014-07-11,0.0,8.35
2014-07-12,0.0,11.09
2014-07-13,0.0,12.47
2014-07-14,0.0,12.73
2014-07-15,0.0,11.68
2014-07-16,0.0,12.31
2014-07-17,0.0,12.7
2014-07-18,0.0,12.78
2014-07-19,0.0,9.76
2014-07-20,0.0,10.72
2014-07-21,0.0,12.26
2014-07-22,0.0,11.93
2014-07-23,0.0,14.2
2014-07-24,0.0,14.99
2014-07-25,0.0,15.03
2014-07-26,0.0,11.57
2014-07-27,0.0,10.55
2014-07-28,0.0,12.44
2014-07-29,0.0,12.99
2014-07-30,0.0,12.21
2014-07-31,0.0,15.11
2014-08-01,0.0,16.04
2014-08-02,0.0,14.59
2014-08-03,0.0,13.15
2014-08-04,0.0,13.51
2014-08-05,0.0,15.99
2014-08-06,0.08,17.35
2014-08-07,0.07,16.81
2014-08-08,0.14,16.4
2014-08-09,0.77,14.57
2014-08-10,0.01,16.45
2014-08-11,0.03,16.16
2014-08-12,0.0,16.28
2014-08-13,0.0,15.87
2014-08-14,0.0,17.92
2014-08-15,0.15,20.4
2014-08-16,0.2,17.01
2014-08-17,0.08,16.1
2014-08-18,0.0,16.98
2014-08-19,0.0,19.13
2014-08-20,0.0,19.79
2014-08-21,0.02,18.65
2014-08-22,0.0,13.17
2014-08-23,0.0,12.07
2014-08-24,0.0,12.87
2014-08-25,0.0,15.16
2014-08-26,0.0,16.58
2014-08-27,0.0,17.69
2014-08-28,0.0,16.37
2014-08-29,0.05,9.81
2014-08-30,0.0,11.11
2014-08-31,0.0,12.01
2014-09-01,0.0,13.76
2014-09-02,0.0,15.26
2014-09-03,0.0,15.18
2014-09-04,0.0,15.67
2014-09-05,0.0,15.7
2014-09-06,0.0,18.73
2014-09-07,0.0,20.81
2014-09-08,0.0,21.38
2014-09-09,0.0,20.81
2014-09-10,0.0,21.1
2014-09-11,0.0,22.32
2014-09-12,0.0,23.51
2014-09-13,0.0,23.78
2014-09-14,0.0,22.2
2014-09-15,0.0,21.91
2014-09-16,0.0,22.67
2014-09-17,0.0,23.19
2014-09-18,0.0,22.84
2014-09-19,0.0,17.34
2014-09-20,0.39,19.1
2014-09-21,0.0,18.89
2014-09-22,0.0,19.97
2014-09-23,0.0,20.69
2014-09-24,0.0,22.32
2014-09-25,0.0,23.0
2014-09-26,0.0,25.05
2014-09-27,0.01,24.78
2014-09-28,0.0,24.48
2014-09-29,0.44,23.7
2014-09-30,0.0,18.72
2014-10-01,0.0,17.58
2014-10-02,0.0,19.27
2014-10-03,0.0,19.75
2014-10-04,0.0,18.73
2014-10-05,0.0,19.03
2014-10-06,0.0,19.62
2014-10-07,0.0,21.83
2014-10-08,0.0,24.49
2014-10-09,0.0,25.4
2014-10-10,0.15,25.37
2014-10-11,2.81,22.64
2014-10-12,0.0,25.91
2014-10-13,0.0,27.52
2014-10-14,0.0,25.54
2014-10-15,2.99,24.87
2014-10-16,0.0,20.01
2014-10-17,0.0,18.63
2014-10-18,0.0,19.45
2014-10-19,0.0,22.74
2014-10-20,0.0,24.78
2014-10-21,0.03,24.84
2014-10-22,0.51,25.53
2014-10-23,1.11,23.26
2014-10-24,0.14,25.09
2014-10-25,0.06,24.96
2014-10-26,0.0,23.94
2014-10-27,0.0,21.88
2014-10-28,0.0,22.82
2014-10-29,0.0,24.64
2014-10-30,0.15,27.56
2014-10-31,0.29,28.26
2014-11-01,1.87,26.55
2014-11-02,0.22,23.76
2014-11-03,11.34,21.25
2014-11-04,2.77,22.4
2014-11-05,0.0,20.9
2014-11-06,0.0,21.97
2014-11-07,0.22,24.7
2014-11-08,0.51,25.34
2014-11-09,0.01,26.8
2014-11-10,0.05,24.79
2014-11-11,5.05,21.96
2014-11-12,9.65,21.68
2014-11-13,1.2,23.8
2014-11-14,1.22,24.85
2014-11-15,0.11,25.19
2014-11-16,0.01,21.03
2014-11-17,2.07,19.46
2014-11-18,0.01,18.47
2014-11-19,0.04,20.78
2014-11-20,0.01,24.39
2014-11-21,0.05,26.99
2014-11-22,1.2,26.96
2014-11-23,0.13,24.37
2014-11-24,6.02,25.85
2014-11-25,0.0,26.76
2014-11-26,13.25,26.99
2014-11-27,11.08,21.08
2014-11-28,0.0,24.32
2014-11-29,0.33,24.6
2014-11-30,1.14,22.23
2014-12-01,0.36,23.58
2014-12-02,0.09,23.68
2014-12-03,0.01,24.5
2014-12-04,0.01,26.93
2014-12-05,3.15,28.82
2014-12-06,0.11,25.64
2014-12-07,4.16,23.96
2014-12-08,12.53,21.33
2014-12-09,4.43,23.63
2014-12-10,8.94,24.47
2014-12-11,3.09,24.56
2014-12-12,2.09,23.14
2014-12-13,6.0,24.92
2014-12-14,11.7,21.77
2014-12-15,4.59,23.51
2014-12-16,4.9,22.78
2014-12-17,11.2,21.99
2014-12-18,1.7,22.62
2014-12-19,1.26,24.51
2014-12-20,0.19,26.51
2014-12-21,0.03,27.02
2014-12-22,0.1,25.97
2014-12-23,1.43,26.12
2014-12-24,0.93,27.16
2014-12-25,1.92,27.77
2014-12-26,14.53,25.74
2014-12-27,16.45,22.86
2014-12-28,2.52,25.32
2014-12-29,1.87,25.07
2014-12-30,0.04,24.78
2014-12-31,0.03,24.8
2015-01-01,1.05,23.91
2015-01-02,0.2,25.26
2015-01-03,3.45,26.52
2015-01-04,0.03,26.72
2015-01-05,0.0,26.57
2015-01-06,0.02,27.1
2015-01-07,0.61,26.27
2015-01-08,1.21,26.04
2015-01-09,0.08,27.2
2015-01-10,1.25,26.67
2015-01-11,4.18,26.87
2015-01-12,0.19,25.56
2015-01-13,0.02,25.64
2015-01-14,1.88,26.52
2015-01-15,5.59,24.95
2015-01-16,1.94,26.45
2015-01-17,0.0,25.53
2015-01-18,0.06,24.09
2015-01-19,0.27,25.3
2015-01-20,0.69,23.9
2015-01-21,0.01,24.01
2015-01-22,0.1,26.63
2015-01-23,0.02,27.6
2015-01-24,1.45,28.03
2015-01-25,0.03,27.6
2015-01-26,0.02,28.13
2015-01-27,0.28,29.52
2015-01-28,0.17,26.36
2015-01-29,2.99,25.9
2015-01-30,2.58,24.87
2015-01-31,3.8,25.58
2015-02-01,0.71,27.14
2015-02-02,0.0,25.71
2015-02-03,0.0,25.76
2015-02-04,0.0,27.35
2015-02-05,0.01,26.82
2015-02-06,0.0,26.56
2015-02-07,0.0,27.93
2015-02-08,2.03,29.23
2015-02-09,4.05,28.01
2015-02-10,0.0,29.34
2015-02-11,0.56,29.85
2015-02-12,0.05,28.82
2015-02-13,1.48,28.83
2015-02-14,0.39,27.74
2015-02-15,0.0,25.36
2015-02-16,3.78,24.28
2015-02-17,0.74,24.66
2015-02-18,0.0,26.25
2015-02-19,0.0,27.91
2015-02-20,0.01,29.34
2015-02-21,1.15,28.15
2015-02-22,0.09,28.43
2015-02-23,0.8,25.53
2015-02-24,0.08,26.45
2015-02-25,0.1,27.56
2015-02-26,1.99,26.99
2015-02-27,6.33,25.73
2015-02-28,0.18,25.45
2015-03-01,1.61,24.58
2015-03-02,2.28,23.37
2015-03-03,0.83,20.66
2015-03-04,0.0,21.52
2015-03-05,0.0,24.34
2015-03-06,0.01,26.01
2015-03-07,0.18,25.96
2015-03-08,0.53,26.53
2015-03-09,1.91,24.41
2015-03-10,0.0,24.55
2015-03-11,0.0,26.82
2015-03-12,0.14,25.22
2015-03-13,1.12,26.39
2015-03-14,3.35,26.36
2015-03-15,0.47,25.42
2015-03-16,0.09,26.94
2015-03-17,0.0,26.58
2015-03-18,24.88,22.5
2015-03-19,2.76,24.16
2015-03-20,0.62,24.81
2015-03-21,1.76,24.96
2015-03-22,0.14,23.46
2015-03-23,0.0,22.52
2015-03-24,0.75,21.07
2015-03-25,5.15,23.31
2015-03-26,9.45,23.03
2015-03-27,0.05,24.02
2015-03-28,0.1,21.09
2015-03-29,0.29,21.53
2015-03-30,0.74,20.56
2015-03-31,1.93,20.1
2015-04-01,2.11,21.25
2015-04-02,0.31,21.9
2015-04-03,0.01,18.42
2015-04-04,0.0,19.71
2015-04-05,0.01,20.23
2015-04-06,0.0,21.23
2015-04-07,0.93,20.14
2015-04-08,0.88,19.64
2015-04-09,0.14,19.42
2015-04-10,0.01,18.8
2015-04-11,1.46,18.65
2015-04-12,0.58,19.74
2015-04-13,0.0,20.16
2015-04-14,0.0,21.32
2015-04-15,0.0,20.75
2015-04-16,0.23,20.62
2015-04-17,1.19,19.72
2015-04-18,13.33,18.39
2015-04-19,3.62,19.11
2015-04-20,0.0,19.72
2015-04-21,0.0,20.57
2015-04-22,0.13,19.42
2015-04-23,0.04,19.52
2015-04-24,0.72,19.32
2015-04-25,0.07,20.23
2015-04-26,0.0,21.91
2015-04-27,0.0,21.53
2015-04-28,0.0,22.13
2015-04-29,0.0,22.04
2015-04-30,0.0,20.18
2015-05-01,0.0,18.05
2015-05-02,0.0,18.09
2015-05-03,0.0,19.85
2015-05-04,0.0,20.04
2015-05-05,0.0,20.2
2015-05-06,0.0,20.1
2015-05-07,0.0,17.99
2015-05-08,0.01,18.12
2015-05-09,0.0,18.96
2015-05-10,0.0,19.82
2015-05-11,0.0,20.19
2015-05-12,0.0,19.61
2015-05-13,0.0,18.71
2015-05-14,0.0,19.81
2015-05-15,0.0,20.32
2015-05-16,0.0,20.77
2015-05-17,0.0,20.11
2015-05-18,0.0,17.75
2015-05-19,0.0,18.42
2015-05-20,0.0,19.11
2015-05-21,0.0,18.26
2015-05-22,0.0,18.19
2015-05-23,0.0,15.87
2015-05-24,0.0,17.46
2015-05-25,0.0,18.86
2015-05-26,0.0,19.96
2015-05-27,0.0,18.77
2015-05-28,0.0,19.23
2015-05-29,0.0,18.47
2015-05-30,0.0,17.68
2015-05-31,0.0,18.42
2015-06-01,0.0,16.62
2015-06-02,2.04,16.93
2015-06-03,4.71,13.45
2015-06-04,0.02,9.82
2015-06-05,0.0,8.69
2015-06-06,0.0,8.78
2015-06-07,0.0,10.14
2015-06-08,0.0,11.73
2015-06-09,0.0,12.54
2015-06-10,0.0,11.72
2015-06-11,1.42,11.99
2015-06-12,0.02,11.57
2015-06-13,0.0,12.82
2015-06-14,0.0,14.27
2015-06-15,0.0,13.96
2015-06-16,0.0,14.54
2015-06-17,0.01,8.85
2015-06-18,0.0,9.44
2015-06-19,0.0,11.78
2015-06-20,0.0,10.99
2015-06-21,0.0,11.45
2015-06-22,0.0,13.26
2015-06-23,0.0,13.56
2015-06-24,0.0,13.51
2015-06-25,0.0,13.79
2015-06-26,0.0,13.61
2015-06-27,2.15,12.9
2015-06-28,0.04,13.31
2015-06-29,0.0,12.01
2015-06-30,0.0,13.28
2015-07-01,0.35,13.32
2015-07-02,0.0,14.42
2015-07-03,0.0,14.05
2015-07-04,0.0,15.07
2015-07-05,0.0,16.05
2015-07-06,0.0,15.7
2015-07-07,0.0,12.86
2015-07-08,0.0,14.5
2015-07-09,0.0,15.02
2015-07-10,0.0,13.97
2015-07-11,0.0,13.6
2015-07-12,0.0,14.92
2015-07-13,0.0,15.63
2015-07-14,0.0,15.48
2015-07-15,0.59,15.19
2015-07-16,0.0,15.5
2015-07-17,0.0,9.08
2015-07-18,0.0,12.18
2015-07-19,0.0,14.97
2015-07-20,0.0,14.78
2015-07-21,0.0,14.26
2015-07-22,0.0,13.96
2015-07-23,1.43,15.0
2015-07-24,0.51,15.16
2015-07-25,0.0,8.47
2015-07-26,0.0,9.02
2015-07-27,0.0,9.86
2015-07-28,0.0,11.43
2015-07-29,0.0,13.81
2015-07-30,0.0,12.84
2015-07-31,0.0,9.31
2015-08-01,0.0,9.28
2015-08-02,0.0,11.18
2015-08-03,0.0,12.5
2015-08-04,0.0,15.25
2015-08-05,0.0,14.27
2015-08-06,0.0,12.72
2015-08-07,0.0,14.37
2015-08-08,0.0,17.08
2015-08-09,0.0,15.83
2015-08-10,0.0,15.76
2015-08-11,0.0,14.29
2015-08-12,0.0,15.07
2015-08-13,0.0,15.36
2015-08-14,0.0,16.61
2015-08-15,0.0,16.78
2015-08-16,0.0,18.05
2015-08-17,0.0,18.74
2015-08-18,0.0,18.56
2015-08-19,0.0,19.64
2015-08-20,0.0,20.81
2015-08-21,0.0,20.49
2015-08-22,0.0,20.37
2015-08-23,0.0,20.0
2015-08-24,0.07,19.42
2015-08-25,0.0,19.97
2015-08-26,0.0,21.04
2015-08-27,0.0,21.6
2015-08-28,0.0,22.5
2015-08-29,0.0,22.73
2015-08-30,0.0,22.75
2015-08-31,0.0,22.64
2015-09-01,0.0,19.56
2015-09-02,0.0,16.5
2015-09-03,0.44,17.41
2015-09-04,41.85,15.0
2015-09-05,5.98,13.67
2015-09-06,0.1,14.12
2015-09-07,0.0,16.89
2015-09-08,0.0,19.11
2015-09-09,0.0,20.58
2015-09-10,0.0,21.96
2015-09-11,0.0,21.4
2015-09-12,0.07,18.81
2015-09-13,0.0,18.37
2015-09-14,0.0,17.11
2015-09-15,0.0,17.22
2015-09-16,0.0,20.33
2015-09-17,0.0,21.64
2015-09-18,0.0,21.73
2015-09-19,0.0,19.71
2015-09-20,0.9,18.97
2015-09-21,0.7,19.68
2015-09-22,0.12,22.83
2015-09-23,0.0,23.56
2015-09-24,0.0,24.06
2015-09-25,0.0,24.38
2015-09-26,0.0,23.81
2015-09-27,0.0,23.04
2015-09-28,0.0,24.82
2015-09-29,0.0,26.77
2015-09-30,0.0,25.1
2015-10-01,0.0,20.85
2015-10-02,0.0,20.36
2015-10-03,0.0,24.14
2015-10-04,0.0,26.34
2015-10-05,0.0,26.75
2015-10-06,0.0,26.53
2015-10-07,0.0,26.64
2015-10-08,0.0,27.55
2015-10-09,0.01,27.51
2015-10-10,0.0,26.45
2015-10-11,0.0,27.22
2015-10-12,0.0,27.12
2015-10-13,0.0,26.95
2015-10-14,9.56,25.23
2015-10-15,0.01,21.81
2015-10-16,0.0,21.09
2015-10-17,0.11,21.38
2015-10-18,0.13,22.71
2015-10-19,0.0,24.32
2015-10-20,0.0,24.06
2015-10-21,0.0,25.58
2015-10-22,0.0,26.59
2015-10-23,0.0,25.24
2015-10-24,0.0,26.56
2015-10-25,0.0,27.21
2015-10-26,0.13,28.19
2015-10-27,1.04,24.23
2015-10-28,0.0,24.41
2015-10-29,0.0,24.36
2015-10-30,0.0,25.96
2015-10-31,0.0,29.06
2015-11-01,0.0,29.54
2015-11-02,0.0,20.83
2015-11-03,0.0,18.88
2015-11-04,0.0,19.38
2015-11-05,0.0,19.47
2015-11-06,0.0,21.0
2015-11-07,0.0,23.89
2015-11-08,0.0,28.7
2015-11-09,0.0,30.83
2015-11-10,0.0,30.72
2015-11-11,0.0,31.43
2015-11-12,0.0,31.17
2015-11-13,0.0,29.92
2015-11-14,0.0,27.33
2015-11-15,0.0,26.14
2015-11-16,0.02,26.12
2015-11-17,11.47,25.02
2015-11-18,25.62,24.24
2015-11-19,5.05,23.84
2015-11-20,9.47,24.0
2015-11-21,0.0,20.93
2015-11-22,0.0,19.08
2015-11-23,0.0,20.9
2015-11-24,0.0,24.68
2015-11-25,0.0,25.27
2015-11-26,0.0,26.48
2015-11-27,0.0,25.18
2015-11-28,35.36,19.8
2015-11-29,0.21,22.39
2015-11-30,0.0,24.49
2015-12-01,0.01,26.84
2015-12-02,5.24,25.09
2015-12-03,2.12,24.75
2015-12-04,0.0,26.25
2015-12-05,0.0,28.41
2015-12-06,0.0,29.44
2015-12-07,0.01,30.47
2015-12-08,0.41,28.88
2015-12-09,1.19,27.46
2015-12-10,0.0,30.11
2015-12-11,0.31,29.05
2015-12-12,10.15,26.92
2015-12-13,0.06,26.87
2015-12-14,0.0,25.74
2015-12-15,0.0,25.43
2015-12-16,0.0,27.05
2015-12-17,51.29,28.13
2015-12-18,1.2,26.14
2015-12-19,0.0,27.68
2015-12-20,0.07,28.86
2015-12-21,0.0,29.14
2015-12-22,0.0,28.92
2015-12-23,0.0,28.71
2015-12-24,0.14,29.7
2015-12-25,0.16,28.87
2015-12-26,1.3,27.46
2015-12-27,0.28,26.81
2015-12-28,1.36,27.78
2015-12-29,0.56,29.31
2015-12-30,0.03,27.76
2015-12-31,0.0,27.76
2016-01-01,0.49,30.59
2016-01-02,2.45,28.93
2016-01-03,0.01,28.33
2016-01-04,0.0,29.14
2016-01-05,0.0,29.22
2016-01-06,0.0,31.16
2016-01-07,0.0,33.61
2016-01-08,0.3,31.87
2016-01-09,3.08,28.97
2016-01-10,0.2,28.33
2016-01-11,0.86,27.58
2016-01-12,26.75,27.03
2016-01-13,30.88,25.71
2016-01-14,6.45,24.03
2016-01-15,0.61,24.6
2016-01-16,7.77,21.3
2016-01-17,0.66,21.9
2016-01-18,0.0,22.25
2016-01-19,0.01,24.28
2016-01-20,0.2,25.37
2016-01-21,0.2,25.63
2016-01-22,7.73,24.29
2016-01-23,1.05,24.39
2016-01-24,0.86,24.12
2016-01-25,0.0,26.2
2016-01-26,0.01,25.44
2016-01-27,1.38,25.89
2016-01-28,0.36,27.32
2016-01-29,0.38,26.79
2016-01-30,0.0,25.95
2016-01-31,0.0,25.95
2016-02-01,0.01,25.43
2016-02-02,0.0,26.81
2016-02-03,0.01,27.56
2016-02-04,1.14,28.35
2016-02-05,0.05,26.99
2016-02-06,0.0,27.39
2016-02-07,0.01,29.25
2016-02-08,25.81,28.1
2016-02-09,1.07,25.42
2016-02-10,11.82,24.0
2016-02-11,0.05,25.52
2016-02-12,0.0,27.13
2016-02-13,0.0,27.48
2016-02-14,0.01,28.0
2016-02-15,0.0,26.69
2016-02-16,1.22,28.56
2016-02-17,1.25,27.58
2016-02-18,0.08,28.04
2016-02-19,0.02,28.94
2016-02-20,0.0,29.87
2016-02-21,0.0,28.38
2016-02-22,0.0,27.93
2016-02-23,2.07,26.09
2016-02-24,1.12,25.45
2016-02-25,3.55,27.04
2016-02-26,1.5,24.46
2016-02-27,0.41,26.13
2016-02-28,1.38,23.7
2016-02-29,0.35,24.19
2016-03-01,0.12,25.69
2016-03-02,0.0,26.91
2016-03-03,0.02,26.57
2016-03-04,0.01,26.18
2016-03-05,0.01,25.26
2016-03-06,0.0,26.23
2016-03-07,0.0,26.95
2016-03-08,33.97,23.34
2016-03-09,109.58,22.18
2016-03-10,8.01,23.04
2016-03-11,0.66,22.13
2016-03-12,3.64,21.51
2016-03-13,1.16,21.43
2016-03-14,0.86,22.77
2016-03-15,6.22,22.45
2016-03-16,9.53,22.18
2016-03-17,23.26,21.62
2016-03-18,0.03,22.14
2016-03-19,0.0,22.97
2016-03-20,0.0,21.07
2016-03-21,0.0,19.84
2016-03-22,0.0,18.52
2016-03-23,0.06,20.24
2016-03-24,0.0,20.87
2016-03-25,0.0,21.05
2016-03-26,0.41,20.62
2016-03-27,0.0,20.07
2016-03-28,0.0,20.14
2016-03-29,0.0,21.35
2016-03-30,0.0,21.74
2016-03-31,0.0,22.25
2016-04-01,0.0,23.28
2016-04-02,0.0,25.51
2016-04-03,0.0,24.99
2016-04-04,0.05,22.76
2016-04-05,0.43,22.5
2016-04-06,2.16,22.01
2016-04-07,1.01,17.65
2016-04-08,2.48,16.01
2016-04-09,0.18,16.83
2016-04-10,0.0,18.6
2016-04-11,0.0,20.33
2016-04-12,0.0,21.8
2016-04-13,0.0,21.76
2016-04-14,0.0,21.96
2016-04-15,0.0,21.45
2016-04-16,0.03,21.37
2016-04-17,0.5,23.79
2016-04-18,0.73,22.27
2016-04-19,0.0,22.88
2016-04-20,0.0,23.14
2016-04-21,0.23,20.92
2016-04-22,0.0,21.43
2016-04-23,0.0,21.03
2016-04-24,0.0,21.93
2016-04-25,0.02,22.22
2016-04-26,0.02,23.56
2016-04-27,0.29,21.1
2016-04-28,0.0,21.64
2016-04-29,0.0,20.69
2016-04-30,0.0,18.85
2016-05-01,0.0,15.49
2016-05-02,0.0,17.79
2016-05-03,0.0,18.72
2016-05-04,0.0,16.61
2016-05-05,0.0,16.03
2016-05-06,0.0,17.52
2016-05-07,0.0,17.78
2016-05-08,1.76,15.16
2016-05-09,0.02,16.32
2016-05-10,0.0,16.56
2016-05-11,0.01,19.06
2016-05-12,0.0,19.17
2016-05-13,5.05,18.36
2016-05-14,18.56,15.13
2016-05-15,2.31,13.84
2016-05-16,0.54,15.22
2016-05-17,0.0,16.48
2016-05-18,0.0,15.84
2016-05-19,0.0,15.66
2016-05-20,0.0,16.78
2016-05-21,0.35,14.81
2016-05-22,0.0,15.49
2016-05-23,0.0,15.37
2016-05-24,0.0,15.69
2016-05-25,0.0,15.3
2016-05-26,0.16,13.18
2016-05-27,0.0,13.29
2016-05-28,0.0,14.62
2016-05-29,0.0,14.03
2016-05-30,0.0,14.75
2016-05-31,0.0,15.08
2016-06-01,0.0,15.85
2016-06-02,0.0,14.07
2016-06-03,0.0,15.08
2016-06-04,0.0,15.73
2016-06-05,0.0,14.49
2016-06-06,0.0,12.71
2016-06-07,0.0,13.0
2016-06-08,0.0,13.71
2016-06-09,0.0,14.11
2016-06-10,0.0,15.31
2016-06-11,0.0,13.9
2016-06-12,0.29,10.82
2016-06-13,11.65,9.92
2016-06-14,0.0,11.25
2016-06-15,0.0,13.09
2016-06-16,0.0,13.11
2016-06-17,0.0,12.7
2016-06-18,0.02,12.73
2016-06-19,0.0,14.68
2016-06-20,0.0,13.8
2016-06-21,0.0,12.21
2016-06-22,0.21,12.03
2016-06-23,0.05,12.31
2016-06-24,0.0,13.74
2016-06-25,0.0,12.91
2016-06-26,0.0,13.23
2016-06-27,0.0,12.62
2016-06-28,0.0,12.13
2016-06-29,0.0,11.96
2016-06-30,0.0,12.98
2016-07-01,0.0,13.65
2016-07-02,0.0,11.05
2016-07-03,0.0,10.39
2016-07-04,0.0,11.67
2016-07-05,0.0,10.69
2016-07-06,0.0,13.06
2016-07-07,0.0,12.06
2016-07-08,0.0,11.99
2016-07-09,0.0,13.54
2016-07-10,0.0,11.22
2016-07-11,0.0,12.1
2016-07-12,0.0,13.06
2016-07-13,0.0,11.87
2016-07-14,0.0,11.38
2016-07-15,0.0,13.35
2016-07-16,0.0,14.35
2016-07-17,0.0,12.59
2016-07-18,0.0,13.7
2016-07-19,0.0,14.49
2016-07-20,0.0,14.46
2016-07-21,0.0,14.92
2016-07-22,0.0,14.98
2016-07-23,0.0,11.87
2016-07-24,0.0,12.56
2016-07-25,3.97,12.71
2016-07-26,0.01,8.8
2016-07-27,0.0,6.9
2016-07-28,0.0,9.24
2016-07-29,0.0,11.31
2016-07-30,0.0,12.4
2016-07-31,0.0,13.02
2016-08-01,0.0,11.04
2016-08-02,0.0,11.92
2016-08-03,0.0,11.34
2016-08-04,0.0,9.94
2016-08-05,0.0,12.92
2016-08-06,0.0,15.76
2016-08-07,0.0,17.66
2016-08-08,0.0,17.6
2016-08-09,0.0,13.75
2016-08-10,0.0,16.15
2016-08-11,0.0,16.1
2016-08-12,0.0,14.73
2016-08-13,0.0,15.21
2016-08-14,0.0,17.55
2016-08-15,0.0,17.77
2016-08-16,0.0,16.63
2016-08-17,0.0,15.86
2016-08-18,0.0,15.29
2016-08-19,0.0,17.82
2016-08-20,0.0,19.78
2016-08-21,0.0,19.51
2016-08-22,0.0,15.26
2016-08-23,0.0,13.06
2016-08-24,0.0,14.8
2016-08-25,0.0,17.7
2016-08-26,0.0,19.27
2016-08-27,0.0,16.64
2016-08-28,0.0,16.76
2016-08-29,0.0,18.22
2016-08-30,0.0,18.96
2016-08-31,0.0,18.6
2016-09-01,0.0,17.74
2016-09-02,0.0,18.69
2016-09-03,0.0,20.39
2016-09-04,0.0,20.26
2016-09-05,0.0,20.56
2016-09-06,0.0,21.54
2016-09-07,0.0,23.4
2016-09-08,0.0,24.84
2016-09-09,0.0,23.59
2016-09-10,0.0,23.69
2016-09-11,0.14,21.15
2016-09-12,0.0,22.16
2016-09-13,0.0,22.96
2016-09-14,0.1,21.58
2016-09-15,0.0,23.21
2016-09-16,0.0,22.25
2016-09-17,0.0,16.87
2016-09-18,0.02,16.6
2016-09-19,0.53,17.48
2016-09-20,0.0,19.35
2016-09-21,0.0,21.73
2016-09-22,0.0,24.1
2016-09-23,0.0,22.71
2016-09-24,0.0,21.96
2016-09-25,0.0,22.8
2016-09-26,0.24,23.42
2016-09-27,0.0,21.77
2016-09-28,0.01,20.27
2016-09-29,0.0,20.43
2016-09-30,0.0,22.33
2016-10-01,0.0,23.28
2016-10-02,0.0,20.41
2016-10-03,0.0,16.94
2016-10-04,0.0,17.85
2016-10-05,0.0,20.8
2016-10-06,0.0,25.16
2016-10-07,0.0,25.84
2016-10-08,0.08,25.11
2016-10-09,0.23,22.07
2016-10-10,0.0,21.23
2016-10-11,0.0,25.16
2016-10-12,0.0,26.71
2016-10-13,0.0,25.57
2016-10-14,0.0,25.31
2016-10-15,0.01,25.26
2016-10-16,0.0,27.89
2016-10-17,0.0,25.57
2016-10-18,3.33,22.95
2016-10-19,2.95,21.22
2016-10-20,7.97,20.89
2016-10-21,12.68,23.74
2016-10-22,0.0,25.53
2016-10-23,0.0,25.61
2016-10-24,0.0,24.51
2016-10-25,0.0,24.69
2016-10-26,0.0,25.73
2016-10-27,0.0,27.46
2016-10-28,0.0,28.88
2016-10-29,0.0,28.75
2016-10-30,0.0,29.87
2016-10-31,0.0,30.56
2016-11-01,0.0,29.75
2016-11-02,0.0,29.01
2016-11-03,11.12,26.02
2016-11-04,0.08,26.87
2016-11-05,1.24,25.78
2016-11-06,0.12,26.06
2016-11-07,2.04,25.75
2016-11-08,0.22,25.6
2016-11-09,0.6,26.27
2016-11-10,1.9,27.89
2016-11-11,5.28,24.66
2016-11-12,1.16,25.25
2016-11-13,0.0,24.64
2016-11-14,0.04,25.27
2016-11-15,5.91,23.23
2016-11-16,0.66,23.35
2016-11-17,0.01,26.69
2016-11-18,0.0,26.21
2016-11-19,1.41,23.45
2016-11-20,0.24,24.73
2016-11-21,3.83,23.39
2016-11-22,0.18,25.43
2016-11-23,3.58,23.55
2016-11-24,9.89,22.15
2016-11-25,2.09,22.62
2016-11-26,1.84,23.86
2016-11-27,0.35,23.41
2016-11-28,0.0,25.49
2016-11-29,0.0,28.05
2016-11-30,0.0,29.63
2016-12-01,0.0,30.82
2016-12-02,0.0,29.08
2016-12-03,0.0,28.26
2016-12-04,2.22,29.6
2016-12-05,8.35,24.64
2016-12-06,0.52,25.16
2016-12-07,0.07,23.01
2016-12-08,0.0,25.68
2016-12-09,0.01,25.1
2016-12-10,0.0,28.77
2016-12-11,0.29,25.12
2016-12-12,2.98,23.88
2016-12-13,0.46,24.55
2016-12-14,2.59,23.6
2016-12-15,5.64,22.27
2016-12-16,0.56,25.62
2016-12-17,2.0,26.58
2016-12-18,4.51,25.9
2016-12-19,0.03,27.21
2016-12-20,0.03,28.82
2016-12-21,3.12,29.6
2016-12-22,0.01,29.88
2016-12-23,0.02,30.44
2016-12-24,0.23,27.88
2016-12-25,18.8,22.53
2016-12-26,4.79,19.99
2016-12-27,21.22,22.45
2016-12-28,5.18,24.57
2016-12-29,0.06,25.17
2016-12-30,5.6,23.0
2016-12-31,1.05,23.74
2017-01-01,0.01,25.66
2017-01-02,0.1,26.64
2017-01-03,2.27,26.31
2017-01-04,7.02,23.75
2017-01-05,1.1,24.15
2017-01-06,11.34,24.24
2017-01-07,46.78,21.66
2017-01-08,21.85,21.54
2017-01-09,2.24,21.25
2017-01-10,1.32,22.1
2017-01-11,3.45,22.58
2017-01-12,1.38,23.63
2017-01-13,2.69,23.74
2017-01-14,2.31,23.27
2017-01-15,0.67,23.52
2017-01-16,1.28,25.45
2017-01-17,0.6,22.26
2017-01-18,1.19,21.49
2017-01-19,0.0,23.18
2017-01-20,0.03,26.0
2017-01-21,7.46,25.73
2017-01-22,9.0,23.11
2017-01-23,4.07,22.86
2017-01-24,6.58,24.21
2017-01-25,5.64,23.33
2017-01-26,26.81,23.65
2017-01-27,25.92,20.68
2017-01-28,0.32,22.34
2017-01-29,0.0,22.16
2017-01-30,1.38,20.48
2017-01-31,15.44,21.5
2017-02-01,4.73,21.11
2017-02-02,1.25,23.22
2017-02-03,26.51,22.52
2017-02-04,5.85,21.51
2017-02-05,12.39,22.53
2017-02-06,17.0,21.82
2017-02-07,13.23,22.53
2017-02-08,1.34,22.98
2017-02-09,1.0,24.56
2017-02-10,3.21,22.25
2017-02-11,0.97,22.51
2017-02-12,2.36,23.6
2017-02-13,3.52,24.3
2017-02-14,5.18,24.04
2017-02-15,22.01,22.7
2017-02-16,3.65,23.25
2017-02-17,4.34,22.62
2017-02-18,11.23,21.15
2017-02-19,8.86,21.98
2017-02-20,39.07,21.88
2017-02-21,39.05,21.8
2017-02-22,0.9,20.3
2017-02-23,21.05,19.58
2017-02-24,15.13,19.33
2017-02-25,7.15,20.99
2017-02-26,0.14,22.51
2017-02-27,0.81,20.59
2017-02-28,0.09,19.91
2017-03-01,0.07,21.45
2017-03-02,1.31,22.79
2017-03-03,4.69,22.68
2017-03-04,5.8,22.55
2017-03-05,3.12,23.77
2017-03-06,0.49,22.32
2017-03-07,1.9,21.78
2017-03-08,0.78,21.76
2017-03-09,0.28,20.74
2017-03-10,0.42,18.83
2017-03-11,0.25,17.52
2017-03-12,0.02,20.12
2017-03-13,0.0,21.25
2017-03-14,0.0,21.48
2017-03-15,0.23,22.7
2017-03-16,0.06,22.83
2017-03-17,0.39,21.67
2017-03-18,0.1,23.0
2017-03-19,0.2,20.31
2017-03-20,1.0,19.39
2017-03-21,0.04,20.14
2017-03-22,0.01,20.88
2017-03-23,0.02,22.13
2017-03-24,0.46,22.3
2017-03-25,0.0,20.4
2017-03-26,0.09,18.92
2017-03-27,0.01,20.4
2017-03-28,0.0,22.32
2017-03-29,0.0,23.54
2017-03-30,0.0,21.4
2017-03-31,0.0,22.64
2017-04-01,0.0,24.0
2017-04-02,0.0,23.28
2017-04-03,0.0,23.1
2017-04-04,0.49,23.29
2017-04-05,0.53,22.36
2017-04-06,0.3,23.23
2017-04-07,6.49,20.7
2017-04-08,2.16,20.55
2017-04-09,0.35,20.92
2017-04-10,1.14,21.3
2017-04-11,8.68,19.98
2017-04-12,2.44,20.5
2017-04-13,6.74,19.06
2017-04-14,0.6,20.46
2017-04-15,0.4,19.7
2017-04-16,0.43,17.29
2017-04-17,0.01,18.55
2017-04-18,0.01,18.65
2017-04-19,0.0,18.49
2017-04-20,0.0,17.48
2017-04-21,0.0,17.54
2017-04-22,0.28,17.67
2017-04-23,1.35,17.69
2017-04-24,1.0,16.09
2017-04-25,1.2,15.33
2017-04-26,0.03,14.91
2017-04-27,0.0,15.85
2017-04-28,0.0,16.87
2017-04-29,0.0,16.06
2017-04-30,0.06,16.02
2017-05-01,0.17,16.48
2017-05-02,0.08,16.67
2017-05-03,0.01,17.28
2017-05-04,0.0,17.9
2017-05-05,0.0,18.74
2017-05-06,0.0,19.46
2017-05-07,0.0,19.38
2017-05-08,0.37,18.66
2017-05-09,0.09,17.61
2017-05-10,0.07,17.28
2017-05-11,0.0,17.58
2017-05-12,0.27,17.8
2017-05-13,0.18,13.77
2017-05-14,0.22,11.32
2017-05-15,0.0,15.0
2017-05-16,0.0,15.17
2017-05-17,0.0,14.2
2017-05-18,0.0,15.16
2017-05-19,0.0,14.71
2017-05-20,0.0,15.99
2017-05-21,0.0,15.81
2017-05-22,0.0,15.57
2017-05-23,0.0,15.4
2017-05-24,0.0,16.09
2017-05-25,0.0,16.86
2017-05-26,0.0,18.27
2017-05-27,0.0,16.72
2017-05-28,0.0,12.6
2017-05-29,0.0,12.9
2017-05-30,0.0,12.08
2017-05-31,0.0,14.18
2017-06-01,0.0,14.17
2017-06-02,0.0,14.59
2017-06-03,0.0,15.09
2017-06-04,0.0,15.65
2017-06-05,0.0,15.31
2017-06-06,0.0,13.43
2017-06-07,0.02,15.39
2017-06-08,0.0,11.15
2017-06-09,0.0,9.23
2017-06-10,0.0,11.57
2017-06-11,0.0,14.04
2017-06-12,0.0,15.59
2017-06-13,0.0,17.1
2017-06-14,0.0,16.57
2017-06-15,0.0,16.68
2017-06-16,0.0,15.31
2017-06-17,0.0,15.34
2017-06-18,0.0,15.47
2017-06-19,0.0,14.63
2017-06-20,0.0,15.71
2017-06-21,0.0,15.95
2017-06-22,0.0,14.83
2017-06-23,0.0,13.5
2017-06-24,0.01,11.74
2017-06-25,0.0,12.92
2017-06-26,0.03,13.37
2017-06-27,0.01,14.0
2017-06-28,0.0,13.62
2017-06-29,0.0,13.27
2017-06-30,0.01,14.15
2017-07-01,0.0,16.75
2017-07-02,0.0,16.57
2017-07-03,0.0,17.2
2017-07-04,0.0,14.84
2017-07-05,0.0,15.01
2017-07-06,0.0,15.04
2017-07-07,0.08,13.38
2017-07-08,0.54,14.37
2017-07-09,0.0,15.48
2017-07-10,0.0,17.12
2017-07-11,0.0,16.98
2017-07-12,0.0,16.54
2017-07-13,0.0,16.61
2017-07-14,0.0,16.49
2017-07-15,0.0,14.93
2017-07-16,0.0,13.43
2017-07-17,0.0,10.72
2017-07-18,0.0,12.33
2017-07-19,0.0,14.29
2017-07-20,0.0,13.94
2017-07-21,0.0,13.09
2017-07-22,0.0,14.17
2017-07-23,0.0,14.73
2017-07-24,0.0,12.57
2017-07-25,0.0,13.92
2017-07-26,0.0,15.63
2017-07-27,0.0,13.43
2017-07-28,0.0,13.99
2017-07-29,0.0,13.3
2017-07-30,0.0,15.2
2017-07-31,0.0,13.98
2017-08-01,0.0,14.46
2017-08-02,0.01,16.0
2017-08-03,0.0,16.4
2017-08-04,0.0,15.68
2017-08-05,0.0,17.01
2017-08-06,0.0,15.31
2017-08-07,0.0,16.08
2017-08-08,0.0,15.82
2017-08-09,0.0,16.06
2017-08-10,0.0,15.84
2017-08-11,0.0,17.42
2017-08-12,0.0,18.05
2017-08-13,0.0,18.84
2017-08-14,0.0,18.32
2017-08-15,0.0,17.75
2017-08-16,0.0,17.54
2017-08-17,0.0,9.84
2017-08-18,0.0,10.31
2017-08-19,0.0,11.61
2017-08-20,0.0,12.01
2017-08-21,0.0,14.32
2017-08-22,0.0,16.85
2017-08-23,0.0,12.77
2017-08-24,0.0,14.49
2017-08-25,0.0,15.53
2017-08-26,0.0,14.73
2017-08-27,0.0,17.41
2017-08-28,0.0,18.56
2017-08-29,0.0,19.0
2017-08-30,0.0,20.0
2017-08-31,0.0,21.81
2017-09-01,0.0,19.04
2017-09-02,0.0,15.88
2017-09-03,0.0,17.33
2017-09-04,0.0,15.94
2017-09-05,0.0,16.43
2017-09-06,0.0,20.39
2017-09-07,0.0,23.4
2017-09-08,0.0,24.17
2017-09-09,0.0,23.66
2017-09-10,0.0,23.23
2017-09-11,0.0,24.48
2017-09-12,0.0,22.38
2017-09-13,0.0,21.83
2017-09-14,0.0,23.78
2017-09-15,0.0,22.39
2017-09-16,0.0,23.3
2017-09-17,0.0,23.15
2017-09-18,0.0,21.17
2017-09-19,0.0,21.35
2017-09-20,0.0,22.81
2017-09-21,0.0,22.77
2017-09-22,0.0,22.87
2017-09-23,0.0,26.23
2017-09-24,0.23,22.31
2017-09-25,0.0,24.14
2017-09-26,0.01,20.41
2017-09-27,0.0,20.14
2017-09-28,0.02,21.57
2017-09-29,10.34,18.38
2017-09-30,0.02,21.91
2017-10-01,1.19,22.32
2017-10-02,0.11,23.02
2017-10-03,0.02,23.93
2017-10-04,0.01,24.36
2017-10-05,40.61,17.52
2017-10-06,3.58,19.66
2017-10-07,4.12,20.99
2017-10-08,0.24,21.57
2017-10-09,0.01,19.38
2017-10-10,0.0,15.13
2017-10-11,0.0,17.12
2017-10-12,0.0,20.73
2017-10-13,0.0,19.93
2017-10-14,0.0,21.38
2017-10-15,0.0,22.88
2017-10-16,0.0,21.35
2017-10-17,0.0,18.91
2017-10-18,0.0,19.78
2017-10-19,0.0,23.0
2017-10-20,0.0,23.95
2017-10-21,0.69,24.23
2017-10-22,0.74,22.01
2017-10-23,0.43,24.7
2017-10-24,0.03,26.37
2017-10-25,0.0,27.84
2017-10-26,0.0,28.6
2017-10-27,0.03,25.22
2017-10-28,0.1,19.26
2017-10-29,0.0,18.31
2017-10-30,0.0,20.67
2017-10-31,0.0,23.62
2017-11-01,0.0,23.14
2017-11-02,0.0,23.71
2017-11-03,0.0,24.58
2017-11-04,0.0,25.75
2017-11-05,0.0,25.61
2017-11-06,0.0,27.17
2017-11-07,0.0,29.1
2017-11-08,0.0,27.06
2017-11-09,0.19,24.85
2017-11-10,0.0,26.95
2017-11-11,0.01,25.47
2017-11-12,1.25,26.38
2017-11-13,0.19,26.85
2017-11-14,0.27,27.41
2017-11-15,0.05,22.08
2017-11-16,0.13,14.75
2017-11-17,0.0,18.08
2017-11-18,0.0,21.34
2017-11-19,0.0,24.67
2017-11-20,0.0,28.09
2017-11-21,5.07,25.92
2017-11-22,3.66,25.66
2017-11-23,10.03,24.48
2017-11-24,10.66,22.08
2017-11-25,12.56,18.36
2017-11-26,0.24,19.62
2017-11-27,0.41,22.52
2017-11-28,0.1,21.88
2017-11-29,0.01,23.91
2017-11-30,1.01,24.92
2017-12-01,0.16,24.54
2017-12-02,5.28,24.66
2017-12-03,0.0,27.12
2017-12-04,2.72,25.48
2017-12-05,9.08,20.46
2017-12-06,2.14,22.56
2017-12-07,4.63,21.0
2017-12-08,3.59,21.11
2017-12-09,0.23,24.25
2017-12-10,0.09,27.22
2017-12-11,0.5,26.13
2017-12-12,5.82,26.11
2017-12-13,1.15,24.97
2017-12-14,0.0,24.19
2017-12-15,0.0,23.66
2017-12-16,0.02,24.72
2017-12-17,0.0,26.51
2017-12-18,0.02,28.32
2017-12-19,3.03,25.06
2017-12-20,3.43,25.23
2017-12-21,1.28,26.32
2017-12-22,2.57,26.63
2017-12-23,0.01,27.79
2017-12-24,0.02,27.53
2017-12-25,0.0,28.1
2017-12-26,0.11,26.39
2017-12-27,0.29,25.3
2017-12-28,0.0,27.83
2017-12-29,0.04,28.91
2017-12-30,0.01,28.77
2017-12-31,0.0,29.03
2018-01-01,0.0,28.57
2018-01-02,0.0,26.14
2018-01-03,0.21,24.82
2018-01-04,0.0,25.01
2018-01-05,0.0,27.84
2018-01-06,0.0,31.09
2018-01-07,0.0,30.71
2018-01-08,0.03,29.78
2018-01-09,0.02,28.52
2018-01-10,0.53,25.02
2018-01-11,0.92,24.6
2018-01-12,0.09,25.85
2018-01-13,0.0,28.17
2018-01-14,0.0,29.32
2018-01-15,0.0,30.06
2018-01-16,0.29,28.06
2018-01-17,0.0,26.86
2018-01-18,0.51,28.28
2018-01-19,1.67,27.76
2018-01-20,0.01,27.77
2018-01-21,0.0,28.98
2018-01-22,0.0,27.49
2018-01-23,1.23,27.93
2018-01-24,3.93,26.35
2018-01-25,3.32,27.35
2018-01-26,3.52,26.03
2018-01-27,7.67,25.64
2018-01-28,1.92,25.73
2018-01-29,1.66,25.23
2018-01-30,3.61,24.86
2018-01-31,3.37,25.41
2018-02-01,0.01,27.46
2018-02-02,1.1,28.64
2018-02-03,1.22,27.6
2018-02-04,0.1,26.82
2018-02-05,0.09,26.8
2018-02-06,1.41,26.94
2018-02-07,3.56,27.26
2018-02-08,38.16,20.78
2018-02-09,0.52,23.27
2018-02-10,1.31,24.69
2018-02-11,4.35,24.21
2018-02-12,5.02,24.49
2018-02-13,0.65,24.51
2018-02-14,0.25,23.74
2018-02-15,0.16,23.72
2018-02-16,0.01,24.86
2018-02-17,0.0,25.44
2018-02-18,45.32,22.34
2018-02-19,1.85,23.11
2018-02-20,0.23,24.75
2018-02-21,1.21,23.76
2018-02-22,1.87,20.41
2018-02-23,3.69,20.09
2018-02-24,0.55,21.33
2018-02-25,0.03,23.64
2018-02-26,2.06,21.29
2018-02-27,3.0,20.84
2018-02-28,2.07,22.57
2018-03-01,0.37,23.94
2018-03-02,0.1,23.23
2018-03-03,0.0,22.91
2018-03-04,0.81,24.43
2018-03-05,0.67,24.55
2018-03-06,22.27,24.21
2018-03-07,2.0,24.58
2018-03-08,0.62,23.12
2018-03-09,0.0,22.54
2018-03-10,0.01,23.45
2018-03-11,5.76,22.38
2018-03-12,0.18,23.91
2018-03-13,1.38,23.37
2018-03-14,0.26,24.12
2018-03-15,0.0,25.33
2018-03-16,1.26,26.39
2018-03-17,4.93,22.89
2018-03-18,4.23,21.0
2018-03-19,1.29,22.67
2018-03-20,0.01,24.56
2018-03-21,2.42,23.74
2018-03-22,11.67,20.63
2018-03-23,1.74,21.21
2018-03-24,0.01,22.59
2018-03-25,0.08,22.5
2018-03-26,0.0,21.43
2018-03-27,0.14,21.04
2018-03-28,0.16,21.61
2018-03-29,2.91,22.54
2018-03-30,21.19,22.34
2018-03-31,1.49,23.12
2018-04-01,6.67,21.62
2018-04-02,1.45,20.93
2018-04-03,0.11,21.63
2018-04-04,1.16,21.88
2018-04-05,2.07,22.01
2018-04-06,0.01,21.93
2018-04-07,0.02,21.68
2018-04-08,0.1,22.56
2018-04-09,32.51,20.6
2018-04-10,0.38,20.83
2018-04-11,0.39,20.93
2018-04-12,3.65,17.88
2018-04-13,0.58,18.63
2018-04-14,0.93,20.14
2018-04-15,0.65,20.27
2018-04-16,2.08,19.29
2018-04-17,2.23,18.87
2018-04-18,0.14,19.67
2018-04-19,0.0,21.1
2018-04-20,0.0,18.78
2018-04-21,0.0,18.33
2018-04-22,0.0,18.46
2018-04-23,0.0,19.69
2018-04-24,0.0,21.3
2018-04-25,0.0,19.4
2018-04-26,0.0,19.23
2018-04-27,0.0,20.12
2018-04-28,0.0,19.32
2018-04-29,0.0,19.06
2018-04-30,0.16,17.54
2018-05-01,2.5,17.8
2018-05-02,0.12,17.76
2018-05-03,0.03,19.18
2018-05-04,0.0,17.43
2018-05-05,0.0,15.66
2018-05-06,0.0,16.69
2018-05-07,0.0,16.4
2018-05-08,0.0,16.88
2018-05-09,0.0,18.7
2018-05-10,0.0,18.89
2018-05-11,0.0,17.28
2018-05-12,0.0,16.4
2018-05-13,0.0,13.65
2018-05-14,1.55,12.88
2018-05-15,0.0,12.93
2018-05-16,0.0,13.2
2018-05-17,0.0,14.31
2018-05-18,0.0,14.2
2018-05-19,0.45,14.23
2018-05-20,1.2,15.56
2018-05-21,0.01,16.94
2018-05-22,0.0,17.7
2018-05-23,0.0,17.15
2018-05-24,0.0,17.79
2018-05-25,0.0,16.48
2018-05-26,0.0,16.78
2018-05-27,0.0,17.88
2018-05-28,0.0,16.49
2018-05-29,1.14,16.34
2018-05-30,0.0,15.67
2018-05-31,4.71,14.71
2018-06-01,0.0,14.35
2018-06-02,0.0,14.92
2018-06-03,0.0,14.91
2018-06-04,0.0,13.26
2018-06-05,0.06,11.13
2018-06-06,0.0,13.09
2018-06-07,0.0,12.32
2018-06-08,0.0,13.85
2018-06-09,0.0,14.95
2018-06-10,0.0,14.42
2018-06-11,0.0,12.08
2018-06-12,0.02,11.9
2018-06-13,0.02,12.63
2018-06-14,0.0,12.57
2018-06-15,0.0,13.65
2018-06-16,0.0,11.81
2018-06-17,0.0,11.67
2018-06-18,0.01,14.19
2018-06-19,0.0,16.07
2018-06-20,0.0,16.3
2018-06-21,0.01,14.11
2018-06-22,0.0,16.14
2018-06-23,0.0,15.07
2018-06-24,0.0,15.35
2018-06-25,0.0,13.59
2018-06-26,0.09,12.31
2018-06-27,0.0,13.38
2018-06-28,0.0,15.33
2018-06-29,0.0,14.68
2018-06-30,0.0,15.34
2018-07-01,0.0,15.48
2018-07-02,0.0,10.21
2018-07-03,0.0,7.28
2018-07-04,0.0,9.24
2018-07-05,0.0,10.22
2018-07-06,0.0,9.28
2018-07-07,0.05,9.99
2018-07-08,0.74,12.33
2018-07-09,1.26,12.43
2018-07-10,0.44,12.41
2018-07-11,0.01,13.7
2018-07-12,0.0,13.21
2018-07-13,0.0,13.74
2018-07-14,0.35,13.85
2018-07-15,0.08,12.94
2018-07-16,0.01,12.11
2018-07-17,0.0,10.01
2018-07-18,0.0,9.45
2018-07-19,0.0,10.09
2018-07-20,0.09,10.77
2018-07-21,0.0,11.42
2018-07-22,0.0,12.05
2018-07-23,0.09,11.97
2018-07-24,0.0,13.13
2018-07-25,0.0,15.18
2018-07-26,0.0,14.34
2018-07-27,0.0,14.88
2018-07-28,0.0,16.29
2018-07-29,0.0,17.14
2018-07-30,0.0,17.68
2018-07-31,0.0,17.76
2018-08-01,0.0,17.08
2018-08-02,0.0,17.28
2018-08-03,0.0,18.27
2018-08-04,0.0,18.46
2018-08-05,0.0,18.75
2018-08-06,0.0,16.13
2018-08-07,0.0,16.86
2018-08-08,0.0,17.44
2018-08-09,0.08,18.31
2018-08-10,0.01,13.18
2018-08-11,0.0,11.51
2018-08-12,0.0,15.58
2018-08-13,0.0,19.03
2018-08-14,0.0,20.07
2018-08-15,0.0,20.82
2018-08-16,0.0,21.07
2018-08-17,0.0,19.83
2018-08-18,0.0,15.31
2018-08-19,0.1,15.87
2018-08-20,0.0,19.31
2018-08-21,0.0,20.88
2018-08-22,0.0,18.33
2018-08-23,0.0,17.96
2018-08-24,0.0,18.93
2018-08-25,0.2,20.13
2018-08-26,0.0,18.42
2018-08-27,0.0,12.98
2018-08-28,0.0,14.78
2018-08-29,0.0,15.73
2018-08-30,0.0,16.84
2018-08-31,0.0,18.07
2018-09-01,0.0,20.08
2018-09-02,0.0,20.23
2018-09-03,0.0,15.86
2018-09-04,0.0,19.01
2018-09-05,0.0,22.13
2018-09-06,0.0,23.92
2018-09-07,0.11,16.58
2018-09-08,0.0,12.07
2018-09-09,0.0,10.72
2018-09-10,0.0,13.28
2018-09-11,0.0,17.23
2018-09-12,0.0,19.28
2018-09-13,0.0,18.82
2018-09-14,0.0,20.03
2018-09-15,0.0,22.54
2018-09-16,0.0,23.93
2018-09-17,0.0,22.76
2018-09-18,0.0,23.85
2018-09-19,0.0,23.3
2018-09-20,0.0,21.47
2018-09-21,0.11,21.22
2018-09-22,0.0,23.62
2018-09-23,0.0,23.55
2018-09-24,0.0,23.05
2018-09-25,0.0,23.29
2018-09-26,0.0,25.5
2018-09-27,0.0,26.71
2018-09-28,0.21,25.28
2018-09-29,9.42,23.68
2018-09-30,4.61,20.33
2018-10-01,0.0,20.18
2018-10-02,0.0,21.95
2018-10-03,0.0,21.26
2018-10-04,0.02,16.31
2018-10-05,0.0,18.06
2018-10-06,0.0,20.96
2018-10-07,0.0,22.25
2018-10-08,0.0,22.02
2018-10-09,0.0,22.7
2018-10-10,0.0,24.51
2018-10-11,0.0,26.56
2018-10-12,0.01,27.84
2018-10-13,4.85,23.9
2018-10-14,7.57,18.93
2018-10-15,0.0,21.72
2018-10-16,0.0,22.55
2018-10-17,0.0,22.82
2018-10-18,0.0,22.82
2018-10-19,0.0,22.79
2018-10-20,0.01,25.48
2018-10-21,0.48,20.61
2018-10-22,0.0,17.96
2018-10-23,0.0,17.28
2018-10-24,0.0,19.51
2018-10-25,0.0,22.3
2018-10-26,0.0,24.56
2018-10-27,0.0,24.93
2018-10-28,0.0,24.97
2018-10-29,0.0,26.4
2018-10-30,0.0,27.69
2018-10-31,0.01,25.05
2018-11-01,1.02,24.3
2018-11-02,0.0,22.5
2018-11-03,0.1,21.73
2018-11-04,0.33,24.31
2018-11-05,2.49,27.14
2018-11-06,0.22,23.28
2018-11-07,0.01,20.41
2018-11-08,0.05,19.71
2018-11-09,0.0,21.95
2018-11-10,0.0,23.86
2018-11-11,0.0,26.06
2018-11-12,0.0,26.26
2018-11-13,0.0,27.33
2018-11-14,0.0,28.34
2018-11-15,0.0,28.09
2018-11-16,0.0,28.03
2018-11-17,0.0,29.35
2018-11-18,0.0,30.04
2018-11-19,0.13,27.98
2018-11-20,0.41,26.47
2018-11-21,0.02,26.93
2018-11-22,0.0,25.39
2018-11-23,0.28,25.5
2018-11-24,0.23,25.36
2018-11-25,0.05,27.93
2018-11-26,0.11,26.42
2018-11-27,0.01,29.71
2018-11-28,0.0,29.25
2018-11-29,1.13,24.13
2018-11-30,0.08,23.75
2018-12-01,0.02,25.89
2018-12-02,0.0,30.22
2018-12-03,0.0,27.95
2018-12-04,0.0,28.75
2018-12-05,0.0,28.92
2018-12-06,0.22,30.75
2018-12-07,2.41,28.89
2018-12-08,0.85,28.45
2018-12-09,0.1,26.29
2018-12-10,0.0,25.51
2018-12-11,0.0,23.98
2018-12-12,0.0,27.16
2018-12-13,0.0,30.64
2018-12-14,28.21,29.49
2018-12-15,13.23,26.64
2018-12-16,0.26,26.84
2018-12-17,0.03,27.31
2018-12-18,3.14,27.08
2018-12-19,0.92,27.65
2018-12-20,0.01,27.72
2018-12-21,0.23,26.76
2018-12-22,6.97,27.51
2018-12-23,0.47,28.17
2018-12-24,0.0,29.3
2018-12-25,0.01,30.58
2018-12-26,0.0,30.09
2018-12-27,0.3,30.81
2018-12-28,10.52,25.23
2018-12-29,3.15,22.82
2018-12-30,22.73,20.21
2018-12-31,25.57,19.46
2019-01-01,11.17,20.11
2019-01-02,0.58,23.42
2019-01-03,1.07,22.7
2019-01-04,0.18,23.39
2019-01-05,0.53,26.66
2019-01-06,0.0,27.35
2019-01-07,3.13,25.19
2019-01-08,22.38,26.5
2019-01-09,0.14,26.31
2019-01-10,1.49,28.62
2019-01-11,0.51,28.6
2019-01-12,0.1,28.57
2019-01-13,0.77,27.21
2019-01-14,1.5,27.97
2019-01-15,0.29,26.46
2019-01-16,0.31,27.24
2019-01-17,1.0,27.43
2019-01-18,0.84,28.28
2019-01-19,0.07,26.97
2019-01-20,1.8,22.86
2019-01-21,2.87,23.23
2019-01-22,0.0,26.44
2019-01-23,0.36,28.6
2019-01-24,0.42,29.02
2019-01-25,3.25,28.49
2019-01-26,1.25,27.96
2019-01-27,3.36,24.65
2019-01-28,1.06,24.22
2019-01-29,0.03,24.12
2019-01-30,0.08,25.78
2019-01-31,0.22,27.6
2019-02-01,0.31,27.05
2019-02-02,6.8,25.58
2019-02-03,7.19,26.01
2019-02-04,0.05,26.33
2019-02-05,1.41,22.96
2019-02-06,5.11,22.57
2019-02-07,1.61,23.35
2019-02-08,0.18,25.07
2019-02-09,0.04,26.98
2019-02-10,0.41,26.36
2019-02-11,2.06,26.46
2019-02-12,2.93,24.53
2019-02-13,5.96,23.53
2019-02-14,36.91,22.04
2019-02-15,9.94,20.47
2019-02-16,1.27,23.45
2019-02-17,0.0,23.18
2019-02-18,0.0,22.39
2019-02-19,0.0,22.71
2019-02-20,0.0,24.28
2019-02-21,0.0,27.39
2019-02-22,0.52,25.98
2019-02-23,0.46,26.78
2019-02-24,0.0,26.25
2019-02-25,0.02,25.73
2019-02-26,0.84,26.15
2019-02-27,0.0,26.94
2019-02-28,0.0,25.97
2019-03-01,0.0,26.24
2019-03-02,0.0,27.17
2019-03-03,0.0,27.12
2019-03-04,0.0,27.25
2019-03-05,0.43,28.6
2019-03-06,8.11,25.32
2019-03-07,2.59,25.18
2019-03-08,0.71,25.38
2019-03-09,5.96,24.72
2019-03-10,0.11,25.41
2019-03-11,12.71,23.52
2019-03-12,0.67,23.58
2019-03-13,0.0,23.97
2019-03-14,0.01,25.39
2019-03-15,0.0,22.83
2019-03-16,0.0,23.09
2019-03-17,0.03,25.19
2019-03-18,0.05,25.7
2019-03-19,0.0,26.23
2019-03-20,0.0,26.26
2019-03-21,0.0,25.56
2019-03-22,0.0,24.94
2019-03-23,0.08,24.45
2019-03-24,0.3,24.95
2019-03-25,0.0,26.89
2019-03-26,0.0,25.97
2019-03-27,0.46,25.06
2019-03-28,0.3,27.63
2019-03-29,0.0,27.82
2019-03-30,0.0,25.72
2019-03-31,0.46,26.17
2019-04-01,1.13,24.22
2019-04-02,1.99,22.85
2019-04-03,1.29,22.13
2019-04-04,0.52,22.68
2019-04-05,11.06,21.26
2019-04-06,13.95,21.39
2019-04-07,2.83,21.38
2019-04-08,11.88,20.41
2019-04-09,0.31,22.16
2019-04-10,2.07,22.1
2019-04-11,5.05,19.62
2019-04-12,4.27,19.17
2019-04-13,0.01,19.35
2019-04-14,0.01,20.98
2019-04-15,0.72,22.21
2019-04-16,0.24,20.96
2019-04-17,0.0,18.91
2019-04-18,0.04,21.38
2019-04-19,0.0,21.15
2019-04-20,0.04,20.67
2019-04-21,0.0,19.89
2019-04-22,10.5,17.79
2019-04-23,19.65,18.27
2019-04-24,1.5,19.68
2019-04-25,0.0,19.39
2019-04-26,0.0,17.73
2019-04-27,0.0,18.33
2019-04-28,0.0,18.26
2019-04-29,0.0,18.3
2019-04-30,0.0,17.84
2019-05-01,0.0,18.12
2019-05-02,0.0,19.12
2019-05-03,0.0,19.72
2019-05-04,0.0,20.81
2019-05-05,0.0,18.87
2019-05-06,0.0,18.58
2019-05-07,0.0,18.04
2019-05-08,0.22,19.41
2019-05-09,0.0,17.12
2019-05-10,0.0,16.15
2019-05-11,0.0,17.69
2019-05-12,0.0,18.04
2019-05-13,0.0,17.26
2019-05-14,0.0,18.32
2019-05-15,0.0,16.96
2019-05-16,0.0,18.94
2019-05-17,0.0,19.03
2019-05-18,0.0,18.27
2019-05-19,0.0,18.13
2019-05-20,0.0,17.83
2019-05-21,0.0,18.44
2019-05-22,0.0,16.1
2019-05-23,0.0,17.03
2019-05-24,1.68,16.64
2019-05-25,0.47,16.94
2019-05-26,0.0,16.58
2019-05-27,0.0,15.86
2019-05-28,0.0,16.66
2019-05-29,0.0,15.43
2019-05-30,0.0,14.81
2019-05-31,0.0,14.43
2019-06-01,0.02,15.43
2019-06-02,0.01,15.67
2019-06-03,0.0,15.11
2019-06-04,0.0,16.24
2019-06-05,0.0,16.07
2019-06-06,0.0,15.03
2019-06-07,0.0,15.25
2019-06-08,0.0,14.83
2019-06-09,0.0,12.81
2019-06-10,0.0,13.79
2019-06-11,0.0,14.83
2019-06-12,0.0,14.78
2019-06-13,0.0,13.24
2019-06-14,0.0,11.38
2019-06-15,0.0,13.42
2019-06-16,0.0,14.2
2019-06-17,0.0,14.4
2019-06-18,0.0,13.63
2019-06-19,0.0,12.57
2019-06-20,0.0,12.87
2019-06-21,0.0,11.9
2019-06-22,0.0,14.18
2019-06-23,0.0,12.47
2019-06-24,0.0,11.77
2019-06-25,0.0,12.75
2019-06-26,0.0,13.81
2019-06-27,0.0,15.23
2019-06-28,0.0,15.9
2019-06-29,0.0,16.74
2019-06-30,0.0,15.9
2019-07-01,0.0,10.59
2019-07-02,0.0,8.67
2019-07-03,0.0,11.4
2019-07-04,0.0,13.33
2019-07-05,0.0,14.07
2019-07-06,0.0,11.96
2019-07-07,0.0,12.75
2019-07-08,0.0,13.18
2019-07-09,0.0,13.94
2019-07-10,0.0,15.43
2019-07-11,0.0,15.98
2019-07-12,0.0,15.98
2019-07-13,0.0,14.44
2019-07-14,0.0,14.11
2019-07-15,0.0,14.92
2019-07-16,0.0,13.75
2019-07-17,0.0,14.51
2019-07-18,0.0,16.64
2019-07-19,0.0,14.95
2019-07-20,0.0,12.33
2019-07-21,0.0,10.57
2019-07-22,0.0,11.66
2019-07-23,0.0,13.92
2019-07-24,0.0,12.22
2019-07-25,0.0,13.63
2019-07-26,0.0,15.44
2019-07-27,0.0,13.06
2019-07-28,0.0,15.28
2019-07-29,0.0,17.19
2019-07-30,0.0,17.91
2019-07-31,0.0,16.0
2019-08-01,0.0,15.08
2019-08-02,0.0,15.36
2019-08-03,0.0,17.16
2019-08-04,0.0,19.26
2019-08-05,0.0,19.88
2019-08-06,0.0,19.26
2019-08-07,0.0,21.15
2019-08-08,0.0,20.29
2019-08-09,0.0,18.41
2019-08-10,0.0,17.85
2019-08-11,0.0,18.55
2019-08-12,0.0,19.85
2019-08-13,0.0,20.44
2019-08-14,0.0,19.63
2019-08-15,0.0,18.12
2019-08-16,0.0,18.91
2019-08-17,0.0,20.81
2019-08-18,0.0,17.08
2019-08-19,0.0,18.25
2019-08-20,0.0,18.05
2019-08-21,0.04,15.99
2019-08-22,0.0,17.08
2019-08-23,0.0,18.22
2019-08-24,0.0,18.09
2019-08-25,0.0,17.51
2019-08-26,0.0,19.48
2019-08-27,0.0,20.39
2019-08-28,0.0,20.0
2019-08-29,0.0,20.64
2019-08-30,0.0,20.19
2019-08-31,0.0,15.71
2019-09-01,0.0,15.26
2019-09-02,0.0,16.79
2019-09-03,0.0,18.7
2019-09-04,0.0,19.85
2019-09-05,0.0,21.63
2019-09-06,0.38,19.4
2019-09-07,0.01,15.7
2019-09-08,0.0,14.98
2019-09-09,0.0,18.35
2019-09-10,0.0,19.26
2019-09-11,0.0,21.45
2019-09-12,0.0,21.95
2019-09-13,0.0,20.49
2019-09-14,0.0,21.09
2019-09-15,0.0,21.86
2019-09-16,0.0,23.07
2019-09-17,0.0,24.09
2019-09-18,0.0,24.97
2019-09-19,0.0,24.34
2019-09-20,0.0,22.78
2019-09-21,0.0,22.59
2019-09-22,0.0,23.07
2019-09-23,0.0,21.4
2019-09-24,0.0,19.88
2019-09-25,0.0,17.94
2019-09-26,0.0,14.99
2019-09-27,0.0,17.25
2019-09-28,0.0,20.66
2019-09-29,0.0,22.67
2019-09-30,0.0,19.67
2019-10-01,0.0,18.15
2019-10-02,0.37,17.43
2019-10-03,0.0,19.37
2019-10-04,0.0,23.89
2019-10-05,0.0,26.76
2019-10-06,0.0,26.43
2019-10-07,0.0,25.99
2019-10-08,0.0,25.07
2019-10-09,0.0,25.81
2019-10-10,0.0,25.8
2019-10-11,0.01,20.03
2019-10-12,0.0,22.96
2019-10-13,0.0,27.62
2019-10-14,0.0,27.15
2019-10-15,2.54,26.71
2019-10-16,0.01,25.33
2019-10-17,0.0,25.29
2019-10-18,0.0,26.57
2019-10-19,0.0,28.07
2019-10-20,0.0,28.98
2019-10-21,0.0,29.56
2019-10-22,0.0,28.45
2019-10-23,0.04,27.03
2019-10-24,0.0,28.51
2019-10-25,1.45,28.51
2019-10-26,0.22,28.96
2019-10-27,0.0,29.22
2019-10-28,0.0,26.18
2019-10-29,0.0,20.85
2019-10-30,0.0,22.17
2019-10-31,0.0,24.98
2019-11-01,10.09,22.36
2019-11-02,1.43,23.14
2019-11-03,0.0,26.54
2019-11-04,0.0,27.83
2019-11-05,0.0,26.61
2019-11-06,0.0,26.63
2019-11-07,0.0,28.24
2019-11-08,0.02,27.76
2019-11-09,0.36,25.81
2019-11-10,1.43,24.68
2019-11-11,2.79,24.57
2019-11-12,6.62,24.14
2019-11-13,5.35,23.29
2019-11-14,0.35,24.45
2019-11-15,0.0,23.01
2019-11-16,0.0,25.33
2019-11-17,0.0,27.17
2019-11-18,0.02,29.16
2019-11-19,4.66,26.9
2019-11-20,11.22,24.36
2019-11-21,1.42,25.23
2019-11-22,0.84,26.69
2019-11-23,0.12,28.62
2019-11-24,0.04,27.4
2019-11-25,0.0,26.76
2019-11-26,0.0,26.83
2019-11-27,0.06,28.38
2019-11-28,0.0,28.83
2019-11-29,0.0,27.0
2019-11-30,0.0,28.32
2019-12-01,0.0,28.01
2019-12-02,0.0,28.78
2019-12-03,5.78,28.61
2019-12-04,16.74,21.88
2019-12-05,13.48,17.62
2019-12-06,14.55,17.68
2019-12-07,18.52,20.27
2019-12-08,7.49,23.31
2019-12-09,6.9,23.58
2019-12-10,15.87,21.82
2019-12-11,0.04,23.44
2019-12-12,0.0,23.73
2019-12-13,0.0,23.88
2019-12-14,0.0,25.42
2019-12-15,0.0,26.93
2019-12-16,0.0,24.22
2019-12-17,0.05,23.75
2019-12-18,1.93,25.09
2019-12-19,0.51,26.67
2019-12-20,0.98,28.16
2019-12-21,0.87,25.32
2019-12-22,0.9,25.25
2019-12-23,5.17,24.32
2019-12-24,0.72,26.59
2019-12-25,1.08,28.16
2019-12-26,0.18,29.67
2019-12-27,26.54,24.24
2019-12-28,1.99,23.3
2019-12-29,1.69,23.74
2019-12-30,1.08,24.72
2019-12-31,2.21,25.74
2020-01-01,5.61,25.2
2020-01-02,6.57,24.79
2020-01-03,0.39,26.91
2020-01-04,0.49,26.54
2020-01-05,0.46,27.03
2020-01-06,0.86,26.26
2020-01-07,8.07,26.14
2020-01-08,5.05,23.12
2020-01-09,3.98,23.1
2020-01-10,1.75,25.35
2020-01-11,3.59,23.65
2020-01-12,1.21,24.97
2020-01-13,1.25,25.95
2020-01-14,0.45,25.12
2020-01-15,0.07,24.72
2020-01-16,0.04,24.81
2020-01-17,9.31,23.61
2020-01-18,5.99,23.12
2020-01-19,0.15,24.86
2020-01-20,1.67,24.13
2020-01-21,0.21,24.38
2020-01-22,0.02,27.17
2020-01-23,15.5,26.91
2020-01-24,9.0,23.33
2020-01-25,22.47,22.72
2020-01-26,0.74,24.64
2020-01-27,0.0,23.51
2020-01-28,0.26,22.93
2020-01-29,0.0,24.57
2020-01-30,0.08,25.28
2020-01-31,0.0,24.56
2020-02-01,0.0,25.07
2020-02-02,0.0,25.21
2020-02-03,0.0,23.85
2020-02-04,0.03,24.42
2020-02-05,2.06,25.45
2020-02-06,2.45,23.74
2020-02-07,5.1,24.06
2020-02-08,8.37,21.76
2020-02-09,1.8,24.44
2020-02-10,3.85,24.63
2020-02-11,4.08,22.67
2020-02-12,7.58,21.88
2020-02-13,0.12,23.12
2020-02-14,0.05,24.65
2020-02-15,0.03,24.7
2020-02-16,0.21,24.4
2020-02-17,0.65,25.57
2020-02-18,0.31,24.44
2020-02-19,0.45,25.0
2020-02-20,2.94,25.78
2020-02-21,30.09,24.01
2020-02-22,0.61,24.99
2020-02-23,2.83,23.8
2020-02-24,0.88,20.38
2020-02-25,0.37,21.01
2020-02-26,0.0,22.16
2020-02-27,0.0,24.29
2020-02-28,0.13,25.48
2020-02-29,1.31,23.26
2020-03-01,1.69,20.75
2020-03-02,5.29,19.6
2020-03-03,0.29,20.64
2020-03-04,0.19,21.37
2020-03-05,0.01,21.69
2020-03-06,0.0,21.78
2020-03-07,0.0,20.23
2020-03-08,1.59,21.59
2020-03-09,0.0,23.47
2020-03-10,0.06,23.68
2020-03-11,0.22,24.72
2020-03-12,4.33,24.39
2020-03-13,4.15,23.72
2020-03-14,0.3,24.12
2020-03-15,0.01,24.86
2020-03-16,0.03,23.81
2020-03-17,11.18,21.09
2020-03-18,1.9,21.64
2020-03-19,0.0,22.86
2020-03-20,0.01,23.59
2020-03-21,4.57,22.79
2020-03-22,7.97,21.16
2020-03-23,0.37,22.31
2020-03-24,0.0,24.11
2020-03-25,0.0,25.57
2020-03-26,0.0,25.06
2020-03-27,0.0,22.31
2020-03-28,0.11,21.07
2020-03-29,1.66,22.51
2020-03-30,2.3,20.69
2020-03-31,0.0,22.72
2020-04-01,0.36,23.07
2020-04-02,6.0,19.85
2020-04-03,9.86,17.59
2020-04-04,0.91,17.15
2020-04-05,0.0,19.51
2020-04-06,0.0,21.8
2020-04-07,0.0,19.81
2020-04-08,0.0,19.38
2020-04-09,0.28,19.77
2020-04-10,0.07,19.21
2020-04-11,0.22,20.63
2020-04-12,0.0,22.53
2020-04-13,0.0,23.84
2020-04-14,1.22,21.17
2020-04-15,0.0,17.7
2020-04-16,0.0,17.59
2020-04-17,0.0,18.66
2020-04-18,14.54,19.04
2020-04-19,0.27,19.48
2020-04-20,0.0,20.28
2020-04-21,0.01,20.46
2020-04-22,0.0,19.19
2020-04-23,0.0,18.72
2020-04-24,0.0,17.92
2020-04-25,1.12,18.62
2020-04-26,0.21,19.46
2020-04-27,4.0,18.88
2020-04-28,45.35,17.73
2020-04-29,0.23,15.05
2020-04-30,0.0,15.95
2020-05-01,0.0,17.16
2020-05-02,0.0,19.58
2020-05-03,0.0,19.66
2020-05-04,0.0,19.52
2020-05-05,0.0,17.75
2020-05-06,0.0,16.95
2020-05-07,0.0,15.34
2020-05-08,0.0,17.31
2020-05-09,0.0,17.06
2020-05-10,0.0,16.37
2020-05-11,0.0,17.14
2020-05-12,0.0,16.84
2020-05-13,0.0,15.97
2020-05-14,0.0,15.48
2020-05-15,0.0,16.35
2020-05-16,0.0,15.85
2020-05-17,0.0,14.38
2020-05-18,0.0,16.83
2020-05-19,0.0,16.45
2020-05-20,0.0,15.33
2020-05-21,0.0,14.18
2020-05-22,0.0,14.3
2020-05-23,0.0,14.94
2020-05-24,0.0,15.94
2020-05-25,0.0,15.18
2020-05-26,0.0,12.27
2020-05-27,0.0,6.9
2020-05-28,0.0,9.8
2020-05-29,0.0,13.01
2020-05-30,0.0,15.38
2020-05-31,0.0,15.02
2020-06-01,0.0,16.72
2020-06-02,0.0,15.8
2020-06-03,0.0,15.57
2020-06-04,0.0,15.29
2020-06-05,0.0,13.06
2020-06-06,0.0,13.55
2020-06-07,0.0,12.89
2020-06-08,0.0,14.11
2020-06-09,0.0,13.41
2020-06-10,0.0,13.04
2020-06-11,0.0,11.2
2020-06-12,0.0,6.49
2020-06-13,0.0,6.67
2020-06-14,0.0,9.37
2020-06-15,0.0,11.55
2020-06-16,2.05,10.22
2020-06-17,4.25,9.84
2020-06-18,0.09,10.35
2020-06-19,0.0,9.99
2020-06-20,0.0,11.96
2020-06-21,0.0,12.62
2020-06-22,0.0,12.45
2020-06-23,0.0,11.74
2020-06-24,0.0,12.31
2020-06-25,0.0,10.77
2020-06-26,0.0,11.91
2020-06-27,0.0,10.17
2020-06-28,0.0,10.45
2020-06-29,0.0,11.37
2020-06-30,0.0,12.08
2020-07-01,0.0,11.19
2020-07-02,0.0,13.42
2020-07-03,0.0,13.85
2020-07-04,0.0,13.34
2020-07-05,0.0,13.74
2020-07-06,0.0,13.93
2020-07-07,0.0,15.29
2020-07-08,0.02,12.82
2020-07-09,0.43,13.72
2020-07-10,0.0,15.3
2020-07-11,0.0,9.42
2020-07-12,0.0,7.66
2020-07-13,0.0,9.97
2020-07-14,0.0,8.09
2020-07-15,0.0,6.26
2020-07-16,0.0,7.57
2020-07-17,0.0,9.89
2020-07-18,0.0,11.3
2020-07-19,0.0,13.0
2020-07-20,0.0,12.02
2020-07-21,0.0,13.96
2020-07-22,0.0,12.18
2020-07-23,0.0,11.37
2020-07-24,0.0,10.62
2020-07-25,0.19,10.49
2020-07-26,0.0,12.56
2020-07-27,0.0,11.8
2020-07-28,0.0,11.2
2020-07-29,0.0,13.38
2020-07-30,0.0,14.04
2020-07-31,0.0,14.06
2020-08-01,0.0,16.08
2020-08-02,0.0,14.24
2020-08-03,0.0,14.36
2020-08-04,0.0,15.49
2020-08-05,0.0,15.69
2020-08-06,0.0,15.26
2020-08-07,0.0,13.12
2020-08-08,0.12,12.65
2020-08-09,0.0,15.63
2020-08-10,0.0,13.72
2020-08-11,0.0,14.47
2020-08-12,0.0,16.36
2020-08-13,0.0,14.92
2020-08-14,0.0,13.37
2020-08-15,0.0,16.38
2020-08-16,0.0,14.56
2020-08-17,0.0,15.62
2020-08-18,0.0,12.87
2020-08-19,0.0,8.62
2020-08-20,0.0,11.16
2020-08-21,0.0,13.54
2020-08-22,0.0,12.9
2020-08-23,0.0,14.87
2020-08-24,0.0,18.08
2020-08-25,0.0,20.03
2020-08-26,0.0,21.16
2020-08-27,0.07,19.83
2020-08-28,0.02,20.31
2020-08-29,0.01,16.91
2020-08-30,0.0,12.42
2020-08-31,0.0,13.45
2020-09-01,0.55,14.18
2020-09-02,0.6,14.83
2020-09-03,0.02,17.91
2020-09-04,0.0,20.73
2020-09-05,0.0,19.56
2020-09-06,0.0,19.17
2020-09-07,0.0,19.23
2020-09-08,0.0,21.13
2020-09-09,0.0,20.92
2020-09-10,0.0,21.08
2020-09-11,0.0,19.51
2020-09-12,0.0,18.29
2020-09-13,0.0,18.34
2020-09-14,0.0,20.79
2020-09-15,0.0,22.51
2020-09-16,0.0,22.48
2020-09-17,0.0,22.34
2020-09-18,0.01,23.21
2020-09-19,0.0,23.33
2020-09-20,0.0,25.38
2020-09-21,0.0,23.62
2020-09-22,0.3,18.49
2020-09-23,0.01,17.86
2020-09-24,0.0,21.46
2020-09-25,0.0,24.31
2020-09-26,0.0,20.74
2020-09-27,0.0,19.26
2020-09-28,0.0,18.63
2020-09-29,0.0,19.01
2020-09-30,0.07,20.0
2020-10-01,0.1,22.59
2020-10-02,0.06,22.55
2020-10-03,0.34,21.95
2020-10-04,0.0,23.82
2020-10-05,0.13,24.96
2020-10-06,15.58,20.51
2020-10-07,16.42,19.14
2020-10-08,3.15,19.22
2020-10-09,0.05,21.92
2020-10-10,0.0,21.87
2020-10-11,1.09,19.02
2020-10-12,0.32,17.48
2020-10-13,0.0,19.58
2020-10-14,0.0,23.06
2020-10-15,0.0,22.08
2020-10-16,0.0,24.7
2020-10-17,0.0,24.81
2020-10-18,0.0,27.11
2020-10-19,0.0,28.52
2020-10-20,0.0,28.42
2020-10-21,0.0,25.21
2020-10-22,0.0,24.52
2020-10-23,0.0,26.48
2020-10-24,0.0,29.14
2020-10-25,2.36,27.64
2020-10-26,0.04,26.14
2020-10-27,0.05,26.55
2020-10-28,0.0,26.74
2020-10-29,0.0,26.56
2020-10-30,0.0,26.77
2020-10-31,9.75,22.91
2020-11-01,31.62,21.19
2020-11-02,1.18,21.68
2020-11-03,38.86,18.97
2020-11-04,1.63,21.0
2020-11-05,1.95,23.39
2020-11-06,0.04,23.99
2020-11-07,0.0,26.38
2020-11-08,11.79,27.17
2020-11-09,1.56,22.77
2020-11-10,2.29,20.45
2020-11-11,0.18,22.57
2020-11-12,0.09,22.29
2020-11-13,0.91,21.95
2020-11-14,0.0,23.21
2020-11-15,0.04,24.06
2020-11-16,0.02,24.88
2020-11-17,0.06,25.0
2020-11-18,0.2,27.57
2020-11-19,0.24,28.35
2020-11-20,14.85,23.35
2020-11-21,12.12,20.83
2020-11-22,4.32,23.32
2020-11-23,0.76,25.87
2020-11-24,0.0,26.18
2020-11-25,0.0,24.11
2020-11-26,0.23,25.52
2020-11-27,5.1,26.28
2020-11-28,4.13,23.61
2020-11-29,5.98,24.44
2020-11-30,1.41,25.15
2020-12-01,1.09,25.69
2020-12-02,0.0,23.89
2020-12-03,6.18,22.68
2020-12-04,8.0,21.19
2020-12-05,11.73,21.43
2020-12-06,0.26,21.76
2020-12-07,0.7,23.36
2020-12-08,6.69,23.24
2020-12-09,1.03,24.14
2020-12-10,1.94,26.44
2020-12-11,7.3,27.13
2020-12-12,8.85,25.84
2020-12-13,31.6,22.21
2020-12-14,1.36,22.45
2020-12-15,0.79,22.64
2020-12-16,0.74,22.33
2020-12-17,11.09,20.38
2020-12-18,0.91,22.17
2020-12-19,2.84,22.27
2020-12-20,0.52,23.91
2020-12-21,4.73,22.91
2020-12-22,1.53,25.07
2020-12-23,1.34,25.59
2020-12-24,0.0,26.26
2020-12-25,0.16,24.65
2020-12-26,0.06,25.59
2020-12-27,0.09,27.0
2020-12-28,0.36,27.41
2020-12-29,0.5,27.17
2020-12-30,0.74,28.8
2020-12-31,2.77,24.59
2021-01-01,31.17,22.52
2021-01-02,10.68,18.96
2021-01-03,0.24,21.73
2021-01-04,0.13,23.77
2021-01-05,3.64,24.21
2021-01-06,17.69,24.4
2021-01-07,9.48,23.81
2021-01-08,5.8,21.72
2021-01-09,1.77,24.26
2021-01-10,3.61,24.19
2021-01-11,5.46,22.44
2021-01-12,2.21,23.47
2021-01-13,0.95,24.43
2021-01-14,3.72,23.75
2021-01-15,1.46,24.68
2021-01-16,1.91,25.96
2021-01-17,0.02,26.68
2021-01-18,0.65,25.02
2021-01-19,2.07,23.68
2021-01-20,0.01,25.27
2021-01-21,0.03,25.35
2021-01-22,0.07,25.0
2021-01-23,0.0,25.23
2021-01-24,0.13,25.86
2021-01-25,21.59,22.03
2021-01-26,6.57,22.72
2021-01-27,22.35,23.15
2021-01-28,7.82,23.02
2021-01-29,8.36,21.9
2021-01-30,2.06,22.98
2021-01-31,14.32,21.91
2021-02-01,52.48,22.33
2021-02-02,47.81,19.44
2021-02-03,4.01,20.06
2021-02-04,6.08,21.47
2021-02-05,30.98,21.09
2021-02-06,3.57,20.0
2021-02-07,9.49,20.07
2021-02-08,3.3,21.79
2021-02-09,2.09,22.04
2021-02-10,1.53,22.41
2021-02-11,1.59,22.52
2021-02-12,0.57,22.34
2021-02-13,1.8,22.36
2021-02-14,1.77,23.91
2021-02-15,1.42,23.91
2021-02-16,0.45,22.58
2021-02-17,0.43,21.9
2021-02-18,0.04,23.73
2021-02-19,0.13,24.58
2021-02-20,0.0,24.06
2021-02-21,1.24,22.27
2021-02-22,4.55,21.63
2021-02-23,6.78,21.38
2021-02-24,2.99,21.57
2021-02-25,4.41,21.56
2021-02-26,2.76,22.4
2021-02-27,3.65,19.38
2021-02-28,2.05,18.98
2021-03-01,1.52,17.8
2021-03-02,0.61,18.99
2021-03-03,0.34,20.95
2021-03-04,0.0,21.9
2021-03-05,0.01,23.6
2021-03-06,0.03,22.74
2021-03-07,0.01,22.8
2021-03-08,0.01,23.48
2021-03-09,0.08,23.02
2021-03-10,0.0,24.97
2021-03-11,0.0,25.19
2021-03-12,1.22,22.63
2021-03-13,0.93,22.28
2021-03-14,0.05,21.29
2021-03-15,2.43,20.7
2021-03-16,2.81,22.86
2021-03-17,4.28,22.08
2021-03-18,0.53,22.81
2021-03-19,0.11,22.96
2021-03-20,2.33,22.84
2021-03-21,6.22,21.81
2021-03-22,1.63,22.01
2021-03-23,2.49,20.57
2021-03-24,1.13,20.3
2021-03-25,0.97,20.05
2021-03-26,0.0,19.16
2021-03-27,0.0,21.12
2021-03-28,0.17,21.59
2021-03-29,3.19,20.36
2021-03-30,0.75,20.97
2021-03-31,1.95,20.75
2021-04-01,0.68,22.2
2021-04-02,0.11,22.17
2021-04-03,0.0,22.97
2021-04-04,0.38,21.83
2021-04-05,0.0,23.2
2021-04-06,0.8,21.86
2021-04-07,7.4,19.5
2021-04-08,0.2,20.72
2021-04-09,0.0,21.82
2021-04-10,0.0,22.46
2021-04-11,0.0,22.58
2021-04-12,0.0,20.5
2021-04-13,0.0,20.13
2021-04-14,0.0,22.01
2021-04-15,0.01,23.22
2021-04-16,0.01,22.19
2021-04-17,0.28,17.72
2021-04-18,0.0,16.87
2021-04-19,0.0,19.15
2021-04-20,0.0,18.17
2021-04-21,0.03,17.68
2021-04-22,0.0,19.06
2021-04-23,0.0,19.63
2021-04-24,0.0,18.85
2021-04-25,0.0,18.87
2021-04-26,0.0,19.21
2021-04-27,0.0,20.41
2021-04-28,0.0,21.65
2021-04-29,0.04,20.19
2021-04-30,5.43,17.71
2021-05-01,0.0,15.38
2021-05-02,0.31,14.7
2021-05-03,0.0,15.07
2021-05-04,0.0,16.87
2021-05-05,0.0,17.72
2021-05-06,0.04,18.03
2021-05-07,0.7,17.54
2021-05-08,0.41,17.42
2021-05-09,0.0,14.91
2021-05-10,0.0,16.66
2021-05-11,0.0,16.87
2021-05-12,0.0,18.98
2021-05-13,0.0,17.3
2021-05-14,0.0,17.26
2021-05-15,0.0,16.85
2021-05-16,0.0,16.86
2021-05-17,0.0,14.89
2021-05-18,0.0,15.39
2021-05-19,0.0,15.32
2021-05-20,0.0,16.57
2021-05-21,0.0,15.14
2021-05-22,0.0,13.46
2021-05-23,0.17,13.42
2021-05-24,0.0,14.44
2021-05-25,0.0,16.0
2021-05-26,0.0,17.32
2021-05-27,0.0,16.3
2021-05-28,0.0,15.68
2021-05-29,0.0,14.92
2021-05-30,0.0,13.98
2021-05-31,0.0,14.05
2021-06-01,0.0,11.02
2021-06-02,0.0,10.52
2021-06-03,0.0,12.11
2021-06-04,0.0,11.21
2021-06-05,0.0,9.23
2021-06-06,0.0,10.06
2021-06-07,0.24,11.7
2021-06-08,0.16,12.48
2021-06-09,6.29,12.97
2021-06-10,0.02,13.12
2021-06-11,0.0,13.8
2021-06-12,0.0,15.86
2021-06-13,0.0,16.05
2021-06-14,0.0,15.4
2021-06-15,0.0,14.87
2021-06-16,0.0,13.79
2021-06-17,0.0,15.95
2021-06-18,0.0,15.1
2021-06-19,0.03,13.24
2021-06-20,0.03,12.75
2021-06-21,0.0,12.02
2021-06-22,0.0,13.69
2021-06-23,0.0,14.08
2021-06-24,0.0,15.1
2021-06-25,0.0,15.02
2021-06-26,0.0,14.05
2021-06-27,0.0,13.8
2021-06-28,0.0,15.57
2021-06-29,0.0,16.45
2021-06-30,0.0,15.82
2021-07-01,0.0,14.38
2021-07-02,0.0,14.48
2021-07-03,0.0,15.98
2021-07-04,0.0,14.91
2021-07-05,0.0,14.3
2021-07-06,0.12,12.31
2021-07-07,0.0,12.19
2021-07-08,0.0,12.74
2021-07-09,0.0,14.03
2021-07-10,0.0,14.89
2021-07-11,0.0,13.46
2021-07-12,0.0,13.26
2021-07-13,0.04,8.13
2021-07-14,0.0,6.99
2021-07-15,0.07,8.08
2021-07-16,0.04,10.93
2021-07-17,0.0,11.93
2021-07-18,0.0,10.45
2021-07-19,0.0,9.84
2021-07-20,0.0,11.5
2021-07-21,0.02,10.83
2021-07-22,0.0,5.93
2021-07-23,0.0,6.99
2021-07-24,0.0,7.4
2021-07-25,0.0,7.92
2021-07-26,0.01,8.19
2021-07-27,0.0,9.89
2021-07-28,0.0,12.16
2021-07-29,0.0,13.79
2021-07-30,0.0,13.77
2021-07-31,0.0,12.7
2021-08-01,0.0,14.7
2021-08-02,0.0,14.73
2021-08-03,0.0,12.68
2021-08-04,0.0,14.31
2021-08-05,0.0,16.34
2021-08-06,0.0,17.17
2021-08-07,0.0,17.05
2021-08-08,0.0,16.37
2021-08-09,0.0,17.03
2021-08-10,0.0,14.76
2021-08-11,0.08,14.82
2021-08-12,0.0,16.73
2021-08-13,0.03,15.86
2021-08-14,1.17,12.56
2021-08-15,0.11,13.57
2021-08-16,0.0,14.89
2021-08-17,0.0,15.92
2021-08-18,0.0,17.9
2021-08-19,0.0,15.9
2021-08-20,0.0,16.9
2021-08-21,0.01,17.4
2021-08-22,0.0,19.42
2021-08-23,0.01,20.45
2021-08-24,0.0,19.74
2021-08-25,8.4,20.04
2021-08-26,0.11,19.89
2021-08-27,0.0,19.95
2021-08-28,0.0,11.13
2021-08-29,0.0,9.49
2021-08-30,0.0,14.92
2021-08-31,0.0,18.19
2021-09-01,0.0,18.87
2021-09-02,0.0,18.85
2021-09-03,0.0,20.85
2021-09-04,0.0,21.82
2021-09-05,0.1,22.18
2021-09-06,0.0,22.51
2021-09-07,0.0,19.69
2021-09-08,0.01,18.54
2021-09-09,0.01,18.5
2021-09-10,0.03,18.49
2021-09-11,0.0,17.44
2021-09-12,0.0,17.9
2021-09-13,0.0,19.75
2021-09-14,0.0,21.12
2021-09-15,0.0,23.38
2021-09-16,0.0,20.39
2021-09-17,0.0,17.75
2021-09-18,0.09,17.39
2021-09-19,0.0,18.99
2021-09-20,0.09,22.38
2021-09-21,0.0,20.0
2021-09-22,0.32,18.04
2021-09-23,0.0,18.73
2021-09-24,0.0,21.87
2021-09-25,0.0,23.65
2021-09-26,0.0,24.53
2021-09-27,0.0,23.65
2021-09-28,0.0,25.18
2021-09-29,0.01,25.89
2021-09-30,2.56,23.77
2021-10-01,0.72,20.64
2021-10-02,0.1,21.15
2021-10-03,0.0,18.23
2021-10-04,0.0,19.48
2021-10-05,0.06,20.58
2021-10-06,0.0,23.92
2021-10-07,9.95,24.15
2021-10-08,1.09,23.2
2021-10-09,0.0,22.57
2021-10-10,0.0,21.51
2021-10-11,0.0,19.04
2021-10-12,0.0,20.29
2021-10-13,0.0,23.61
2021-10-14,0.0,25.29
2021-10-15,0.0,26.27
2021-10-16,0.0,24.23
2021-10-17,0.0,20.48
2021-10-18,0.0,20.22
2021-10-19,0.0,19.2
2021-10-20,0.0,18.84
2021-10-21,0.0,21.17
2021-10-22,3.45,21.7
2021-10-23,0.0,23.65
2021-10-24,0.0,22.26
2021-10-25,0.24,23.05
2021-10-26,0.39,24.1
2021-10-27,0.91,22.72
2021-10-28,18.39,20.48
2021-10-29,0.94,22.51
2021-10-30,0.0,22.17
2021-10-31,0.0,22.35
2021-11-01,0.0,24.67
2021-11-02,0.0,23.07
2021-11-03,0.0,24.97
2021-11-04,0.0,26.65
2021-11-05,0.07,28.63
2021-11-06,0.01,29.08
2021-11-07,0.29,27.99
2021-11-08,7.81,22.83
2021-11-09,0.0,20.92
2021-11-10,0.02,23.61
2021-11-11,0.0,25.61
2021-11-12,0.01,27.06
2021-11-13,0.0,28.16
2021-11-14,0.08,29.03
2021-11-15,0.0,29.49
2021-11-16,0.0,30.73
2021-11-17,0.0,30.13
2021-11-18,0.0,28.56
2021-11-19,0.0,25.92
2021-11-20,0.29,26.43
2021-11-21,24.31,21.52
2021-11-22,4.27,22.69
2021-11-23,0.07,23.15
2021-11-24,0.0,23.17
2021-11-25,0.13,22.37
2021-11-26,0.89,19.97
2021-11-27,3.83,22.12
2021-11-28,0.63,23.56
2021-11-29,0.57,26.31
2021-11-30,0.19,27.2
2021-12-01,0.0,28.23
2021-12-02,4.11,25.55
2021-12-03,0.53,27.35
2021-12-04,2.09,26.72
2021-12-05,21.3,22.41
2021-12-06,0.38,24.72
2021-12-07,0.66,26.89
2021-12-08,3.01,24.57
2021-12-09,0.48,24.99
2021-12-10,0.75,24.61
2021-12-11,4.61,23.79
2021-12-12,5.2,22.05
2021-12-13,1.5,22.6
2021-12-14,0.44,25.22
2021-12-15,0.04,26.49
2021-12-16,10.26,25.73
2021-12-17,9.88,22.1
2021-12-18,6.99,18.47
2021-12-19,0.04,20.15
2021-12-20,0.26,21.82
2021-12-21,2.81,21.66
2021-12-22,4.55,22.36
2021-12-23,2.1,24.07
2021-12-24,0.0,24.14
2021-12-25,3.9,24.12
2021-12-26,10.23,21.82
2021-12-27,5.14,22.81
2021-12-28,0.0,23.62
2021-12-29,0.0,25.24
2021-12-30,0.03,26.82
2021-12-31,0.01,27.97
2022-01-01,0.22,26.74
2022-01-02,0.01,26.04
2022-01-03,2.63,26.21
2022-01-04,1.24,25.54
2022-01-05,3.68,25.48
2022-01-06,4.88,24.76
2022-01-07,5.5,24.04
2022-01-08,3.17,23.72
2022-01-09,1.55,23.78
2022-01-10,0.14,23.99
2022-01-11,1.44,25.08
2022-01-12,3.8,24.79
2022-01-13,3.5,24.37
2022-01-14,0.58,24.77
2022-01-15,1.2,24.89
2022-01-16,2.66,25.3
2022-01-17,4.61,25.06
2022-01-18,1.99,24.41
2022-01-19,0.27,25.38
2022-01-20,1.95,24.39
2022-01-21,0.0,24.35
2022-01-22,0.0,21.36
2022-01-23,7.35,20.26
2022-01-24,0.75,22.81
2022-01-25,0.21,26.72
2022-01-26,0.43,25.7
2022-01-27,0.68,23.56
2022-01-28,1.57,24.82
2022-01-29,0.93,24.81
2022-01-30,13.53,22.21
2022-01-31,1.03,22.11
2022-02-01,1.05,24.08
2022-02-02,0.21,25.86
2022-02-03,1.05,27.38
2022-02-04,7.55,26.1
2022-02-05,4.03,22.9
2022-02-06,0.29,23.17
2022-02-07,0.09,23.43
2022-02-08,0.03,25.36
2022-02-09,0.02,26.93
2022-02-10,0.57,27.36
2022-02-11,2.2,26.23
2022-02-12,0.0,23.55
2022-02-13,0.0,24.71
2022-02-14,0.0,26.87
2022-02-15,0.81,25.73
2022-02-16,0.68,25.68
2022-02-17,1.4,27.07
2022-02-18,1.8,25.9
2022-02-19,1.43,25.86
2022-02-20,0.0,27.28
2022-02-21,0.0,28.17
2022-02-22,0.02,27.25
2022-02-23,1.99,26.09
2022-02-24,0.0,27.07
2022-02-25,0.74,26.97
2022-02-26,2.4,26.56
2022-02-27,0.64,26.84
2022-02-28,1.47,26.62
2022-03-01,1.0,26.34
2022-03-02,0.08,27.77
2022-03-03,3.6,27.26
2022-03-04,33.71,22.36
2022-03-05,6.75,22.94
2022-03-06,9.17,21.34
2022-03-07,1.04,21.96
2022-03-08,28.64,20.1
2022-03-09,12.79,19.27
2022-03-10,1.43,22.63
2022-03-11,0.19,22.96
2022-03-12,0.12,23.37
2022-03-13,0.0,23.14
2022-03-14,4.75,21.03
2022-03-15,0.16,21.16
2022-03-16,3.2,20.57
2022-03-17,8.32,17.87
2022-03-18,0.33,19.08
2022-03-19,0.02,20.46
2022-03-20,0.23,20.9
2022-03-21,0.1,19.75
2022-03-22,0.0,20.58
2022-03-23,0.0,20.71
2022-03-24,0.11,22.04
2022-03-25,5.94,20.71
2022-03-26,1.28,20.86
2022-03-27,0.02,22.73
2022-03-28,0.11,21.03
2022-03-29,0.05,20.68
2022-03-30,0.76,21.06
2022-03-31,0.15,21.93
2022-04-01,0.04,21.88
2022-04-02,0.0,22.24
2022-04-03,26.31,20.82
2022-04-04,31.76,18.68
2022-04-05,0.36,20.5
2022-04-06,0.0,18.72
2022-04-07,0.0,17.78
2022-04-08,16.83,17.6
2022-04-09,36.83,16.4
2022-04-10,34.24,15.08
2022-04-11,29.49,17.17
2022-04-12,0.05,18.12
2022-04-13,0.0,18.61
2022-04-14,0.0,19.27
2022-04-15,0.07,20.14
2022-04-16,32.98,18.16
2022-04-17,4.05,16.32
2022-04-18,0.4,16.21
2022-04-19,0.0,14.74
2022-04-20,0.03,14.63
2022-04-21,0.01,15.84
2022-04-22,0.86,16.97
2022-04-23,0.64,18.28
2022-04-24,0.18,19.07
2022-04-25,1.01,16.51
2022-04-26,0.0,13.81
2022-04-27,0.0,12.86
2022-04-28,0.62,14.69
2022-04-29,0.72,15.75
2022-04-30,0.65,17.02
2022-05-01,0.0,14.89
2022-05-02,0.0,15.13
2022-05-03,0.0,15.69
2022-05-04,0.0,16.45
2022-05-05,0.0,15.73
2022-05-06,0.0,16.14
2022-05-07,0.01,16.81
2022-05-08,0.02,15.13
2022-05-09,0.0,13.17
2022-05-10,0.0,14.13
2022-05-11,0.0,16.34
2022-05-12,0.0,17.46
2022-05-13,0.0,17.76
2022-05-14,0.0,17.89
2022-05-15,0.07,16.87
2022-05-16,1.41,14.51
2022-05-17,0.46,13.96
2022-05-18,0.28,13.37
2022-05-19,0.0,13.93
2022-05-20,8.55,13.7
2022-05-21,7.2,7.27
2022-05-22,0.01,10.24
2022-05-23,0.0,12.19
2022-05-24,0.0,13.75
2022-05-25,0.0,14.65
2022-05-26,0.0,15.09
2022-05-27,0.0,14.17
2022-05-28,0.0,13.99
2022-05-29,0.0,13.68
2022-05-30,0.0,11.22
2022-05-31,0.0,9.26
2022-06-01,0.0,9.53
2022-06-02,0.0,10.7
2022-06-03,0.0,10.35
2022-06-04,0.0,11.79
2022-06-05,0.0,11.19
2022-06-06,0.01,10.83
2022-06-07,0.0,11.87
2022-06-08,0.0,12.47
2022-06-09,0.0,12.48
2022-06-10,0.0,11.22
2022-06-11,0.0,10.19
2022-06-12,0.0,10.9
2022-06-13,0.0,11.28
2022-06-14,0.01,13.07
2022-06-15,0.0,8.5
2022-06-16,0.0,6.93
2022-06-17,0.0,9.34
2022-06-18,0.0,11.63
2022-06-19,0.0,12.64
2022-06-20,0.0,13.41
2022-06-21,0.18,13.23
2022-06-22,5.03,13.46
2022-06-23,1.44,12.61
2022-06-24,0.08,11.83
2022-06-25,1.26,12.19
2022-06-26,1.43,10.39
2022-06-27,0.01,9.15
2022-06-28,0.02,8.99
2022-06-29,0.13,9.33
2022-06-30,0.0,9.31
2022-07-01,0.0,9.35
2022-07-02,0.0,10.35
2022-07-03,0.03,11.71
2022-07-04,0.0,14.34
2022-07-05,0.0,14.36
2022-07-06,0.0,14.35
2022-07-07,0.0,14.68
2022-07-08,0.0,14.09
2022-07-09,0.0,12.13
2022-07-10,0.0,11.88
2022-07-11,0.0,11.51
2022-07-12,0.0,12.71
2022-07-13,0.0,14.82
2022-07-14,0.0,13.44
2022-07-15,0.0,11.96
2022-07-16,0.0,11.39
2022-07-17,0.0,11.54
2022-07-18,0.0,11.88
2022-07-19,0.03,13.29
2022-07-20,0.24,13.53
2022-07-21,0.03,14.47
2022-07-22,0.05,13.78
2022-07-23,0.04,14.93
2022-07-24,0.0,14.66
2022-07-25,3.61,12.53
2022-07-26,0.11,13.43
2022-07-27,0.12,15.07
2022-07-28,0.0,15.4
2022-07-29,0.0,14.28
2022-07-30,0.0,15.39
2022-07-31,0.0,15.64
2022-08-01,0.0,15.25
2022-08-02,0.45,14.33
2022-08-03,0.22,14.76
2022-08-04,0.01,14.46
2022-08-05,0.0,15.1
2022-08-06,0.0,17.39
2022-08-07,0.0,18.2
2022-08-08,0.0,15.07
2022-08-09,0.0,14.82
2022-08-10,0.0,16.42
2022-08-11,0.0,16.63
2022-08-12,0.0,16.86
2022-08-13,0.0,17.1
2022-08-14,0.0,12.15
2022-08-15,0.0,10.95
2022-08-16,0.0,11.59
2022-08-17,0.0,15.01
2022-08-18,0.0,14.8
2022-08-19,0.0,10.95
2022-08-20,0.0,11.36
2022-08-21,0.0,11.29
2022-08-22,0.0,13.18
2022-08-23,0.0,14.69
2022-08-24,0.0,14.48
2022-08-25,0.0,16.34
2022-08-26,0.0,17.95
2022-08-27,0.0,18.77
2022-08-28,0.0,19.66
2022-08-29,0.0,19.25
2022-08-30,0.0,19.66
2022-08-31,0.09,15.2
2022-09-01,0.0,14.9
2022-09-02,0.0,15.74
2022-09-03,0.0,18.14
2022-09-04,0.0,19.79
2022-09-05,0.0,21.29
2022-09-06,0.0,20.91
2022-09-07,0.0,18.99
2022-09-08,0.0,19.85
2022-09-09,0.0,21.69
2022-09-10,0.0,23.07
2022-09-11,0.0,23.52
2022-09-12,0.0,22.32
2022-09-13,0.22,18.37
2022-09-14,2.27,18.52
2022-09-15,0.0,19.15
2022-09-16,0.0,21.65
2022-09-17,0.0,22.05
2022-09-18,0.0,22.43
2022-09-19,0.0,21.09
2022-09-20,0.0,16.07
2022-09-21,0.0,17.0
2022-09-22,0.0,19.26
2022-09-23,0.0,22.32
2022-09-24,0.0,24.11
2022-09-25,0.0,25.49
2022-09-26,0.0,25.31
2022-09-27,0.0,24.96
2022-09-28,0.0,23.81
2022-09-29,0.0,22.4
2022-09-30,0.0,23.1
2022-10-01,0.0,24.62
2022-10-02,0.0,26.7
2022-10-03,0.0,27.1
2022-10-04,0.0,29.0
2022-10-05,0.0,26.97
2022-10-06,0.0,26.69
2022-10-07,0.0,26.4
2022-10-08,0.0,25.17
2022-10-09,0.0,25.43
2022-10-10,0.0,25.91
2022-10-11,0.0,25.27
2022-10-12,0.0,25.48
2022-10-13,0.0,26.7
2022-10-14,0.0,26.24
2022-10-15,0.0,27.21
2022-10-16,10.78,23.78
2022-10-17,2.5,19.64
2022-10-18,0.99,21.39
2022-10-19,0.51,22.38
2022-10-20,0.01,24.29
2022-10-21,0.0,25.03
2022-10-22,0.13,25.2
2022-10-23,3.02,23.0
2022-10-24,2.12,24.52
2022-10-25,0.01,25.84
2022-10-26,0.18,24.03
2022-10-27,0.89,21.29
2022-10-28,0.13,24.49
2022-10-29,0.27,23.99
2022-10-30,0.3,24.57
2022-10-31,1.02,23.23
2022-11-01,2.87,21.23
2022-11-02,0.8,21.13
2022-11-03,1.36,21.5
2022-11-04,11.17,23.06
2022-11-05,0.45,25.27
2022-11-06,0.84,24.4
2022-11-07,75.79,22.59
2022-11-08,35.87,21.6
2022-11-09,0.0,23.32
2022-11-10,0.0,24.38
2022-11-11,8.58,20.84
2022-11-12,2.72,21.72
2022-11-13,1.75,21.89
2022-11-14,0.0,22.12
2022-11-15,0.0,22.3
2022-11-16,0.0,24.5
2022-11-17,0.03,26.49
2022-11-18,0.06,27.27
2022-11-19,0.0,25.84
2022-11-20,0.0,24.72
2022-11-21,0.53,23.18
2022-11-22,4.55,24.02
2022-11-23,0.09,25.56
2022-11-24,4.63,26.52
2022-11-25,0.02,27.12
2022-11-26,26.83,24.13
2022-11-27,1.21,22.9
2022-11-28,0.18,21.5
2022-11-29,0.2,21.79
2022-11-30,0.0,23.4
2022-12-01,0.0,25.55
2022-12-02,1.05,25.94
2022-12-03,0.1,26.68
2022-12-04,0.0,28.11
2022-12-05,6.71,24.6
2022-12-06,3.4,22.88
2022-12-07,6.76,20.44
2022-12-08,4.14,22.05
2022-12-09,1.66,22.92
2022-12-10,0.15,23.54
2022-12-11,0.67,23.8
2022-12-12,13.81,21.61
2022-12-13,3.26,22.53
2022-12-14,0.5,24.91
2022-12-15,0.87,26.42
2022-12-16,5.22,25.1
2022-12-17,1.17,25.18
2022-12-18,0.07,24.99
2022-12-19,0.0,25.87
2022-12-20,0.0,26.08
2022-12-21,0.01,25.01
2022-12-22,0.29,23.08
2022-12-23,0.0,22.89
2022-12-24,0.0,24.52
2022-12-25,0.12,26.6
2022-12-26,0.08,27.99
2022-12-27,0.0,27.77
2022-12-28,1.48,26.48
2022-12-29,0.8,26.15
2022-12-30,48.75,22.42
2022-12-31,1.59,21.37
2023-01-01,4.17,21.5
2023-01-02,0.34,22.42
2023-01-03,0.29,24.56
2023-01-04,0.19,25.18
2023-01-05,4.91,24.43
2023-01-06,0.1,24.6
2023-01-07,0.51,22.69
2023-01-08,0.17,22.45
2023-01-09,0.01,24.05
2023-01-10,0.0,26.35
2023-01-11,0.0,26.93
2023-01-12,0.0,24.74
2023-01-13,0.0,23.17
2023-01-14,0.0,24.76
2023-01-15,0.05,25.06
2023-01-16,0.01,25.61
2023-01-17,0.92,25.88
2023-01-18,0.78,25.99
2023-01-19,1.75,26.19
2023-01-20,2.48,26.3
2023-01-21,0.0,26.78
2023-01-22,0.0,26.1
2023-01-23,0.0,25.49
2023-01-24,0.04,26.58
2023-01-25,0.09,27.4
2023-01-26,0.07,25.83
2023-01-27,0.0,26.87
2023-01-28,0.0,29.65
2023-01-29,0.74,31.33
2023-01-30,4.09,25.84
2023-01-31,3.01,24.76
2023-02-01,13.94,23.84
2023-02-02,10.88,23.59
2023-02-03,4.6,24.1
2023-02-04,1.95,24.56
2023-02-05,1.25,24.35
2023-02-06,0.01,27.08
2023-02-07,0.73,26.13
2023-02-08,5.23,22.37
2023-02-09,4.54,23.11
2023-02-10,1.04,22.95
2023-02-11,0.02,24.39
2023-02-12,0.07,26.07
2023-02-13,0.22,25.05
2023-02-14,6.86,23.81
2023-02-15,7.97,23.92
2023-02-16,2.32,21.89
2023-02-17,6.15,22.24
2023-02-18,10.92,23.09
2023-02-19,2.68,23.7
2023-02-20,6.11,24.25
2023-02-21,0.0,23.26
2023-02-22,0.03,22.57
2023-02-23,0.0,23.51
2023-02-24,0.0,24.7
2023-02-25,0.0,26.56
2023-02-26,0.01,25.44
2023-02-27,0.02,25.06
2023-02-28,2.52,25.05
2023-03-01,0.0,25.74
2023-03-02,2.99,24.76
2023-03-03,1.35,23.68
2023-03-04,0.88,25.07
2023-03-05,3.61,25.3
2023-03-06,6.99,24.94
2023-03-07,3.95,24.62
2023-03-08,1.36,24.65
2023-03-09,0.01,25.9
2023-03-10,0.0,23.38
2023-03-11,1.55,24.72
2023-03-12,0.02,25.61
2023-03-13,0.66,23.61
2023-03-14,0.02,23.2
2023-03-15,0.48,22.77
2023-03-16,1.0,22.85
2023-03-17,0.0,22.35
2023-03-18,0.0,23.57
2023-03-19,0.0,24.89
2023-03-20,0.01,25.84
2023-03-21,0.02,24.53
2023-03-22,0.01,23.99
2023-03-23,0.75,22.89
2023-03-24,2.63,20.09
2023-03-25,1.49,19.8
2023-03-26,0.01,23.3
2023-03-27,0.4,23.73
2023-03-28,0.2,20.42
2023-03-29,0.02,22.13
2023-03-30,0.1,24.4
2023-03-31,3.95,22.68
2023-04-01,0.02,22.39
2023-04-02,0.28,22.65
2023-04-03,0.17,23.5
2023-04-04,0.0,22.04
2023-04-05,0.11,20.37
2023-04-06,0.0,20.98
2023-04-07,0.0,23.58
2023-04-08,1.4,23.53
2023-04-09,11.01,19.92
2023-04-10,2.67,19.58
2023-04-11,0.0,18.15
2023-04-12,0.02,18.39
2023-04-13,0.0,21.02
2023-04-14,0.0,19.78
2023-04-15,0.01,18.87
2023-04-16,0.31,18.83
2023-04-17,0.0,18.59
2023-04-18,0.0,20.2
2023-04-19,0.0,20.31
2023-04-20,0.0,19.66
2023-04-21,0.43,20.94
2023-04-22,0.67,22.97
2023-04-23,0.0,21.74
2023-04-24,0.0,21.78
2023-04-25,0.0,21.65
2023-04-26,0.04,23.48
2023-04-27,0.06,24.23
2023-04-28,0.69,23.57
2023-04-29,0.02,24.53
2023-04-30,0.0,22.88
2023-05-01,0.35,21.72
2023-05-02,0.22,23.04
2023-05-03,0.04,23.39
2023-05-04,2.86,22.09
2023-05-05,1.72,21.65
2023-05-06,0.03,22.76
2023-05-07,5.15,21.82
2023-05-08,4.6,17.76
2023-05-09,0.02,16.99
2023-05-10,0.0,16.73
2023-05-11,0.0,17.97
2023-05-12,0.0,19.26
2023-05-13,0.0,19.24
2023-05-14,6.57,17.18
2023-05-15,0.29,16.68
2023-05-16,0.06,15.87
2023-05-17,5.31,16.69
2023-05-18,0.98,17.31
2023-05-19,0.0,14.44
2023-05-20,0.0,13.03
2023-05-21,0.0,15.09
2023-05-22,0.0,14.86
2023-05-23,0.0,14.68
2023-05-24,0.0,16.92
2023-05-25,0.0,18.43
2023-05-26,0.0,17.08
2023-05-27,0.04,18.62
2023-05-28,0.14,18.02
2023-05-29,0.0,16.88
2023-05-30,4.36,16.09
2023-05-31,0.01,12.34
2023-06-01,0.0,11.65
2023-06-02,0.0,15.08
2023-06-03,0.0,17.56
2023-06-04,0.0,16.87
2023-06-05,0.0,15.26
2023-06-06,0.0,15.92
2023-06-07,0.23,17.46
2023-06-08,0.0,18.04
2023-06-09,0.0,15.25
2023-06-10,0.0,13.17
2023-06-11,0.0,13.42
2023-06-12,0.01,13.8
2023-06-13,0.0,10.66
2023-06-14,0.0,12.31
2023-06-15,0.0,13.08
2023-06-16,0.0,13.49
2023-06-17,0.0,13.69
2023-06-18,0.0,14.83
2023-06-19,0.0,14.64
2023-06-20,0.0,11.81
2023-06-21,0.0,13.0
2023-06-22,0.0,14.53
2023-06-23,0.34,12.3
2023-06-24,0.0,13.0
2023-06-25,0.0,14.57
2023-06-26,0.0,13.71
2023-06-27,0.0,14.08
2023-06-28,0.03,12.68
2023-06-29,0.0,10.77
2023-06-30,0.0,11.41
2023-07-01,0.0,12.13
2023-07-02,0.0,12.95
2023-07-03,0.0,13.54
2023-07-04,0.0,14.28
2023-07-05,0.0,15.92
2023-07-06,0.0,13.48
2023-07-07,0.0,12.69
2023-07-08,0.0,13.6
2023-07-09,0.0,9.84
2023-07-10,0.0,6.69
2023-07-11,0.0,7.39
2023-07-12,0.0,8.41
2023-07-13,0.01,9.82
2023-07-14,0.1,9.52
2023-07-15,0.01,12.42
2023-07-16,0.0,14.88
2023-07-17,0.0,15.09
2023-07-18,0.0,15.8
2023-07-19,0.0,15.58
2023-07-20,0.0,13.01
2023-07-21,0.59,11.91
2023-07-22,0.25,12.76
2023-07-23,0.0,14.62
2023-07-24,0.0,17.51
2023-07-25,0.0,15.43
2023-07-26,0.0,15.18
2023-07-27,0.0,16.13
2023-07-28,0.0,17.25
2023-07-29,0.0,16.97
2023-07-30,0.0,8.23
2023-07-31,0.0,8.92
2023-08-01,0.0,10.0
2023-08-02,0.91,10.59
2023-08-03,0.06,10.09
2023-08-04,0.0,10.79
2023-08-05,0.0,12.32
2023-08-06,0.0,13.32
2023-08-07,0.0,16.33
2023-08-08,0.0,15.56
2023-08-09,0.0,14.49
2023-08-10,0.0,13.46
2023-08-11,0.0,14.42
2023-08-12,0.0,16.38
2023-08-13,0.0,17.93
2023-08-14,0.0,19.24
2023-08-15,0.0,20.58
2023-08-16,0.0,18.15
2023-08-17,0.01,18.12
2023-08-18,0.0,19.57
2023-08-19,0.0,21.42
2023-08-20,0.0,20.3
2023-08-21,0.0,21.56
2023-08-22,0.0,21.09
2023-08-23,0.0,19.46
2023-08-24,0.0,18.99
2023-08-25,0.0,20.54
2023-08-26,0.0,14.66
2023-08-27,0.0,13.86
2023-08-28,0.0,13.87
2023-08-29,0.0,14.74
2023-08-30,0.0,15.41
2023-08-31,0.0,17.33
2023-09-01,0.0,20.02
2023-09-02,0.0,21.25
2023-09-03,0.0,22.26
2023-09-04,0.0,21.99
2023-09-05,0.0,23.6
2023-09-06,0.0,20.78
2023-09-07,0.0,20.6
2023-09-08,0.0,23.03
2023-09-09,0.0,23.0
2023-09-10,0.0,24.51
2023-09-11,0.0,18.55
2023-09-12,0.0,15.18
2023-09-13,0.3,14.86
2023-09-14,0.48,18.29
2023-09-15,0.0,21.28
2023-09-16,0.0,21.4
2023-09-17,0.0,20.04
2023-09-18,0.0,20.47
2023-09-19,0.02,22.63
2023-09-20,0.0,22.33
2023-09-21,0.0,23.4
2023-09-22,0.0,24.39
2023-09-23,0.0,24.65
2023-09-24,0.03,25.4
2023-09-25,0.16,21.57
2023-09-26,0.0,17.89
2023-09-27,0.0,19.18
2023-09-28,0.05,20.23
2023-09-29,0.0,22.23
2023-09-30,0.0,25.14
2023-10-01,0.0,25.04
2023-10-02,0.0,21.15
2023-10-03,0.0,21.68
2023-10-04,0.0,24.16
2023-10-05,0.0,24.87
2023-10-06,0.0,25.97
2023-10-07,0.0,26.61
2023-10-08,0.0,29.09
2023-10-09,0.26,25.25
2023-10-10,7.89,25.0
2023-10-11,0.48,24.14
2023-10-12,13.19,23.06
2023-10-13,0.0,21.98
2023-10-14,0.0,22.04
2023-10-15,2.25,23.82
2023-10-16,0.06,21.91
2023-10-17,0.0,20.95
2023-10-18,0.0,21.53
2023-10-19,0.0,23.47
2023-10-20,0.0,24.15
2023-10-21,0.0,26.24
2023-10-22,0.0,23.87
2023-10-23,0.03,24.76
2023-10-24,0.0,26.68
2023-10-25,0.0,26.48
2023-10-26,0.02,26.32
2023-10-27,0.0,28.23
2023-10-28,0.96,25.41
2023-10-29,0.04,24.6
2023-10-30,1.43,17.63
2023-10-31,2.43,14.06
2023-11-01,0.02,18.09
2023-11-02,0.0,21.51
2023-11-03,0.45,21.9
2023-11-04,1.56,20.89
2023-11-05,0.04,24.93
2023-11-06,0.14,27.04
2023-11-07,2.67,25.08
2023-11-08,0.0,24.47
2023-11-09,0.0,26.45
2023-11-10,0.0,26.9
2023-11-11,0.0,28.29
2023-11-12,0.14,30.17
2023-11-13,0.0,28.11
2023-11-14,0.01,25.05
2023-11-15,0.0,24.37
2023-11-16,1.81,25.46
2023-11-17,2.25,25.85
2023-11-18,0.39,28.25
2023-11-19,0.01,29.54
2023-11-20,0.05,30.1
2023-11-21,0.43,31.16
2023-11-22,1.54,31.39
2023-11-23,0.06,32.29
2023-11-24,0.0,30.98
2023-11-25,0.22,30.88
2023-11-26,0.04,30.28
2023-11-27,0.03,31.36
2023-11-28,5.08,31.88
2023-11-29,0.31,26.16
2023-11-30,0.01,24.88
2023-12-01,0.0,25.1
2023-12-02,0.0,26.77
2023-12-03,0.0,28.75
2023-12-04,0.0,29.31
2023-12-05,0.0,30.85
2023-12-06,0.0,29.42
2023-12-07,0.49,27.3
2023-12-08,0.0,30.22
2023-12-09,0.03,31.08
2023-12-10,4.91,22.53
2023-12-11,4.18,22.26
2023-12-12,0.04,25.81
2023-12-13,0.01,28.08
2023-12-14,15.74,26.19
2023-12-15,14.21,23.14
2023-12-16,0.1,26.2
2023-12-17,0.11,26.21
2023-12-18,2.88,27.54
2023-12-19,1.68,28.12
2023-12-20,0.27,27.86
2023-12-21,0.0,28.97
2023-12-22,0.0,28.07
2023-12-23,0.0,27.66
2023-12-24,0.02,27.9
2023-12-25,25.86,23.04
2023-12-26,16.43,23.62
2023-12-27,6.82,21.18
2023-12-28,0.3,22.0
2023-12-29,2.51,21.76
2023-12-30,1.82,22.79
2023-12-31,0.13,25.32
2024-01-01,0.01,27.11
2024-01-02,2.23,24.98
2024-01-03,3.98,25.08
2024-01-04,0.0,26.97
2024-01-05,4.83,24.68
2024-01-06,0.29,25.77
2024-01-07,0.51,26.84
2024-01-08,0.68,26.74
2024-01-09,17.78,24.29
2024-01-10,21.51,23.92
2024-01-11,0.83,24.86
2024-01-12,2.28,25.3
2024-01-13,0.38,25.83
2024-01-14,0.49,25.64
2024-01-15,0.02,26.99
2024-01-16,21.86,27.28
2024-01-17,13.1,24.37
2024-01-18,0.2,23.86
2024-01-19,0.0,21.81
2024-01-20,0.0,21.14
2024-01-21,0.0,23.49
2024-01-22,0.0,26.64
2024-01-23,3.68,25.57
2024-01-24,1.76,24.62
2024-01-25,0.09,26.99
2024-01-26,0.52,27.66
2024-01-27,7.57,25.95
2024-01-28,0.08,26.21
2024-01-29,1.07,26.65
2024-01-30,0.76,26.96
2024-01-31,0.45,24.09
2024-02-01,0.22,23.36
2024-02-02,0.0,23.3
2024-02-03,0.0,24.75
2024-02-04,0.01,26.29
2024-02-05,0.0,27.43
2024-02-06,0.0,27.7
2024-02-07,0.0,28.52
2024-02-08,0.13,30.34
2024-02-09,1.63,28.81
2024-02-10,1.08,29.12
2024-02-11,2.61,26.76
2024-02-12,0.0,25.55
2024-02-13,0.06,27.88
2024-02-14,0.0,29.92
2024-02-15,0.0,29.55
2024-02-16,0.0,29.31
2024-02-17,0.0,28.77
2024-02-18,3.68,29.22
2024-02-19,0.18,28.29
2024-02-20,0.03,29.2
2024-02-21,0.06,30.02
2024-02-22,0.01,30.41
2024-02-23,0.45,30.51
2024-02-24,0.01,29.01
2024-02-25,0.0,28.84
2024-02-26,0.0,29.68
2024-02-27,0.07,26.44
2024-02-28,0.01,25.31
2024-02-29,0.06,24.71
2024-03-01,0.08,25.8
2024-03-02,0.12,27.74
2024-03-03,0.07,28.53
2024-03-04,0.09,28.15
2024-03-05,0.0,28.85
2024-03-06,0.01,29.39
2024-03-07,1.79,28.79
2024-03-08,0.01,30.77
2024-03-09,0.04,31.6
2024-03-10,0.2,31.0
2024-03-11,0.17,28.49
2024-03-12,0.0,27.74
2024-03-13,0.0,29.8
2024-03-14,0.0,29.23
2024-03-15,0.66,27.71
2024-03-16,0.01,29.24
2024-03-17,0.0,31.15
2024-03-18,1.13,27.39
2024-03-19,6.89,26.82
2024-03-20,0.02,29.18
2024-03-21,2.19,25.88
2024-03-22,4.14,22.17
2024-03-23,0.04,23.3
2024-03-24,0.13,22.5
2024-03-25,0.0,22.45
2024-03-26,0.01,22.78
2024-03-27,0.15,23.22
2024-03-28,0.25,23.36
2024-03-29,0.02,24.71
2024-03-30,0.49,24.2
2024-03-31,1.71,21.5
2024-04-01,0.04,22.6
2024-04-02,0.09,24.27
2024-04-03,0.16,24.19
2024-04-04,0.26,24.12
2024-04-05,5.59,25.0
2024-04-06,0.18,24.14
2024-04-07,1.19,22.21
2024-04-08,14.73,21.54
2024-04-09,4.48,18.89
2024-04-10,0.0,18.09
2024-04-11,0.0,18.84
2024-04-12,0.0,17.92
2024-04-13,0.0,18.08
2024-04-14,0.28,18.63
2024-04-15,9.5,17.3
2024-04-16,0.2,17.95
2024-04-17,2.5,17.59
2024-04-18,0.01,19.18
2024-04-19,0.0,20.83
2024-04-20,0.0,21.86
2024-04-21,0.0,22.4
2024-04-22,0.0,23.24
2024-04-23,0.0,24.32
2024-04-24,0.0,23.77
2024-04-25,0.0,23.91
2024-04-26,0.0,22.05
2024-04-27,5.97,19.54
2024-04-28,0.03,17.72
2024-04-29,0.01,17.87
2024-04-30,0.0,20.03
2024-05-01,0.0,21.09
2024-05-02,0.0,20.39
2024-05-03,0.0,19.08
2024-05-04,0.0,18.26
2024-05-05,0.0,20.05
2024-05-06,0.0,20.71
2024-05-07,0.0,19.6
2024-05-08,0.0,20.67
2024-05-09,0.0,19.48
2024-05-10,0.0,20.56
2024-05-11,0.0,22.01
2024-05-12,0.0,20.85
2024-05-13,0.4,19.27
2024-05-14,1.42,17.69
2024-05-15,0.0,18.16
2024-05-16,0.0,19.13
2024-05-17,0.0,19.27
2024-05-18,0.0,20.62
2024-05-19,0.0,18.78
2024-05-20,0.0,19.27
2024-05-21,0.0,19.35
2024-05-22,0.0,17.1
2024-05-23,0.0,16.83
2024-05-24,0.0,18.23
2024-05-25,0.0,17.37
2024-05-26,0.0,17.93
2024-05-27,0.0,16.95
2024-05-28,0.0,15.16
2024-05-29,0.0,16.99
2024-05-30,0.0,15.71
2024-05-31,0.0,16.33
2024-06-01,0.0,17.35
2024-06-02,2.67,16.99
2024-06-03,0.0,9.38
2024-06-04,0.0,8.79
2024-06-05,0.0,12.55
2024-06-06,0.0,13.14
2024-06-07,0.0,9.88
2024-06-08,0.0,10.29
2024-06-09,0.0,9.99
2024-06-10,0.0,9.88
2024-06-11,0.0,9.43
2024-06-12,0.0,12.25
2024-06-13,0.0,15.23
2024-06-14,0.0,13.9
2024-06-15,0.0,14.09
2024-06-16,0.0,13.89
2024-06-17,0.0,14.05
2024-06-18,0.0,15.31
2024-06-19,0.0,15.38
2024-06-20,0.0,14.25
2024-06-21,0.0,13.42
2024-06-22,0.0,14.19
2024-06-23,0.0,12.63
2024-06-24,0.15,12.53
2024-06-25,0.0,12.26
2024-06-26,0.0,11.93
2024-06-27,0.01,11.84
2024-06-28,0.02,13.1
2024-06-29,0.03,14.09
2024-06-30,0.01,15.15
2024-07-01,0.0,14.87
2024-07-02,0.0,14.83
2024-07-03,0.0,15.49
2024-07-04,0.0,12.38
2024-07-05,0.0,10.72
2024-07-06,0.0,10.9
2024-07-07,0.0,12.69
2024-07-08,0.02,7.11
2024-07-09,0.0,6.56
2024-07-10,0.0,12.3
2024-07-11,0.0,13.8
2024-07-12,0.0,14.11
2024-07-13,0.0,15.11
2024-07-14,0.0,13.14
2024-07-15,0.0,12.46
2024-07-16,0.0,14.85
2024-07-17,0.0,15.6
2024-07-18,0.0,15.76
2024-07-19,0.0,15.49
2024-07-20,0.0,14.29
2024-07-21,0.0,14.13
2024-07-22,0.0,16.51
2024-07-23,0.0,16.29
2024-07-24,0.0,15.84
2024-07-25,0.0,14.57
2024-07-26,0.0,14.54
2024-07-27,0.0,14.17
2024-07-28,0.0,12.83
2024-07-29,0.0,11.98
2024-07-30,0.0,15.01
2024-07-31,0.0,14.4
2024-08-01,0.07,15.41
2024-08-02,0.0,16.52
2024-08-03,0.0,17.47
2024-08-04,0.0,18.93
2024-08-05,0.0,14.09
2024-08-06,0.0,13.24
2024-08-07,0.0,15.85
2024-08-08,0.0,18.98
2024-08-09,0.0,17.97
2024-08-10,0.0,18.49
2024-08-11,0.0,20.34
2024-08-12,0.0,16.47
2024-08-13,0.0,17.33
2024-08-14,0.0,15.95
2024-08-15,0.0,15.64
2024-08-16,0.0,15.85
2024-08-17,0.0,17.28
2024-08-18,0.0,19.48
2024-08-19,0.0,20.6
2024-08-20,0.0,17.3
2024-08-21,0.0,19.72
2024-08-22,0.0,20.26
2024-08-23,0.05,16.41
2024-08-24,0.0,16.58
2024-08-25,0.0,18.62
2024-08-26,0.0,20.62
2024-08-27,0.0,21.87
2024-08-28,0.0,19.3
2024-08-29,0.0,16.19
2024-08-30,0.0,15.42
2024-08-31,0.0,15.62
2024-09-01,0.0,16.18
2024-09-02,0.0,19.38
2024-09-03,0.0,17.98
2024-09-04,0.0,18.62
2024-09-05,0.0,19.33
2024-09-06,0.0,21.13
2024-09-07,0.0,19.69
2024-09-08,0.0,21.25
2024-09-09,0.0,21.65
2024-09-10,0.0,19.22
2024-09-11,0.0,21.02
2024-09-12,0.0,24.36
2024-09-13,0.0,26.24
2024-09-14,0.0,26.39
2024-09-15,0.96,25.91
2024-09-16,1.92,22.57
2024-09-17,3.5,23.07
2024-09-18,0.0,22.31
2024-09-19,0.0,21.41
2024-09-20,0.0,19.16
2024-09-21,0.08,16.42
2024-09-22,0.0,15.81
2024-09-23,0.0,17.16
2024-09-24,0.01,20.47
2024-09-25,0.0,24.59
2024-09-26,0.0,25.49
2024-09-27,0.0,25.36
2024-09-28,0.0,25.73
2024-09-29,0.0,22.94
2024-09-30,0.0,16.06
2024-10-01,0.0,15.56
2024-10-02,0.0,16.4
2024-10-03,0.0,18.06
2024-10-04,0.0,17.63
2024-10-05,0.0,17.67
2024-10-06,0.0,19.32
2024-10-07,0.0,22.5
2024-10-08,0.0,23.17
2024-10-09,0.0,22.37
2024-10-10,0.0,24.93
2024-10-11,0.0,26.64
2024-10-12,0.0,28.15
2024-10-13,0.0,27.55
2024-10-14,0.0,27.81
2024-10-15,1.95,23.74
2024-10-16,0.14,21.48
2024-10-17,0.04,22.67
2024-10-18,0.29,25.22
2024-10-19,0.0,24.77
2024-10-20,1.98,25.25
2024-10-21,10.41,23.0
2024-10-22,0.0,22.81
2024-10-23,0.0,21.57
2024-10-24,0.0,23.95
2024-10-25,0.0,26.62
2024-10-26,0.0,27.0
2024-10-27,0.0,25.04
2024-10-28,0.0,19.64
2024-10-29,0.0,19.92
2024-10-30,0.0,22.96
2024-10-31,0.0,24.36
2024-11-01,0.0,26.36
2024-11-02,0.0,28.89
2024-11-03,0.0,30.36
2024-11-04,0.0,30.21
2024-11-05,0.01,26.21
2024-11-06,0.0,25.88
2024-11-07,1.91,26.88
2024-11-08,0.03,26.56
2024-11-09,11.64,23.45
2024-11-10,1.9,23.08
2024-11-11,0.36,21.09
2024-11-12,0.24,23.55
2024-11-13,0.06,24.88
2024-11-14,1.35,23.36
2024-11-15,0.23,23.21
2024-11-16,0.0,26.03
2024-11-17,0.69,27.17
2024-11-18,0.01,27.93
2024-11-19,1.2,28.79
2024-11-20,0.08,28.08
2024-11-21,0.37,28.43
2024-11-22,0.15,27.81
2024-11-23,0.54,27.98
2024-11-24,0.21,27.71
2024-11-25,0.0,26.68
2024-11-26,0.34,27.54
2024-11-27,0.01,28.31
2024-11-28,0.0,23.97
2024-11-29,0.0,23.38
2024-11-30,0.0,24.79
2024-12-01,0.0,27.77
2024-12-02,0.0,29.08
2024-12-03,0.0,29.86
2024-12-04,0.0,31.0
2024-12-05,0.01,31.0
2024-12-06,0.0,30.28
2024-12-07,0.0,30.95
2024-12-08,0.33,27.82
2024-12-09,0.43,30.33
2024-12-10,2.72,31.76
2024-12-11,0.33,31.11
2024-12-12,0.01,31.61
2024-12-13,0.01,32.25
2024-12-14,0.0,32.05
2024-12-15,1.6,28.2
2024-12-16,20.34,30.27
2024-12-17,0.31,27.61
2024-12-18,2.04,26.19
2024-12-19,0.33,26.37
2024-12-20,0.08,25.75
2024-12-21,29.82,22.29
2024-12-22,2.97,21.25
2024-12-23,3.75,22.77
2024-12-24,1.74,23.97
2024-12-25,1.86,22.16
2024-12-26,1.16,23.67
2024-12-27,16.62,23.96
2024-12-28,1.15,24.69
2024-12-29,0.23,25.76
2024-12-30,1.88,25.18
2024-12-31,25.25,23.16
2025-01-01,38.01,22.88
2025-01-02,8.42,23.1
2025-01-03,2.39,23.66
2025-01-04,3.18,23.84
2025-01-05,12.47,23.4
2025-01-06,12.54,23.15
2025-01-07,4.49,22.17
2025-01-08,0.48,23.3
2025-01-09,2.79,23.18
2025-01-10,2.65,22.92
2025-01-11,4.45,22.88
2025-01-12,2.64,21.58
2025-01-13,0.4,23.23
2025-01-14,0.49,23.42
2025-01-15,0.79,24.64
2025-01-16,1.15,24.22
2025-01-17,1.35,23.05
2025-01-18,0.14,22.98
2025-01-19,0.06,24.42
2025-01-20,0.22,25.2
2025-01-21,1.03,23.32
2025-01-22,0.0,22.31
2025-01-23,0.01,23.55
2025-01-24,0.04,26.27
2025-01-25,0.03,25.46
2025-01-26,0.01,25.13
2025-01-27,0.0,25.14
2025-01-28,0.0,23.95
2025-01-29,0.0,23.98
2025-01-30,0.0,25.6
2025-01-31,0.08,26.92
2025-02-01,0.06,28.98
2025-02-02,2.3,27.63
2025-02-03,1.92,25.95
2025-02-04,0.02,27.32
2025-02-05,0.01,27.67
2025-02-06,0.62,28.42
2025-02-07,3.43,26.3
2025-02-08,0.04,25.52
2025-02-09,0.64,28.4
2025-02-10,7.37,26.1
2025-02-11,1.27,25.68
2025-02-12,2.84,24.29
2025-02-13,1.39,22.61
2025-02-14,1.46,21.94
2025-02-15,1.12,22.14
2025-02-16,30.92,19.67
2025-02-17,52.58,18.25
2025-02-18,28.55,21.0
2025-02-19,9.27,22.31
2025-02-20,21.59,19.76
2025-02-21,4.09,21.44
2025-02-22,5.58,23.46
2025-02-23,4.41,21.76
2025-02-24,0.92,23.1
2025-02-25,0.24,23.95
2025-02-26,0.17,23.29
2025-02-27,1.6,22.96
2025-02-28,3.05,23.21
2025-03-01,6.08,22.33
2025-03-02,1.72,22.15
2025-03-03,0.51,22.37
2025-03-04,1.18,23.02
2025-03-05,1.01,23.86
2025-03-06,0.34,24.56
2025-03-07,1.75,24.71
2025-03-08,0.59,23.09
2025-03-09,1.24,21.22
2025-03-10,0.0,22.64
2025-03-11,17.5,21.25
2025-03-12,6.09,20.69
2025-03-13,1.91,21.63
2025-03-14,0.19,21.67
2025-03-15,6.5,20.06
2025-03-16,0.34,19.18
2025-03-17,1.44,19.59
2025-03-18,2.26,19.94
2025-03-19,1.43,20.11
2025-03-20,1.55,19.99
2025-03-21,0.07,21.02
2025-03-22,0.04,22.45
2025-03-23,0.01,23.11
2025-03-24,0.74,24.41
2025-03-25,2.62,24.13
2025-03-26,9.42,23.68
2025-03-27,4.27,22.35
2025-03-28,3.1,21.39
2025-03-29,0.16,22.21
2025-03-30,0.32,22.59
2025-03-31,0.01,22.47
2025-04-01,0.84,22.45
2025-04-02,1.84,20.95
2025-04-03,6.43,19.98
2025-04-04,9.99,19.82
2025-04-05,11.37,18.52
2025-04-06,21.24,18.1
2025-04-07,4.04,21.08
2025-04-08,1.46,21.48
2025-04-09,1.71,20.83
2025-04-10,0.0,19.48
2025-04-11,0.14,19.22
2025-04-12,0.94,19.04
2025-04-13,0.01,19.41
2025-04-14,0.0,19.81
2025-04-15,1.92,19.62
2025-04-16,39.05,19.12
2025-04-17,0.83,18.65
2025-04-18,7.82,16.5
2025-04-19,1.62,17.27
2025-04-20,0.15,17.67
2025-04-21,0.18,18.91
2025-04-22,3.36,19.23
2025-04-23,11.51,18.76
2025-04-24,5.51,16.41
2025-04-25,0.0,15.72
2025-04-26,0.0,15.77
2025-04-27,0.0,16.92
2025-04-28,0.08,17.71
2025-04-29,0.01,18.62
2025-04-30,0.0,18.65
2025-05-01,3.76,17.77
2025-05-02,0.02,13.94
2025-05-03,0.0,11.8
2025-05-04,0.02,13.59
2025-05-05,0.08,14.39
2025-05-06,0.0,16.2
2025-05-07,0.0,17.42
2025-05-08,0.0,18.33
2025-05-09,0.0,17.9
2025-05-10,0.0,16.27
2025-05-11,0.0,14.91
2025-05-12,0.0,14.13
2025-05-13,0.0,14.69
2025-05-14,0.0,15.16
2025-05-15,0.0,14.86
2025-05-16,0.0,15.08
2025-05-17,0.0,15.88
2025-05-18,0.0,17.49
2025-05-19,0.0,17.31
2025-05-20,0.0,17.44
2025-05-21,0.0,10.85
2025-05-22,0.0,9.95
2025-05-23,0.0,11.15
2025-05-24,0.0,11.74
2025-05-25,0.0,12.8
2025-05-26,0.0,14.12
2025-05-27,0.0,14.35
2025-05-28,0.0,13.58
2025-05-29,0.0,14.56
2025-05-30,0.0,15.05
2025-05-31,0.0,13.56
2025-06-01,0.0,15.82
2025-06-02,0.0,14.69
2025-06-03,0.0,15.07
2025-06-04,0.0,15.24
2025-06-05,2.62,12.63
2025-06-06,0.02,13.3
2025-06-07,0.0,13.2
2025-06-08,5.48,14.14
2025-06-09,5.82,8.71
2025-06-10,3.16,7.92
2025-06-11,0.03,8.26
2025-06-12,0.0,8.8
2025-06-13,0.0,10.0
2025-06-14,0.0,10.22
2025-06-15,0.0,9.28
2025-06-16,0.0,12.5
2025-06-17,0.0,12.83
2025-06-18,0.0,13.25
2025-06-19,0.0,12.78
2025-06-20,0.0,12.76
2025-06-21,0.0,11.59
2025-06-22,0.0,11.15
2025-06-23,0.0,14.2
2025-06-24,0.0,13.42
2025-06-25,0.0,12.28
2025-06-26,0.0,11.84
2025-06-27,0.0,6.39
2025-06-28,0.0,8.16
2025-06-29,0.0,10.33
2025-06-30,0.0,10.08
2025-07-01,0.09,10.66
2025-07-02,2.27,12.69
2025-07-03,0.12,14.68
2025-07-04,0.05,9.58
2025-07-05,0.0,10.2
2025-07-06,0.0,10.94
2025-07-07,0.0,9.27
2025-07-08,4.63,8.43
2025-07-09,4.94,9.41
2025-07-10,0.0,11.23
2025-07-11,0.0,12.63
2025-07-12,0.0,13.73
2025-07-13,0.0,11.27
2025-07-14,0.0,12.71
2025-07-15,0.0,14.39
2025-07-16,0.0,15.04
2025-07-17,0.0,14.73
2025-07-18,0.0,16.72
2025-07-19,0.0,14.33
2025-07-20,0.03,12.27
2025-07-21,0.0,12.47
2025-07-22,0.0,13.1
2025-07-23,0.06,11.96
2025-07-24,0.35,12.87
2025-07-25,0.2,14.83
2025-07-26,0.01,15.54
2025-07-27,0.0,12.42
2025-07-28,0.0,11.64
2025-07-29,0.0,10.04
2025-07-30,0.0,10.28
2025-07-31,0.0,12.97
2025-08-01,0.0,12.15
2025-08-02,0.0,10.37
2025-08-03,0.0,11.15
2025-08-04,0.0,12.32
2025-08-05,0.0,13.12
2025-08-06,0.18,9.93
2025-08-07,0.16,9.0
2025-08-08,0.56,11.31
2025-08-09,0.0,13.2
2025-08-10,0.0,14.18
2025-08-11,0.0,14.34
2025-08-12,0.0,14.36
2025-08-13,0.0,14.34
2025-08-14,0.0,15.7
2025-08-15,0.0,16.43
2025-08-16,0.03,16.64
2025-08-17,0.0,17.04
2025-08-18,0.0,16.41
2025-08-19,0.0,17.72
2025-08-20,0.0,18.17
2025-08-21,0.0,19.77
2025-08-22,0.0,19.71
2025-08-23,0.0,19.26
2025-08-24,0.0,20.27
2025-08-25,0.0,20.77
2025-08-26,0.0,19.87
2025-08-27,0.07,19.78
2025-08-28,0.0,19.96
2025-08-29,0.0,21.15
2025-08-30,0.0,22.52
2025-08-31,0.0,22.12
2025-09-01,0.0,21.84
2025-09-02,0.0,21.14
2025-09-03,0.0,22.53
2025-09-04,0.0,23.24
2025-09-05,0.0,22.91
2025-09-06,0.0,19.39
2025-09-07,0.0,19.9
2025-09-08,0.0,22.31
2025-09-09,0.0,22.34
2025-09-10,0.0,22.53
2025-09-11,0.0,22.76
2025-09-12,0.0,22.99
2025-09-13,0.0,21.86
2025-09-14,0.0,22.44
2025-09-15,0.0,21.12
2025-09-16,0.0,23.46
2025-09-17,0.0,19.7
2025-09-18,0.0,21.1
2025-09-19,0.0,22.85
2025-09-20,0.09,22.71
2025-09-21,0.0,22.85
2025-09-22,0.0,23.54
2025-09-23,0.05,25.74
2025-09-24,0.45,23.43
2025-09-25,0.45,21.64
2025-09-26,0.08,21.26
2025-09-27,2.87,22.61
2025-09-28,0.51,23.2
2025-09-29,0.01,21.63
2025-09-30,2.45,20.54
2025-10-01,0.0,19.4
2025-10-02,0.0,22.48
2025-10-03,0.0,23.89
2025-10-04,0.05,22.08
2025-10-05,0.0,23.52
2025-10-06,0.01,25.35
2025-10-07,0.27,24.72
2025-10-08,0.01,24.87
2025-10-09,0.01,25.11
2025-10-10,0.1,25.16
2025-10-11,8.1,23.68
2025-10-12,20.63,23.09
2025-10-13,0.0,25.6
2025-10-14,0.0,26.76
2025-10-15,0.0,25.22
2025-10-16,0.0,24.15
2025-10-17,18.08,21.81
2025-10-18,24.76,20.38
2025-10-19,0.54,22.55
2025-10-20,1.86,20.51
2025-10-21,0.94,17.5
2025-10-22,0.0,18.47
2025-10-23,0.0,19.7
2025-10-24,0.0,21.64
2025-10-25,0.0,24.43
2025-10-26,0.56,26.05
2025-10-27,0.99,22.95
2025-10-28,0.26,25.01
2025-10-29,21.11,20.72
2025-10-30,0.43,22.75
2025-10-31,0.64,23.0
2025-11-01,0.37,24.62
2025-11-02,0.0,22.77
2025-11-03,0.89,20.86
2025-11-04,3.12,19.85
2025-11-05,0.01,22.97
2025-11-06,3.46,22.06
2025-11-07,6.73,21.32
2025-11-08,4.64,20.81
2025-11-09,0.58,21.31
2025-11-10,3.82,22.23
2025-11-11,10.3,20.77
2025-11-12,0.07,23.19
2025-11-13,0.01,26.6
2025-11-14,0.73,23.94
2025-11-15,16.71,19.77
2025-11-16,12.2,21.23
2025-11-17,7.97,16.76
2025-11-18,0.14,19.89
2025-11-19,0.0,21.96
2025-11-20,0.07,23.09
2025-11-21,0.12,24.49
2025-11-22,0.05,25.47
2025-11-23,0.09,25.68
2025-11-24,0.01,24.04
2025-11-25,0.75,22.85
2025-11-26,10.8,23.18
2025-11-27,21.76,22.4
2025-11-28,2.86,21.75
2025-11-29,0.04,23.21
2025-11-30,0.0,22.94
2025-12-01,1.45,23.75
2025-12-02,4.02,24.8
2025-12-03,0.46,24.13
2025-12-04,1.56,22.41
2025-12-05,1.6,22.71
2025-12-06,2.21,23.82
2025-12-07,1.55,25.37
2025-12-08,0.36,25.14
2025-12-09,0.44,26.2
2025-12-10,0.88,26.79
2025-12-11,1.76,24.23
2025-12-12,2.48,23.89
2025-12-13,14.06,22.18
2025-12-14,2.88,22.24
2025-12-15,0.37,23.03
2025-12-16,0.29,23.98
2025-12-17,4.4,24.85
2025-12-18,2.87,24.55
2025-12-19,3.89,23.22
2025-12-20,5.99,23.0
2025-12-21,56.22,20.37
2025-12-22,13.13,21.42
2025-12-23,1.37,22.3
2025-12-24,2.08,23.77
2025-12-25,1.21,24.11
2025-12-26,6.37,24.83
2025-12-27,1.73,25.33
2025-12-28,7.86,24.31
2025-12-29,0.64,24.88
2025-12-30,1.8,23.62
2025-12-31,1.57,24.2
2026-01-01,0.63,25.73
2026-01-02,0.0,26.01
2026-01-03,0.08,26.35
2026-01-04,4.74,25.04
2026-01-05,12.72,22.98
2026-01-06,0.15,24.56
2026-01-07,0.01,27.22
2026-01-08,0.65,25.95
2026-01-09,3.67,25.95
2026-01-10,0.79,24.88
2026-01-11,0.04,25.6
2026-01-12,0.02,25.03
2026-01-13,0.44,25.0
2026-01-14,0.58,25.04
2026-01-15,0.5,25.94
2026-01-16,0.18,26.75
2026-01-17,7.72,25.1
2026-01-18,0.99,25.25
2026-01-19,0.66,22.39
2026-01-20,0.82,23.0
2026-01-21,0.81,21.25
2026-01-22,0.16,21.75
2026-01-23,0.0,26.14
2026-01-24,0.28,26.13
2026-01-25,0.03,25.48
2026-01-26,0.01,25.0
2026-01-27,1.85,25.33
2026-01-28,0.39,26.53
2026-01-29,7.22,25.78
2026-01-30,3.5,25.45
2026-01-31,0.65,26.6
2026-02-01,0.2,25.9
2026-02-02,0.36,26.48
2026-02-03,0.05,26.58
2026-02-04,0.0,26.46
2026-02-05,0.03,25.91
2026-02-06,0.0,25.64
2026-02-07,0.0,25.61
2026-02-08,0.7,26.28
2026-02-09,0.06,26.42
2026-02-10,0.0,26.13
2026-02-11,0.01,26.66
2026-02-12,0.3,27.89
2026-02-13,3.18,26.86
2026-02-14,15.9,24.09
2026-02-15,6.66,19.1
2026-02-16,2.13,19.41
2026-02-17,0.07,20.62
2026-02-18,0.0,23.33
2026-02-19,0.0,25.47
2026-02-20,0.0,26.73
2026-02-21,0.4,24.51
2026-02-22,0.01,24.64
2026-02-23,1.54,24.12
2026-02-24,18.95,22.07
2026-02-25,0.01,23.06
2026-02-26,0.0,24.73
2026-02-27,0.6,24.87
2026-02-28,1.08,24.87
2026-03-01,3.54,23.15
2026-03-02,6.33,23.66
2026-03-03,8.44,21.22
2026-03-04,1.5,22.57
2026-03-05,6.07,20.97
2026-03-06,13.22,22.05
2026-03-07,0.38,22.22
2026-03-08,0.05,19.87
2026-03-09,0.04,20.07
2026-03-10,0.0,20.74
2026-03-11,0.0,19.66
2026-03-12,5.96,17.94
2026-03-13,0.6,20.48
2026-03-14,2.29,20.93
2026-03-15,6.93,20.8
2026-03-16,3.81,21.3
2026-03-17,4.75,21.96
2026-03-18,6.39,21.99
2026-03-19,0.22,23.19
2026-03-20,2.15,22.79
2026-03-21,10.11,21.98
2026-03-22,7.73,20.26
2026-03-23,4.1,22.32
2026-03-24,1.06,22.58
2026-03-25,0.48,22.59
2026-03-26,0.02,22.93
2026-03-27,0.43,23.27
2026-03-28,0.61,24.05
2026-03-29,0.91,24.33
2026-03-30,0.02,23.88
2026-03-31,0.5,23.27
2026-04-01,3.99,22.28
2026-04-02,0.0,22.37
2026-04-03,0.1,20.73
2026-04-04,0.0,21.53
2026-04-05,0.0,22.89
2026-04-06,0.0,22.49
2026-04-07,4.04,21.23
2026-04-08,0.85,20.18
2026-04-09,0.0,20.05
2026-04-10,0.0,22.09
2026-04-11,0.01,22.13
2026-04-12,1.07,21.55
2026-04-13,32.97,18.51
2026-04-14,0.73,20.49
2026-04-15,6.34,19.49
2026-04-16,0.11,20.42
2026-04-17,1.24,20.86
2026-04-18,11.25,20.41
2026-04-19,66.49,21.07
2026-04-20,0.09,19.9
2026-04-21,1.09,20.69
2026-04-22,3.03,20.21
2026-04-23,29.35,17.16
2026-04-24,15.09,14.96
2026-04-25,1.86,16.71
2026-04-26,0.45,18.13
2026-04-27,0.1,19.07
2026-04-28,0.0,16.29
2026-04-29,6.8,16.57
2026-04-30,5.38,17.85
2026-05-01,16.16,18.37
2026-05-02,0.0,17.69
2026-05-03,0.0,18.52
2026-05-04,0.02,19.1
2026-05-05,1.57,17.81
2026-05-06,0.0,10.28
2026-05-07,0.0,10.2
2026-05-08,0.0,11.62
2026-05-09,0.0,13.59
2026-05-10,0.0,14.77
2026-05-11,0.0,11.24
2026-05-12,0.0,12.31
2026-05-13,0.0,13.84
2026-05-14,0.0,15.21
2026-05-15,0.0,16.0
2026-05-16,0.0,15.84
2026-05-17,0.1,14.42
2026-05-18,0.04,15.22
2026-05-19,0.16,15.21
2026-05-20,0.0,13.79
2026-05-21,0.0,13.52
2026-05-22,0.05,14.34
2026-05-23,0.04,15.38
2026-05-24,0.0,16.8
2026-05-25,0.0,16.27
2026-05-26,0.0,15.76
2026-05-27,0.0,16.36
2026-05-28,0.0,17.52
2026-05-29,0.0,17.93
2026-05-30,0.0,16.57
2026-05-31,0.01,14.67
2026-06-01,0.01,14.23
2026-06-02,0.0,15.05
2026-06-03,0.0,14.64
2026-06-04,0.15,12.81
2026-06-05,0.0,8.55
2026-06-06,0.0,10.7
2026-06-07,0.0,12.32
2026-06-08,0.0,14.27
2026-06-09,0.0,13.95
2026-06-10,0.0,12.24
2026-06-11,0.05,11.45
2026-06-12,0.0,13.98
2026-06-13,0.0,15.19
2026-06-14,0.05,13.59
2026-06-15,0.06,13.29
2026-06-16,0.01,12.52
2026-06-17,0.02,12.0
2026-06-18,0.0,12.36
2026-06-19,0.11,13.56
2026-06-20,2.13,13.21
2026-06-21,33.23,12.16
2026-06-22,13.26,11.04
2026-06-23,0.59,13.74
2026-06-24,0.02,14.56
2026-06-25,0.01,13.07
2026-06-26,0.0,11.59
2026-06-27,10.49,10.55
2026-06-28,0.1,12.0
2026-06-29,0.0,14.7
2026-06-30,0.01,14.36
2026-07-01,0.24,13.71
2026-07-02,15.6,9.69
2026-07-03,0.0,7.34
2026-07-04,0.0,10.25
2026-07-05,0.0,11.2
2026-07-06,0.0,11.53
2026-07-07,0.0,13.08
2026-07-08,0.0,12.84
2026-07-09,0.0,12.82
2026-07-10,0.0,14.16
2026-07-11,0.0,13.2
2026-07-12,0.0,12.91
2026-07-13,0.0,11.79
2026-07-14,0.0,13.46
2026-07-15,0.0,14.44
2026-07-16,0.0,13.2
2026-07-17,0.0,14.03
2026-07-18,0.0,15.04
2026-07-19,0.0,14.57
2026-07-20,0.0,14.73
2026-07-21,0.0,16.0
2026-07-22,0.0,13.02
2026-07-23,0.0,12.96
2026-07-24,0.0,12.01
2026-07-25,0.0,11.49
2026-07-26,0.0,12.64
2026-07-27,0.0,14.06
2026-07-28,0.0,15.85
2026-07-29,0.0,13.1
2026-07-30,0.0,13.62
2026-07-31,0.0,11.18
2026-08-01,0.0,11.92
2026-08-02,0.0,14.43
2026-08-03,0.0,14.99
2026-08-04,0.0,15.4
2026-08-05,0.0,14.56
2026-08-06,0.0,14.95
2026-08-07,0.0,16.26
2026-08-08,0.0,13.82
2026-08-09,0.0,14.96
2026-08-10,0.09,9.64
2026-08-11,0.07,9.0
2026-08-12,0.09,10.9
2026-08-13,0.0,12.15
2026-08-14,0.0,12.81
2026-08-15,0.0,13.62
2026-08-16,0.0,16.16
2026-08-17,0.0,17.12
2026-08-18,0.0,18.79
2026-08-19,0.0,17.83
2026-08-20,0.0,18.19
2026-08-21,0.0,19.04
2026-08-22,0.0,19.36
2026-08-23,0.0,20.2
2026-08-24,0.0,17.49
2026-08-25,0.0,19.76
2026-08-26,0.0,19.8
2026-08-27,0.0,17.31
2026-08-28,0.0,16.16
2026-08-29,0.0,15.19
2026-08-30,0.0,16.58
2026-08-31,0.0,18.41
2026-09-01,0.0,21.43
2026-09-02,0.0,21.3
2026-09-03,0.0,22.67
2026-09-04,13.83,20.6
2026-09-05,7.67,17.84
2026-09-06,6.76,17.32
2026-09-07,2.31,17.14
2026-09-08,0.02,18.88
2026-09-09,0.0,18.99
2026-09-10,0.0,19.95
2026-09-11,0.0,21.54
2026-09-12,0.0,21.72
2026-09-13,0.0,22.19
2026-09-14,2.86,21.11
2026-09-15,0.0,21.7
2026-09-16,0.0,24.45
2026-09-17,0.71,26.48
2026-09-18,0.34,22.95
2026-09-19,0.0,19.65
2026-09-20,0.0,19.94
2026-09-21,0.28,21.32
2026-09-22,0.16,22.7
