date,rainfall_mm,temp_c,precip_90d,month,spi
2001-03-31,0.0,21.85,185.52,3,-0.8202255774503359
2001-04-01,0.73,22.0,186.24,4,-0.4320912523467979
2001-04-02,4.84,22.47,191.08,4,-0.37839389066771073
2001-04-03,1.94,20.79,193.02,4,-0.35713060344049774
2001-04-04,6.76,21.84,199.78,4,-0.28415354782785823
2001-04-05,0.58,20.67,200.36,4,-0.27797074109453596
2001-04-06,0.11,18.75,200.47,4,-0.27679950933364317
2001-04-07,1.9,16.14,202.37,4,-0.2566375315792902
2001-04-08,0.82,18.6,203.19,4,-0.2479756596670244
2001-04-09,3.45,20.26,206.64000000000001,4,-0.21178943824563315
2001-04-10,0.23,20.18,206.87,4,-0.2093916012088152
2001-04-11,0.91,21.04,207.78,4,-0.199922141740852
2001-04-12,0.02,21.5,204.34,4,-0.23586769994700546
2001-04-13,0.02,21.68,200.4,4,-0.2775447882055564
2001-04-14,0.0,20.19,198.76000000000002,4,-0.2950563554931573
2001-04-15,1.42,20.31,200.18,4,-0.2798882429327462
2001-04-16,2.42,20.23,202.17000000000002,4,-0.2587537885267724
2001-04-17,11.16,19.87,212.5,4,-0.15125018439104887
2001-04-18,0.84,20.35,212.41000000000003,4,-0.1521713905279235
2001-04-19,0.85,20.54,213.24,4,-0.14368578304978274
2001-04-20,0.2,20.7,213.42,4,-0.14184847154096206
2001-04-21,0.0,19.98,212.59,4,-0.1503292414338743
2001-04-22,0.0,21.1,210.22,4,-0.17466905892995588
2001-04-23,0.01,20.64,209.76,4,-0.17941468284892037
2001-04-24,4.5,20.62,211.32999999999998,4,-0.16324646384530295
2001-04-25,0.39,21.68,201.26,4,-0.2684007093268036
2001-04-26,0.1,20.1,199.84,4,-0.2835133831260252
2001-04-27,10.52,18.77,210.23000000000002,4,-0.17456597110827712
2001-04-28,0.75,19.82,210.96,4,-0.16704948553377083
2001-04-29,0.92,19.72,211.85,4,-0.15790926534694963
2001-04-30,10.64,18.97,222.31,4,-0.052375470487234545
2001-05-01,11.13,17.11,231.95000000000002,5,0.6854636085734842
2001-05-02,28.04,16.4,257.27000000000004,5,0.9096373587621
2001-05-03,5.07,16.32,261.76,5,0.9478759389392734
2001-05-04,1.34,15.57,263.02,5,0.9585303105009436
2001-05-05,4.68,15.02,266.8,5,0.9902970159965293
2001-05-06,0.0,8.32,266.8,5,0.9902970159965293
2001-05-07,0.0,11.6,266.8,5,0.9902970159965293
2001-05-08,0.0,14.53,266.78,5,0.9901297050205058
2001-05-09,0.0,16.47,265.9,5,0.9827599963664603
2001-05-10,0.0,17.85,263.8,5,0.965109361656072
2001-05-11,0.0,15.63,263.2,5,0.9600496702721083
2001-05-12,0.0,15.89,262.82,5,0.9568413451111446
2001-05-13,0.0,15.06,262.81,5,0.9567568750530253
2001-05-14,0.0,15.93,262.79,5,0.9565879287083198
2001-05-15,0.0,16.0,262.41,5,0.9533763688585587
2001-05-16,0.0,16.43,255.58,5,0.8951328686155767
2001-05-17,0.0,16.28,254.57,5,0.8864348407494168
2001-05-18,0.0,15.65,252.38,5,0.8674976787989447
2001-05-19,0.0,14.67,246.1,5,0.8125959021361772
2001-05-20,0.0,16.36,245.39,5,0.8063318658813632
2001-05-21,0.0,16.9,245.23,5,0.8049186268064568
2001-05-22,0.0,15.33,244.64,5,0.7997021233629026
2001-05-23,0.0,16.68,242.29,5,0.7788429816744306
2001-05-24,0.0,16.06,239.56,5,0.7544449625390758
2001-05-25,0.0,15.78,222.79,5,0.6004429589228552
2001-05-26,0.0,15.92,210.9,5,0.4865941214028644
2001-05-27,0.0,16.87,200.05,5,0.3789557086690945
2001-05-28,0.0,14.63,179.51,5,0.16408883391892823
2001-05-29,0.0,14.46,177.07,5,0.13749505486478494
2001-05-30,0.0,15.13,177.0,5,0.13672851710800216
2001-05-31,0.0,15.59,177.0,5,0.13672851710800216
2001-06-01,0.0,14.74,177.0,6,1.0848276811790152
2001-06-02,0.0,16.2,177.0,6,1.0848276811790152
2001-06-03,0.0,14.92,177.0,6,1.0848276811790152
2001-06-04,0.0,17.58,176.89,6,1.083636010087063
2001-06-05,0.0,14.53,175.37,6,1.0671205474894154
2001-06-06,0.0,12.79,171.87,6,1.028740031800713
2001-06-07,0.0,12.3,170.03,6,1.0083617593902134
2001-06-08,0.0,13.51,164.56,6,0.946931870114153
2001-06-09,0.0,14.2,163.68,6,0.9369271716874725
2001-06-10,0.0,14.63,162.72,6,0.925973394578247
2001-06-11,0.0,14.2,160.81,6,0.9040555309413433
2001-06-12,0.0,13.67,160.81,6,0.9040555309413433
2001-06-13,0.0,12.19,160.8,6,0.9039403374821382
2001-06-14,0.0,12.35,160.72,6,0.9030186235324301
2001-06-15,0.0,12.93,160.71,6,0.9029033884967487
2001-06-16,0.0,12.47,160.66,6,0.9023271439769306
2001-06-17,0.0,13.6,155.05,6,0.8369232699583024
2001-06-18,0.0,13.75,153.54,6,0.8190585640329312
2001-06-19,0.0,11.32,152.76,6,0.8097858828321917
2001-06-20,0.0,9.94,145.44,6,0.721230854809793
2001-06-21,0.0,11.3,122.92,6,0.4290517694291227
2001-06-22,0.0,13.09,119.28999999999999,6,0.3787356495962086
2001-06-23,0.0,11.84,117.37,6,0.35171188671655873
2001-06-24,2.28,10.42,119.63,6,0.3834910487603692
2001-06-25,2.98,10.87,122.61,6,0.4247934331450101
2001-06-26,2.63,11.63,125.23,6,0.4605623966787132
2001-06-27,0.03,11.86,125.25,6,0.4608335364658258
2001-06-28,0.0,11.7,125.21,6,0.4602912283665102
2001-06-29,0.16,10.87,125.36999999999999,6,0.4624597766064057
2001-06-30,0.0,7.77,124.64,6,0.4525509061321482
2001-07-01,0.0,9.81,119.8,7,1.434099638453882
2001-07-02,0.0,10.77,117.86,7,1.4107543799362272
2001-07-03,0.0,11.28,111.1,7,1.3274982557947648
2001-07-04,0.0,11.89,110.52,7,1.320210316563939
2001-07-05,0.0,10.62,110.41,7,1.3188254437116913
2001-07-06,0.02,10.54,108.52999999999999,7,1.2950229613041677
2001-07-07,3.06,12.01,110.77,7,1.3233545745939295
2001-07-08,5.91,12.02,113.22999999999999,7,1.3540618691347333
2001-07-09,0.06,12.03,113.05999999999999,7,1.3519532057163537
2001-07-10,0.01,13.06,112.16,7,1.340756816063403
2001-07-11,0.0,13.2,112.14,7,1.3405073757457489
2001-07-12,0.0,11.47,112.12,7,1.3402579078336438
2001-07-13,0.0,13.44,112.12,7,1.3402579078336438
2001-07-14,0.0,12.44,110.7,7,1.3224746269183791
2001-07-15,0.0,11.04,108.28,7,1.2918384773985763
2001-07-16,0.0,10.87,97.12,7,1.144731178587429
2001-07-17,0.0,13.11,96.28,7,1.1332388295902174
2001-07-18,0.0,12.34,95.43,7,1.12154531291054
2001-07-19,0.0,7.78,95.23,7,1.1187843827868442
2001-07-20,0.0,7.71,95.23,7,1.1187843827868442
2001-07-21,0.0,4.92,95.23,7,1.1187843827868442
2001-07-22,0.0,7.8,95.22,7,1.1186462405301967
2001-07-23,0.0,8.15,90.72,7,1.0555297519194302
2001-07-24,0.0,6.06,90.33,7,1.0499674006334139
2001-07-25,0.0,7.42,90.23,7,1.0485387115898819
2001-07-26,0.0,9.44,79.71000000000001,7,0.8922408021602014
2001-07-27,0.0,11.61,78.96000000000001,7,0.8806074497423284
2001-07-28,0.0,13.55,78.04,7,0.8662401822148487
2001-07-29,0.0,11.36,67.4,7,0.6915337117806408
2001-07-30,0.0,11.21,56.269999999999996,7,0.48836454840544824
2001-07-31,0.0,11.63,28.23,7,-0.18568280988405186
2001-08-01,0.0,11.95,23.16,8,0.576594034327121
2001-08-02,0.0,13.36,21.82,8,0.5244391369099767
2001-08-03,0.0,14.81,17.14,8,0.32345101869756626
2001-08-04,0.0,16.44,17.14,8,0.32345101869756626
2001-08-05,0.0,15.11,17.14,8,0.32345101869756626
2001-08-06,0.0,14.26,17.14,8,0.32345101869756626
2001-08-07,0.0,14.17,17.14,8,0.32345101869756626
2001-08-08,0.0,13.45,17.14,8,0.32345101869756626
2001-08-09,0.0,13.58,17.14,8,0.32345101869756626
2001-08-10,0.0,14.1,17.14,8,0.32345101869756626
2001-08-11,0.0,11.85,17.14,8,0.32345101869756626
2001-08-12,0.0,12.91,17.14,8,0.32345101869756626
2001-08-13,0.0,15.59,17.14,8,0.32345101869756626
2001-08-14,0.0,16.72,17.14,8,0.32345101869756626
2001-08-15,0.0,16.1,17.14,8,0.32345101869756626
2001-08-16,0.0,15.45,17.14,8,0.32345101869756626
2001-08-17,0.0,15.27,17.14,8,0.32345101869756626
2001-08-18,0.0,16.59,17.14,8,0.32345101869756626
2001-08-19,0.0,18.3,17.14,8,0.32345101869756626
2001-08-20,0.0,17.62,17.14,8,0.32345101869756626
2001-08-21,0.0,19.79,17.14,8,0.32345101869756626
2001-08-22,0.0,16.01,17.14,8,0.32345101869756626
2001-08-23,0.0,20.07,17.14,8,0.32345101869756626
2001-08-24,0.05,18.69,17.19,8,0.3257829628209792
2001-08-25,0.0,17.95,17.19,8,0.3257829628209792
2001-08-26,0.87,18.51,18.06,8,0.36564279487672185
2001-08-27,1.33,19.1,19.39,8,0.424145383433576
2001-08-28,0.88,18.45,20.27,8,0.46138654674646534
2001-08-29,1.15,19.35,21.42,8,0.5084605107146303
2001-08-30,0.98,19.31,22.4,8,0.5472666310165654
2001-08-31,0.99,14.03,23.39,8,0.5853439494431051
2001-09-01,0.0,12.35,23.39,9,0.9149295619032511
2001-09-02,0.0,15.08,23.39,9,0.9149295619032511
2001-09-03,0.0,18.25,23.39,9,0.9149295619032511
2001-09-04,0.01,19.64,23.4,9,0.9152964233261072
2001-09-05,0.0,21.52,23.4,9,0.9152964233261072
2001-09-06,0.0,17.39,23.4,9,0.9152964233261072
2001-09-07,0.0,17.19,23.4,9,0.9152964233261072
2001-09-08,0.0,18.39,23.4,9,0.9152964233261072
2001-09-09,0.0,20.71,23.4,9,0.9152964233261072
2001-09-10,0.0,23.52,23.4,9,0.9152964233261072
2001-09-11,2.55,21.68,25.95,9,1.0058021424450019
2001-09-12,0.56,17.29,26.51,9,1.0249221547015501
2001-09-13,0.01,13.73,26.52,9,1.0252612791900935
2001-09-14,0.38,12.59,26.9,9,1.0380893158690343
2001-09-15,0.1,13.56,27.0,9,1.0414463028360585
2001-09-16,0.01,16.6,27.01,9,1.0417815749005899
2001-09-17,0.0,19.17,27.01,9,1.0417815749005899
2001-09-18,0.02,20.71,27.03,9,1.0424518869610504
2001-09-19,3.91,17.29,30.94,9,1.1680051453804952
2001-09-20,18.28,14.35,49.22,9,1.6535890925040475
2001-09-21,3.7,18.04,52.92,9,1.7379249896010478
2001-09-22,0.0,17.97,50.64,9,1.6863836405408887
2001-09-23,0.0,20.02,47.660000000000004,9,1.6169099715016244
2001-09-24,0.0,22.34,45.03,9,1.5534243683240527
2001-09-25,0.0,20.53,45.0,9,1.5526876443828121
2001-09-26,0.0,20.44,45.0,9,1.5526876443828121
2001-09-27,0.0,16.62,44.84,9,1.5487535003855355
2001-09-28,0.0,16.38,44.84,9,1.5487535003855355
2001-09-29,0.0,19.85,44.84,9,1.5487535003855355
2001-09-30,0.0,21.22,44.84,9,1.5487535003855355
2001-10-01,0.0,23.08,44.84,10,0.7974761187442054
2001-10-02,0.0,22.68,44.84,10,0.7974761187442054
2001-10-03,0.0,21.37,44.84,10,0.7974761187442054
2001-10-04,0.0,21.29,44.82,10,0.7969945736376916
2001-10-05,0.0,22.61,41.760000000000005,10,0.7216298886356676
2001-10-06,0.0,22.01,35.85,10,0.5652895602615823
2001-10-07,0.04,23.4,35.83,10,0.5647330060967982
2001-10-08,0.49,23.08,36.31,10,0.578034745262298
2001-10-09,0.18,22.52,36.49,10,0.5829933085079632
2001-10-10,0.0,23.8,36.49,10,0.5829933085079632
2001-10-11,0.0,26.35,36.49,10,0.5829933085079632
2001-10-12,0.0,26.28,36.49,10,0.5829933085079632
2001-10-13,0.01,26.44,36.5,10,0.5832683160665364
2001-10-14,0.85,23.96,37.35,10,0.6064667618652418
2001-10-15,0.05,24.8,37.4,10,0.607820622725261
2001-10-16,0.23,25.62,37.63,10,0.6140332619431003
2001-10-17,0.07,25.89,37.7,10,0.6159191610629757
2001-10-18,0.09,23.38,37.79,10,0.618340545804193
2001-10-19,4.35,24.07,42.14,10,0.731177986638915
2001-10-20,21.66,20.3,63.8,10,1.203818604007104
2001-10-21,8.23,20.73,72.03,10,1.3565076021838633
2001-10-22,2.49,22.59,74.52,10,1.4005667993777533
2001-10-23,3.44,24.23,77.96000000000001,10,1.4599765936387803
2001-10-24,0.13,24.52,78.09,10,1.462190013006746
2001-10-25,6.76,23.25,84.85,10,1.57433069289658
2001-10-26,5.03,22.32,89.88,10,1.6542995894858088
2001-10-27,3.43,19.29,93.31,10,1.7072930712071217
2001-10-28,3.93,21.68,97.24000000000001,10,1.7665913586777195
2001-10-29,9.89,21.43,107.13,10,1.9097401828017293
2001-10-30,3.15,22.24,110.28,10,1.9536699859613909
2001-10-31,4.92,20.07,115.2,10,2.0208205685272325
2001-11-01,0.03,20.73,115.23,11,0.7891685913300079
2001-11-02,0.43,22.21,115.66,11,0.7957826803613265
2001-11-03,0.0,23.02,115.66,11,0.7957826803613265
2001-11-04,0.76,22.27,116.42,11,0.8074338620112987
2001-11-05,0.04,24.53,116.46000000000001,11,0.8080457163800971
2001-11-06,1.75,24.81,118.21000000000001,11,0.8346823300116257
2001-11-07,1.74,23.75,119.95,11,0.8609151984894202
2001-11-08,31.94,18.76,151.89000000000001,11,1.304358069009352
2001-11-09,4.18,18.76,156.07,11,1.357835322275583
2001-11-10,1.57,20.74,157.64000000000001,11,1.377687483089198
2001-11-11,1.71,22.72,159.35,11,1.3991685680329498
2001-11-12,8.24,23.44,167.59,11,1.5006965694570755
2001-11-13,19.28,20.25,186.87,11,1.7266174415048257
2001-11-14,7.48,21.14,194.35,11,1.8103468429152203
2001-11-15,12.78,21.34,207.13,11,1.9489045523257034
2001-11-16,21.53,19.85,228.66,11,2.170888790926374
2001-11-17,5.45,18.3,234.11,11,2.2250304124082283
2001-11-18,4.18,20.65,238.29,11,2.2660365703306704
2001-11-19,3.33,21.23,241.62,11,2.298391586650877
2001-11-20,6.36,21.24,247.98000000000002,11,2.3594410793262552
2001-11-21,2.12,22.4,250.1,11,2.3795792302454006
2001-11-22,4.04,22.62,254.09,11,2.417201701709486
2001-11-23,1.83,23.03,255.92,11,2.4343373521769247
2001-11-24,0.37,23.26,255.42000000000002,11,2.4296628707653647
2001-11-25,5.25,23.49,259.34000000000003,11,2.466163520681467
2001-11-26,8.01,21.32,266.47,11,2.5317076573953354
2001-11-27,3.11,21.83,268.43,11,2.5495393319524675
2001-11-28,7.76,18.73,275.21000000000004,11,2.6106237876627207
2001-11-29,12.01,18.96,286.23,11,2.708005255629204
2001-11-30,4.54,21.27,290.77,11,2.747468846140058
2001-12-01,3.31,21.96,294.08,12,1.5877557256383523
2001-12-02,1.25,22.9,295.33,12,1.5989407696107008
2001-12-03,0.01,22.44,295.33000000000004,12,1.5989407696107008
2001-12-04,5.49,21.75,300.82,12,1.6477137399734616
2001-12-05,7.4,22.11,308.22,12,1.7125724469594763
2001-12-06,8.43,23.54,316.65000000000003,12,1.7852722518632984
2001-12-07,2.61,22.8,319.26,12,1.8075330806470042
2001-12-08,2.38,22.21,321.64,12,1.8277326039828496
2001-12-09,4.22,22.95,325.86,12,1.8633187242977218
2001-12-10,5.12,23.6,328.43,12,1.8848491447407238
2001-12-11,0.84,23.3,328.71,12,1.8871884715433547
2001-12-12,3.5,21.25,332.2,12,1.9162421416960553
2001-12-13,6.67,19.38,338.49,12,1.968125720588062
2001-12-14,4.01,23.14,342.4,12,2.0000738740877613
2001-12-15,1.37,23.5,343.76,12,2.011132731228976
2001-12-16,0.02,24.4,343.78,12,2.0112951571003648
2001-12-17,0.46,26.45,344.22,12,2.0148670319959554
2001-12-18,0.91,26.49,341.21999999999997,12,1.9904564000114795
2001-12-19,1.55,26.4,324.49,12,1.8517978080893116
2001-12-20,0.0,23.08,320.78999999999996,12,1.8205293172087353
2001-12-21,0.01,22.89,320.79999999999995,12,1.8206141315104831
2001-12-22,0.14,24.25,320.94,12,1.8218013571392055
2001-12-23,10.33,23.97,331.27,12,1.9085188389393744
2001-12-24,11.21,25.27,342.47999999999996,12,2.000725155015956
2001-12-25,8.95,24.64,351.42999999999995,12,2.0729949597671156
2001-12-26,0.02,22.31,351.45,12,2.073155161249536
2001-12-27,0.75,22.28,352.2,12,2.0791586129463604
2001-12-28,0.03,22.47,352.22999999999996,12,2.0793985849415946
2001-12-29,0.66,23.15,352.89,12,2.0846747443180886
2001-12-30,0.32,25.37,353.21,12,2.0872306653273127
2001-12-31,2.32,25.5,355.53,12,2.1057180250157392
2002-01-01,0.0,27.97,355.53,1,1.6392321176948588
2002-01-02,0.02,28.12,355.54999999999995,1,1.6394640832537295
2002-01-03,5.01,24.83,360.55999999999995,1,1.6973086175636476
2002-01-04,4.23,24.19,364.78999999999996,1,1.745745758220451
2002-01-05,0.41,24.41,365.16,1,1.7499653522917546
2002-01-06,0.0,24.97,364.67,1,1.7443766500282603
2002-01-07,0.09,25.59,364.58,1,1.7433496286828356
2002-01-08,2.32,25.73,366.9,1,1.7697720645386565
2002-01-09,2.37,23.0,369.27,1,1.796653262931589
2002-01-10,0.0,24.65,369.27,1,1.796653262931589
2002-01-11,0.25,26.38,369.51,1,1.7993692198928424
2002-01-12,2.56,27.23,371.21999999999997,1,1.8186876848306532
2002-01-13,3.06,27.59,374.23,1,1.852554324219701
2002-01-14,1.59,25.68,375.59000000000003,1,1.8677988486704504
2002-01-15,0.05,26.27,375.57,1,1.8675749213547657
2002-01-16,0.11,26.44,375.59,1,1.8677988486704482
2002-01-17,0.08,26.77,371.32,1,1.8198156487405162
2002-01-18,0.0,25.25,349.65999999999997,1,1.5707831852460075
2002-01-19,4.5,25.14,345.92999999999995,1,1.5269021901787283
2002-01-20,2.66,24.83,346.1,1,1.5289087574663518
2002-01-21,0.0,26.02,342.66,1,1.488180617043614
2002-01-22,2.04,26.7,344.57000000000005,1,1.510826665776163
2002-01-23,0.23,26.68,338.03999999999996,1,1.4330635880461267
2002-01-24,0.44,26.42,333.45,1,1.377819403116908
2002-01-25,4.31,25.07,334.33,1,1.38844887854436
2002-01-26,1.93,23.71,332.33,1,1.3642646515242975
2002-01-27,2.73,23.62,325.17,1,1.2769029991153138
2002-01-28,7.24,23.05,329.26,1,1.3269575787453673
2002-01-29,3.28,23.5,327.62,1,1.3069355355683818
2002-01-30,4.96,24.9,332.55,1,1.3669295264373655
2002-01-31,0.31,26.77,332.42999999999995,1,1.3654761000336193
2002-02-01,0.02,26.54,332.45,2,0.7049798008326689
2002-02-02,0.4,25.96,332.09,2,0.7011450592294111
2002-02-03,0.28,27.26,332.33000000000004,2,0.7037018569059494
2002-02-04,0.06,28.16,330.64000000000004,2,0.685671853422753
2002-02-05,0.01,29.16,328.91,2,0.6671522528624214
2002-02-06,1.36,28.67,298.33000000000004,2,0.32862596688033685
2002-02-07,5.91,25.73,300.06,2,0.3483743394533073
2002-02-08,2.15,23.58,300.64000000000004,2,0.35497828705799983
2002-02-09,0.12,24.78,299.04999999999995,2,0.33685414067270414
2002-02-10,0.87,26.4,291.67999999999995,2,0.2519994429895986
2002-02-11,0.06,28.0,272.46,2,0.023783915392629203
2002-02-12,0.09,29.76,265.07,2,-0.06682296413994221
2002-02-13,7.16,26.74,259.45,2,-0.1368670009444595
2002-02-14,8.72,22.94,246.64000000000001,2,-0.30041914453075536
2002-02-15,2.25,24.7,243.44,2,-0.3421640789981713
2002-02-16,1.54,23.24,240.8,2,-0.3768831256930829
2002-02-17,5.79,21.7,243.26,2,-0.34452319473062515
2002-02-18,4.19,21.82,241.08999999999997,2,-0.37305677128164627
2002-02-19,0.1,22.12,239.07000000000002,2,-0.39977419326539315
2002-02-20,0.0,23.56,235.03,2,-0.453670101766903
2002-02-21,0.02,25.37,233.22,2,-0.4780198639699644
2002-02-22,0.01,25.03,232.86,2,-0.4828781455745403
2002-02-23,0.0,25.12,227.61,2,-0.554313368942627
2002-02-24,0.0,25.83,219.60000000000002,2,-0.6654894213454552
2002-02-25,0.02,26.51,216.51,2,-0.7091144652287987
2002-02-26,4.25,27.13,213.0,2,-0.7591866789551155
2002-02-27,11.47,24.15,212.46,2,-0.7669399167626265
2002-02-28,0.92,25.44,208.84,2,-0.819265735919337
2002-03-01,0.25,25.66,205.78,3,-0.5859467406714773
2002-03-02,0.42,26.23,204.95,3,-0.5952259495458667
2002-03-03,0.95,27.12,205.89000000000001,3,-0.5847188881897655
2002-03-04,5.06,24.81,205.45999999999998,3,-0.5895212293834835
2002-03-05,4.9,22.75,202.95999999999998,3,-0.617578897728531
2002-03-06,3.84,23.1,198.37,3,-0.6697152630957709
2002-03-07,0.42,24.4,196.18,3,-0.6948826485221863
2002-03-08,9.42,22.54,203.22,3,-0.6146499169984527
2002-03-09,1.0,23.06,200.0,3,-0.6511068367855332
2002-03-10,0.03,23.8,194.91,3,-0.7095658989107256
2002-03-11,0.06,24.13,194.13,3,-0.7186165630375455
2002-03-12,1.25,23.31,191.88,3,-0.7448650913641714
2002-03-13,1.68,22.13,186.89000000000001,3,-0.8038435611139457
2002-03-14,0.0,23.15,182.88000000000002,3,-0.8520307577045919
2002-03-15,0.03,23.09,181.54000000000002,3,-0.8682957157122198
2002-03-16,0.0,23.15,181.52,3,-0.8685391035784196
2002-03-17,0.0,23.07,181.06,3,-0.8741421469136784
2002-03-18,0.0,23.34,180.15,3,-0.885255482606198
2002-03-19,0.0,26.45,178.60000000000002,3,-0.9042745084481981
2002-03-20,0.0,26.58,178.60000000000002,3,-0.9042745084481981
2002-03-21,0.1,26.11,178.69,3,-0.9031670619401935
2002-03-22,0.1,25.94,178.65,3,-0.903659212725489
2002-03-23,0.0,25.54,168.32,3,-1.0334006130407858
2002-03-24,0.09,25.2,157.20000000000002,3,-1.1794110833161575
2002-03-25,0.05,24.01,148.29999999999998,3,-1.3015668972447916
2002-03-26,0.0,24.66,148.28,3,-1.3018471237687397
2002-03-27,0.0,24.67,147.53,3,-1.3123748477072563
2002-03-28,0.0,23.3,147.5,3,-1.3127967383363375
2002-03-29,0.0,23.6,146.83999999999997,3,-1.3220936332715114
2002-03-30,0.0,23.72,146.51999999999998,3,-1.3266117985541657
2002-03-31,0.0,23.68,144.2,3,-1.3595779251508577
2002-04-01,0.0,22.78,144.2,4,-0.9445757738246675
2002-04-02,0.0,22.8,144.17999999999998,4,-0.9448428177540525
2002-04-03,0.0,23.91,139.17,4,-1.0125677071788663
2002-04-04,0.0,21.98,134.94,4,-1.0710881026684487
2002-04-05,0.0,22.3,134.53,4,-1.0768282374852025
2002-04-06,0.0,23.59,134.53,4,-1.0768282374852025
2002-04-07,0.82,23.12,135.26000000000002,4,-1.0666164835828167
2002-04-08,1.38,23.73,134.32,4,-1.0797730560419234
2002-04-09,0.23,23.68,132.18,4,-1.1099678742216392
2002-04-10,0.28,21.34,132.46,4,-1.1059977396704768
2002-04-11,3.39,23.29,135.60000000000002,4,-1.0618735019420524
2002-04-12,8.7,20.82,141.74,4,-0.9776178400039789
2002-04-13,1.41,19.98,140.09,4,-1.0000050635013338
2002-04-14,0.16,20.32,138.66,4,-1.0195568036919551
2002-04-15,7.45,19.27,146.06,4,-0.9198526639027701
2002-04-16,0.68,19.2,146.63,4,-0.9123201398679952
2002-04-17,0.0,20.66,146.54999999999998,4,-0.9133761052765913
2002-04-18,0.0,21.62,146.54999999999998,4,-0.9133761052765913
2002-04-19,0.0,20.05,142.04999999999998,4,-0.9734320834610788
2002-04-20,0.0,18.35,139.39,4,-1.0095583294233945
2002-04-21,0.0,19.2,139.39,4,-1.0095583294233945
2002-04-22,0.0,19.0,137.35,4,-1.0375919556499575
2002-04-23,0.0,19.11,137.11999999999998,4,-1.0407708375276608
2002-04-24,0.22,19.09,136.9,4,-1.0438150007625795
2002-04-25,0.01,19.75,132.6,4,-1.1040148808086947
2002-04-26,0.0,21.02,130.67000000000002,4,-1.1314806463646763
2002-04-27,0.0,21.37,127.94000000000001,4,-1.1708222760313591
2002-04-28,0.0,21.58,120.7,4,-1.278102925849992
2002-04-29,0.0,22.27,117.42,4,-1.328206065597698
2002-04-30,0.0,21.87,112.46000000000001,4,-1.4058918000676628
2002-05-01,0.36,19.75,112.51,5,-0.6803295422921929
2002-05-02,0.0,20.76,112.49000000000001,5,-0.6806278097088513
2002-05-03,0.0,22.76,112.09,5,-0.6866009066457883
2002-05-04,0.08,21.24,111.89,5,-0.6895930079835718
2002-05-05,0.37,20.5,112.2,5,-0.6849568312677964
2002-05-06,0.17,16.13,112.36,5,-0.6825674460278419
2002-05-07,0.0,10.08,111.0,5,-0.7029531052799638
2002-05-08,0.0,11.5,105.08999999999999,5,-0.7936172228763813
2002-05-09,0.0,14.21,102.94,5,-0.8274820310725559
2002-05-10,0.0,15.21,102.82,5,-0.8293866740842039
2002-05-11,0.0,15.12,101.94999999999999,5,-0.8432420637616098
2002-05-12,0.0,17.85,101.89,5,-0.8442006536766725
2002-05-13,0.0,18.06,101.8,5,-0.8456392798181138
2002-05-14,0.0,18.18,94.64,5,-0.9630682515048923
2002-05-15,0.0,16.21,85.91999999999999,5,-1.1148669681683092
2002-05-16,0.0,16.22,83.66999999999999,5,-1.1557962074751367
2002-05-17,0.0,18.5,82.13,5,-1.184263491916005
2002-05-18,0.0,16.72,76.33999999999999,5,-1.2948309522758552
2002-05-19,0.0,14.76,72.14999999999999,5,-1.3786520233465989
2002-05-20,0.0,15.1,72.05,5,-1.380694801014997
2002-05-21,0.01,16.58,72.06,5,-1.3804904314202462
2002-05-22,7.59,17.12,79.63000000000001,5,-1.2312978290390826
2002-05-23,0.0,13.93,79.62,5,-1.2314880687886023
2002-05-24,0.0,13.42,79.62,5,-1.2314880687886023
2002-05-25,0.0,15.21,79.62,5,-1.2314880687886023
2002-05-26,0.0,16.3,79.60000000000001,5,-1.2318685994965577
2002-05-27,0.1,15.15,75.45,5,-1.3123538872028544
2002-05-28,0.38,15.78,64.36,5,-1.5443204559714703
2002-05-29,0.0,17.9,63.44,5,-1.5648295577134317
2002-05-30,0.13,17.82,63.32,5,-1.5675205682156834
2002-05-31,17.1,15.86,80.0,5,-1.2242709223186987
2002-06-01,9.36,12.61,88.41,6,-0.0974258938081571
2002-06-02,0.0,11.23,83.35000000000001,6,-0.1857548265409351
2002-06-03,0.0,10.6,78.45,6,-0.2748501749305942
2002-06-04,0.0,11.59,74.61,6,-0.3473775457898076
2002-06-05,0.0,10.89,74.19,6,-0.3554647978078341
2002-06-06,0.0,11.17,64.77000000000001,6,-0.5458106755347825
2002-06-07,0.0,12.17,63.769999999999996,6,-0.56712262719102
2002-06-08,0.0,13.26,63.739999999999995,6,-0.5677655770845756
2002-06-09,0.0,13.66,63.67999999999999,6,-0.5690521108529075
2002-06-10,0.0,12.85,62.42999999999999,6,-0.5960495826021751
2002-06-11,0.0,11.95,60.75,6,-0.632936320642439
2002-06-12,0.0,12.73,60.75,6,-0.632936320642439
2002-06-13,0.64,12.06,61.36,6,-0.6194612933547737
2002-06-14,0.0,8.48,61.36,6,-0.6194612933547737
2002-06-15,0.0,9.92,61.36,6,-0.6194612933547737
2002-06-16,0.0,11.91,61.36,6,-0.6194612933547737
2002-06-17,0.0,11.85,61.36,6,-0.6194612933547737
2002-06-18,0.0,14.2,61.36,6,-0.6194612933547737
2002-06-19,0.0,14.61,61.26,6,-0.6216638636881361
2002-06-20,0.0,11.5,61.16,6,-0.6238689535562327
2002-06-21,0.01,11.87,61.17,6,-0.6236483309810402
2002-06-22,0.06,9.94,61.13999999999999,6,-0.6243102745205628
2002-06-23,0.0,12.47,61.089999999999996,6,-0.6254140195236889
2002-06-24,0.0,8.82,61.089999999999996,6,-0.6254140195236889
2002-06-25,0.0,8.49,61.089999999999996,6,-0.6254140195236889
2002-06-26,0.0,10.57,61.089999999999996,6,-0.6254140195236889
2002-06-27,0.0,12.38,61.089999999999996,6,-0.6254140195236889
2002-06-28,0.0,12.86,61.089999999999996,6,-0.6254140195236889
2002-06-29,0.0,10.78,61.089999999999996,6,-0.6254140195236889
2002-06-30,0.0,10.78,61.089999999999996,6,-0.6254140195236889
2002-07-01,0.0,8.77,61.089999999999996,7,0.5793144630895622
2002-07-02,0.0,10.71,61.089999999999996,7,0.5793144630895622
2002-07-03,0.0,12.82,61.089999999999996,7,0.5793144630895622
2002-07-04,0.0,11.77,61.089999999999996,7,0.5793144630895622
2002-07-05,0.0,12.37,61.089999999999996,7,0.5793144630895622
2002-07-06,0.0,13.42,60.269999999999996,7,0.564183278315243
2002-07-07,0.0,14.29,58.89,7,0.5384105812991462
2002-07-08,0.15,13.26,58.81,7,0.536904395930077
2002-07-09,0.0,13.11,58.53,7,0.5316221104411539
2002-07-10,0.0,9.15,55.14,7,0.4663048321910878
2002-07-11,0.0,10.12,46.440000000000005,7,0.28547052791746474
2002-07-12,0.0,12.17,45.03,7,0.2540750210573303
2002-07-13,0.0,11.63,44.870000000000005,7,0.25047079887364077
2002-07-14,0.0,12.9,37.42,7,0.07200517847330748
2002-07-15,0.0,13.81,36.74,7,0.054545613092556865
2002-07-16,0.0,9.77,36.74,7,0.054545613092556865
2002-07-17,0.0,8.05,36.74,7,0.054545613092556865
2002-07-18,0.0,7.61,36.74,7,0.054545613092556865
2002-07-19,0.0,7.75,36.74,7,0.054545613092556865
2002-07-20,0.0,9.21,36.74,7,0.054545613092556865
2002-07-21,0.0,9.4,36.74,7,0.054545613092556865
2002-07-22,0.0,11.53,36.74,7,0.054545613092556865
2002-07-23,0.0,14.01,36.52,7,0.04884949844413343
2002-07-24,0.0,15.42,36.510000000000005,7,0.04859002506616834
2002-07-25,0.0,12.93,36.510000000000005,7,0.04859002506616834
2002-07-26,0.0,14.18,36.510000000000005,7,0.04859002506616834
2002-07-27,0.0,15.05,36.510000000000005,7,0.04859002506616834
2002-07-28,0.0,16.56,36.510000000000005,7,0.04859002506616834
2002-07-29,0.0,17.97,36.510000000000005,7,0.04859002506616834
2002-07-30,0.0,14.28,36.150000000000006,7,0.0392162940368873
2002-07-31,0.0,12.55,36.150000000000006,7,0.0392162940368873
2002-08-01,0.08,12.52,36.230000000000004,8,1.0047514728347975
2002-08-02,0.0,15.14,36.15,8,1.00246285469014
2002-08-03,0.0,16.06,35.78,8,0.9918361126662689
2002-08-04,2.26,14.87,37.87,8,1.0509814608656074
2002-08-05,0.12,14.73,37.989999999999995,8,1.0543141767653175
2002-08-06,0.0,16.33,37.989999999999995,8,1.0543141767653175
2002-08-07,0.0,17.62,37.989999999999995,8,1.0543141767653175
2002-08-08,0.0,15.94,37.989999999999995,8,1.0543141767653175
2002-08-09,0.0,16.76,37.989999999999995,8,1.0543141767653175
2002-08-10,0.0,15.3,37.989999999999995,8,1.0543141767653175
2002-08-11,0.0,14.26,37.989999999999995,8,1.0543141767653175
2002-08-12,0.0,14.64,37.989999999999995,8,1.0543141767653175
2002-08-13,0.0,16.63,37.989999999999995,8,1.0543141767653175
2002-08-14,0.36,17.71,38.349999999999994,8,1.0642727530848486
2002-08-15,0.1,13.69,38.449999999999996,8,1.067028581819555
2002-08-16,1.92,15.67,40.37,8,1.1190903696435552
2002-08-17,2.76,17.18,43.129999999999995,8,1.1912835492372944
2002-08-18,1.68,16.35,44.809999999999995,8,1.2338274958345603
2002-08-19,0.0,16.14,44.8,8,1.2335772119616288
2002-08-20,0.0,17.31,37.209999999999994,8,1.032531573104112
2002-08-21,0.0,17.67,37.209999999999994,8,1.032531573104112
2002-08-22,0.0,19.35,37.209999999999994,8,1.032531573104112
2002-08-23,0.0,19.02,37.209999999999994,8,1.032531573104112
2002-08-24,0.0,18.54,37.209999999999994,8,1.032531573104112
2002-08-25,0.07,19.04,37.18,8,1.0316880585206996
2002-08-26,0.36,20.24,37.16,8,1.0311254769698266
2002-08-27,3.02,18.72,40.18,8,1.1140085707430805
2002-08-28,5.47,17.23,45.519999999999996,8,1.251509965679507
2002-08-29,3.35,17.54,31.77,8,0.8719039294757638
2002-08-30,4.77,17.48,27.18,8,0.722038470275798
2002-08-31,0.0,15.61,27.18,8,0.722038470275798
2002-09-01,0.0,16.84,27.18,9,1.0474694018862716
2002-09-02,0.0,17.35,27.18,9,1.0474694018862716
2002-09-03,0.0,18.31,27.18,9,1.0474694018862716
2002-09-04,0.06,20.01,27.24,9,1.0494715763514852
2002-09-05,0.16,19.97,27.4,9,1.0547973151293055
2002-09-06,0.14,16.84,27.54,9,1.0594414757863568
2002-09-07,0.02,17.81,27.56,9,1.0601037268963076
2002-09-08,0.96,18.75,28.52,9,1.0915468621435047
2002-09-09,0.24,17.4,28.759999999999998,9,1.099304640127939
2002-09-10,0.04,11.05,28.799999999999997,9,1.100593696291116
2002-09-11,0.0,11.67,28.159999999999997,9,1.0798338785277999
2002-09-12,0.0,14.29,28.159999999999997,9,1.0798338785277999
2002-09-13,0.0,15.25,28.159999999999997,9,1.0798338785277999
2002-09-14,0.0,14.76,28.159999999999997,9,1.0798338785277999
2002-09-15,0.0,15.24,28.159999999999997,9,1.0798338785277999
2002-09-16,0.0,17.36,28.159999999999997,9,1.0798338785277999
2002-09-17,0.0,17.91,28.159999999999997,9,1.0798338785277999
2002-09-18,0.0,20.26,28.159999999999997,9,1.0798338785277999
2002-09-19,0.0,20.37,28.15,9,1.079507194500038
2002-09-20,0.0,20.07,28.089999999999996,9,1.0775455750377294
2002-09-21,0.0,19.88,28.089999999999996,9,1.0775455750377294
2002-09-22,0.0,22.4,28.089999999999996,9,1.0775455750377294
2002-09-23,0.0,21.6,28.089999999999996,9,1.0775455750377294
2002-09-24,0.0,22.86,28.089999999999996,9,1.0775455750377294
2002-09-25,0.81,24.26,28.9,9,1.103811489848579
2002-09-26,3.69,23.27,32.589999999999996,9,1.2180431855385137
2002-09-27,22.19,17.26,54.78,9,1.7790133973399564
2002-09-28,0.09,20.54,54.87,9,1.7809806519465927
2002-09-29,0.05,21.8,54.919999999999995,9,1.7820727547608641
2002-09-30,0.0,20.77,54.919999999999995,9,1.7820727547608641
2002-10-01,0.0,19.94,54.919999999999995,10,1.0246313514879195
2002-10-02,0.0,19.43,54.919999999999995,10,1.0246313514879195
2002-10-03,0.51,18.85,55.43,10,1.0353945189081326
2002-10-04,0.04,18.44,55.47,10,1.0362360503991483
2002-10-05,0.24,20.65,55.71,10,1.0412772454657675
2002-10-06,1.14,20.68,56.699999999999996,10,1.0619291897162577
2002-10-07,2.67,21.07,59.37,10,1.1165232847686473
2002-10-08,2.93,20.87,62.3,10,1.1746956738215173
2002-10-09,0.0,19.21,62.3,10,1.1746956738215173
2002-10-10,0.0,19.01,62.3,10,1.1746956738215173
2002-10-11,0.0,21.39,62.3,10,1.1746956738215173
2002-10-12,0.0,22.26,62.3,10,1.1746956738215173
2002-10-13,0.0,21.05,62.3,10,1.1746956738215173
2002-10-14,0.0,21.77,62.3,10,1.1746956738215173
2002-10-15,0.0,23.82,62.3,10,1.1746956738215173
2002-10-16,0.0,24.22,62.3,10,1.1746956738215173
2002-10-17,0.0,27.15,62.3,10,1.1746956738215173
2002-10-18,0.0,27.07,62.3,10,1.1746956738215173
2002-10-19,0.0,27.35,62.3,10,1.1746956738215173
2002-10-20,0.03,24.34,62.33,10,1.1752823817738514
2002-10-21,0.0,24.47,62.33,10,1.1752823817738514
2002-10-22,4.74,25.17,67.07,10,1.2658653777167237
2002-10-23,0.05,25.16,67.12,10,1.26679940229119
2002-10-24,0.0,25.76,67.12,10,1.26679940229119
2002-10-25,0.31,24.66,67.42999999999999,10,1.2725807747765914
2002-10-26,4.78,25.53,72.21,10,1.3597236721725867
2002-10-27,0.52,25.56,72.73,10,1.3689869646049297
2002-10-28,1.03,23.93,73.76,10,1.387216077431607
2002-10-29,2.47,22.68,76.23,10,1.4303039575117746
2002-10-30,30.07,18.82,106.22,10,1.8969068233292379
2002-10-31,1.58,18.53,107.8,10,1.919147557457802
2002-11-01,0.55,20.04,108.35000000000001,11,0.6810924336009416
2002-11-02,1.94,20.85,108.03,11,0.6759583706344935
2002-11-03,1.05,23.55,108.96000000000001,11,0.6908519536547656
2002-11-04,0.0,22.56,108.96000000000001,11,0.6908519536547656
2002-11-05,0.03,19.44,108.99000000000001,11,0.6913310112396284
2002-11-06,0.31,17.29,109.30000000000001,11,0.6962762544958652
2002-11-07,0.0,16.98,109.30000000000001,11,0.6962762544958652
2002-11-08,0.0,19.17,109.30000000000001,11,0.6962762544958652
2002-11-09,0.0,22.75,109.30000000000001,11,0.6962762544958652
2002-11-10,0.42,23.36,109.72000000000001,11,0.7029617218966053
2002-11-11,4.39,19.94,114.11000000000001,11,0.7718657818613183
2002-11-12,0.07,20.74,113.82,11,0.7673676612881616
2002-11-13,0.04,23.56,113.76,11,0.7664360880058183
2002-11-14,0.0,22.63,111.84,11,0.736455851886534
2002-11-15,0.0,22.45,109.08000000000001,11,0.6927676691685394
2002-11-16,0.0,25.06,107.4,11,0.6658216543950912
2002-11-17,0.0,26.94,107.4,11,0.6658216543950912
2002-11-18,0.1,25.75,107.5,11,0.6674332394612976
2002-11-19,1.24,26.51,108.74,11,0.6873362381563102
2002-11-20,0.0,26.45,108.74,11,0.6873362381563102
2002-11-21,0.09,27.68,108.83,11,0.6887750446187557
2002-11-22,0.65,26.99,109.48,11,0.6991434981284659
2002-11-23,1.24,25.54,110.65,11,0.7177062377949173
2002-11-24,0.0,24.59,110.29,11,0.712008279176729
2002-11-25,0.0,23.65,107.27,11,0.6637251309198586
2002-11-26,0.0,23.81,101.8,11,0.5739633335595147
2002-11-27,0.0,24.12,98.45,11,0.5174216382927076
2002-11-28,0.05,25.33,93.73,11,0.43556961562684593
2002-11-29,0.2,27.91,93.93,11,0.4390923293685822
2002-11-30,0.02,27.92,93.95,11,0.43944432857899973
2002-12-01,0.06,28.46,94.01,12,-0.8952016599523202
2002-12-02,0.08,29.32,94.09,12,-0.893671163379646
2002-12-03,5.96,26.27,99.99000000000001,12,-0.7832115470955855
2002-12-04,11.07,25.21,110.9,12,-0.5903233070981406
2002-12-05,12.1,22.19,122.86000000000001,12,-0.3933416563700353
2002-12-06,8.05,21.32,130.89,12,-0.2683365441504041
2002-12-07,6.3,21.35,136.23,12,-0.18806616902497292
2002-12-08,0.9,23.32,136.89000000000001,12,-0.17829396927697216
2002-12-09,1.44,24.56,138.29,12,-0.1576700366232451
2002-12-10,12.24,22.32,150.53,12,0.016913425798584552
2002-12-11,4.01,21.01,154.54,12,0.07202721552280435
2002-12-12,7.11,22.35,161.64999999999998,12,0.16744090953031104
2002-12-13,0.48,24.41,162.13,12,0.1737805487832273
2002-12-14,0.0,24.99,162.13,12,0.1737805487832273
2002-12-15,0.2,27.13,162.32999999999998,12,0.17641837241183117
2002-12-16,10.73,26.4,173.06,12,0.3148782596515668
2002-12-17,8.76,25.08,181.82,12,0.42375287704602915
2002-12-18,1.21,26.39,183.03,12,0.438517000411184
2002-12-19,5.31,24.05,188.34,12,0.5025583223676392
2002-12-20,3.45,23.57,191.79,12,0.543532425709237
2002-12-21,2.77,23.7,194.56,12,0.5760812548676306
2002-12-22,0.44,25.13,195.0,12,0.5812234094054619
2002-12-23,0.96,25.67,195.95999999999998,12,0.5924162888191146
2002-12-24,0.24,26.01,195.39000000000001,12,0.5857748670334526
2002-12-25,1.43,25.06,193.13,12,0.5593163467964725
2002-12-26,1.8,26.72,172.73999999999998,12,0.31083272489217684
2002-12-27,1.98,26.1,174.63,12,0.3346551615115146
2002-12-28,16.12,20.3,190.70000000000002,12,0.5306397359833853
2002-12-29,0.29,22.71,190.99,12,0.5340746203145105
2002-12-30,0.55,24.07,191.54000000000002,12,0.5405796513184136
2002-12-31,1.71,24.9,193.25,12,0.5607263186846397
2003-01-01,0.05,24.62,192.79000000000002,1,-0.6362480272816798
2003-01-02,0.0,23.94,192.75,1,-0.6369435516013757
2003-01-03,0.0,25.44,192.51000000000002,1,-0.6411187559184854
2003-01-04,0.04,27.16,191.41,1,-0.6603004498549832
2003-01-05,16.01,24.33,204.75,1,-0.43252522221184764
2003-01-06,1.77,23.89,203.59,1,-0.45192595238808564
2003-01-07,0.34,25.48,203.93,1,-0.44623181393094624
2003-01-08,1.62,25.09,205.55,1,-0.4191886115441772
2003-01-09,2.66,24.4,208.21,1,-0.3750946522948751
2003-01-10,4.96,22.06,213.17000000000002,1,-0.2938780564821527
2003-01-11,0.12,21.69,213.29000000000002,1,-0.29192898149461716
2003-01-12,0.01,24.52,213.3,1,-0.291766591890775
2003-01-13,0.08,27.62,213.38,1,-0.29046765944972824
2003-01-14,0.0,28.26,213.38,1,-0.29046765944972824
2003-01-15,0.03,27.05,213.41,1,-0.2899806442684487
2003-01-16,4.64,29.1,218.05,1,-0.21520325496390852
2003-01-17,4.42,27.77,222.47,1,-0.1449589277507327
2003-01-18,0.84,27.35,223.28,1,-0.13218785054547919
2003-01-19,0.15,27.89,223.43,1,-0.12982624613605498
2003-01-20,0.62,28.09,219.31,1,-0.19508220977699905
2003-01-21,2.73,28.76,221.99,1,-0.1525416915571302
2003-01-22,1.46,26.49,223.45000000000002,1,-0.12951144585278154
2003-01-23,0.66,26.52,223.8,1,-0.12400549539982511
2003-01-24,23.71,24.81,242.73000000000002,1,0.16558943891247543
2003-01-25,2.59,25.67,244.8,1,0.19633095456572672
2003-01-26,0.04,26.94,243.81,1,0.18165016047441276
2003-01-27,3.47,25.1,244.81,1,0.19647904374649997
2003-01-28,0.91,24.87,215.65,1,-0.2537461879330657
2003-01-29,0.01,27.72,214.07999999999998,1,-0.27911595322824423
2003-01-30,0.02,28.73,213.55,1,-0.28770851564768185
2003-01-31,0.31,28.09,211.92000000000002,1,-0.31422496981770554
2003-02-01,20.6,23.98,231.47,2,-0.5016843762236199
2003-02-02,5.44,26.42,236.91,2,-0.4285125627056152
2003-02-03,1.31,27.4,238.19,2,-0.4114611528813617
2003-02-04,0.61,27.32,238.49,2,-0.4074736899793524
2003-02-05,0.11,27.0,238.6,2,-0.4060124693478357
2003-02-06,8.94,26.62,247.54,2,-0.28874419801250506
2003-02-07,5.65,25.75,253.19,2,-0.2160965332328711
2003-02-08,1.03,26.38,253.8,2,-0.20831861074841818
2003-02-09,12.6,24.75,262.01,2,-0.10483599215473012
2003-02-10,2.08,23.9,264.02,2,-0.07983336056262985
2003-02-11,0.58,24.35,264.56,2,-0.07313798006776619
2003-02-12,0.01,26.77,264.57,2,-0.07301407789946396
2003-02-13,0.46,27.1,265.03,2,-0.06731796529781477
2003-02-14,0.27,26.18,265.3,2,-0.0639776777255393
2003-02-15,0.71,26.62,266.01,2,-0.055204807175916026
2003-02-16,6.44,26.44,272.35,2,0.022447357118236932
2003-02-17,10.26,21.98,281.37,2,0.13087014110359443
2003-02-18,6.48,20.5,287.85,2,0.2073394645291664
2003-02-19,29.46,21.29,317.21999999999997,2,0.5402991240294656
2003-02-20,13.76,20.56,330.33,2,0.6823580049120848
2003-02-21,1.32,23.2,330.40999999999997,2,0.6832133872554439
2003-02-22,0.48,23.29,330.89,2,0.6883428246568735
2003-02-23,0.32,24.42,331.21,2,0.691759733162593
2003-02-24,0.03,25.72,331.24,2,0.6920799570811105
2003-02-25,2.31,23.94,333.55,2,0.7166801910286289
2003-02-26,0.74,22.96,334.24,2,0.724006596814011
2003-02-27,1.26,24.28,335.3,2,0.735242331510428
2003-02-28,0.46,26.75,335.74,2,0.7398993722455777
2003-03-01,0.73,25.41,336.41,3,0.6386521546747238
2003-03-02,0.6,25.08,336.93,3,0.6428267628842467
2003-03-03,0.0,25.37,330.96999999999997,3,0.5947232187987149
2003-03-04,0.0,24.0,319.9,3,0.5038433749734774
2003-03-05,0.5,24.68,308.3,3,0.4063608331591932
2003-03-06,0.25,25.67,300.5,3,0.33944166923007074
2003-03-07,0.02,24.2,294.22,3,0.2847222469897913
2003-03-08,1.24,24.07,294.56000000000006,3,0.2877044886422994
2003-03-09,0.49,24.9,293.61,3,0.27936601755258905
2003-03-10,0.02,26.67,281.39000000000004,3,0.17047189959309142
2003-03-11,0.0,24.13,277.38000000000005,3,0.13405346788847544
2003-03-12,0.0,22.99,270.27000000000004,3,0.06860799418362366
2003-03-13,0.0,24.3,269.79,3,0.06414849749027302
2003-03-14,0.0,26.6,269.79,3,0.06414849749027302
2003-03-15,0.0,26.26,269.59000000000003,3,0.06228880860116266
2003-03-16,0.0,26.52,258.86,3,-0.03886762648987173
2003-03-17,0.05,25.34,250.15,3,-0.12306898291880455
2003-03-18,9.77,24.83,258.71,3,-0.04030148159103409
2003-03-19,19.38,24.05,272.78,3,0.09184166158013292
2003-03-20,38.35,20.21,307.68,3,0.4010828673794141
2003-03-21,14.65,20.03,319.56,3,0.501019588044954
2003-03-22,2.25,21.58,321.37,3,0.5160293992761412
2003-03-23,10.91,21.02,331.32,3,0.5975637393184412
2003-03-24,0.03,15.3,331.10999999999996,3,0.5958596636939839
2003-03-25,0.0,14.79,329.68,3,0.5842367970761276
2003-03-26,0.0,17.35,327.88,3,0.5695594179756857
2003-03-27,0.0,19.47,325.9,3,0.5533529814364293
2003-03-28,0.0,20.91,309.78,3,0.41893155296123
2003-03-29,0.0,21.0,309.49,3,0.41647150247310094
2003-03-30,0.0,21.66,308.94,3,0.4118017028005984
2003-03-31,0.0,22.43,307.22999999999996,3,0.39724768103756447
2003-04-01,0.01,22.08,307.19000000000005,4,0.7013592396609499
2003-04-02,2.79,21.82,309.98,4,0.7236471873409195
2003-04-03,0.0,23.2,309.98,4,0.7236471873409195
2003-04-04,0.0,22.53,309.94,4,0.7233285750788824
2003-04-05,0.0,22.13,293.93,4,0.5935799084682419
2003-04-06,0.01,23.32,292.16999999999996,4,0.5790363229656503
2003-04-07,0.0,23.04,291.83,4,0.5762201423802208
2003-04-08,0.0,22.51,290.21,4,0.5627721928832033
2003-04-09,0.0,23.96,287.54999999999995,4,0.5405835941401266
2003-04-10,0.2,23.43,282.79,4,0.5005383607912073
2003-04-11,2.65,21.61,285.32,4,0.521877648941558
2003-04-12,0.15,22.75,285.46,4,0.5230548368006185
2003-04-13,1.6,21.06,286.98,4,0.5358113565824919
2003-04-14,0.18,20.84,287.16,4,0.5373190517962926
2003-04-15,0.0,19.23,287.13,4,0.5370678124272513
2003-04-16,0.21,20.81,282.7,4,0.49977694502946624
2003-04-17,0.0,18.68,278.28,4,0.46218477663220947
2003-04-18,0.03,18.1,277.47,4,0.45525312749673197
2003-04-19,0.0,20.21,277.32000000000005,4,0.4539680248774346
2003-04-20,0.0,20.78,276.70000000000005,4,0.44865139808207094
2003-04-21,0.0,21.05,273.97,4,0.4251471184770899
2003-04-22,0.0,21.1,272.51000000000005,4,0.4125135642048362
2003-04-23,0.51,21.51,272.36,4,0.4112130662895899
2003-04-24,0.0,21.17,248.65,4,0.19937995543142373
2003-04-25,0.0,21.09,246.06,4,0.1754391203153846
2003-04-26,0.0,20.41,246.02,4,0.17506806443097084
2003-04-27,0.0,20.84,242.55,4,0.14272470200700504
2003-04-28,0.0,20.58,241.64000000000001,4,0.13419170517526538
2003-04-29,0.0,19.72,241.63000000000002,4,0.13409781696865872
2003-04-30,0.0,21.02,241.61,4,0.133910032776247
2003-05-01,0.0,19.64,241.3,5,0.7700161209916079
2003-05-02,0.0,18.88,220.70000000000002,5,0.5807248048289659
2003-05-03,0.0,18.44,215.26000000000002,5,0.5288199705071728
2003-05-04,0.0,18.56,213.95000000000002,5,0.516192420595627
2003-05-05,0.0,15.14,213.34,5,0.5102950694489313
2003-05-06,0.0,15.85,213.23000000000002,5,0.5092304331499634
2003-05-07,0.0,17.2,204.29000000000002,5,0.4214669180723951
2003-05-08,0.0,18.98,198.64000000000001,5,0.36468688174590586
2003-05-09,0.0,19.08,197.61,5,0.3542211467143151
2003-05-10,0.01,19.01,185.02,5,0.2232679429350941
2003-05-11,0.02,15.95,182.96,5,0.2012821662365521
2003-05-12,0.0,10.22,182.38000000000002,5,0.1950622678239211
2003-05-13,0.0,14.87,182.37,5,0.1949549126772794
2003-05-14,0.0,15.02,181.91000000000003,5,0.19001232859699893
2003-05-15,0.0,15.54,181.64000000000001,5,0.1871073653243773
2003-05-16,0.0,15.72,180.93,5,0.179454622482935
2003-05-17,0.0,16.47,174.49,5,0.10910770402402006
2003-05-18,0.0,16.71,164.23000000000002,5,-0.006649179772616831
2003-05-19,0.11,16.06,157.85999999999999,5,-0.0809836195353158
2003-05-20,0.57,16.21,128.97,5,-0.44635668846809706
2003-05-21,0.0,14.88,115.21000000000001,5,-0.6403966889880579
2003-05-22,0.0,16.02,113.89,5,-0.6598373614998546
2003-05-23,0.0,17.67,113.41,5,-0.6669454339394907
2003-05-24,0.0,18.6,113.09,5,-0.6716957536153995
2003-05-25,0.0,17.8,113.06,5,-0.6721415741277244
2003-05-26,0.0,16.8,110.75,5,-0.7067193293560653
2003-05-27,0.0,11.46,110.01,5,-0.7179021137034977
2003-05-28,0.0,13.01,108.75,5,-0.7370641015631181
2003-05-29,0.0,15.01,108.29,5,-0.7440982574786528
2003-05-30,0.0,15.29,107.56,5,-0.7553040077033173
2003-05-31,0.0,15.54,106.96000000000001,5,-0.764553966019965
2003-06-01,0.0,15.5,106.96000000000001,6,0.1998357480023713
2003-06-02,0.0,15.33,106.96000000000001,6,0.1998357480023713
2003-06-03,0.45,16.79,106.91000000000001,6,0.19908300470944898
2003-06-04,48.21,13.97,154.87,6,0.8347996268370961
2003-06-05,0.31,13.07,155.16,6,0.8382202671998796
2003-06-06,3.68,13.2,157.60000000000002,6,0.8668385168911651
2003-06-07,0.87,12.87,157.98000000000002,6,0.8712696443474582
2003-06-08,0.53,13.97,158.49,6,0.8772058832065174
2003-06-09,0.12,14.03,158.61,6,0.8786008529984968
2003-06-10,0.29,9.81,158.9,6,0.8819692205974414
2003-06-11,0.0,10.87,158.9,6,0.8819692205974414
2003-06-12,0.23,10.96,159.13,6,0.8846378651841744
2003-06-13,0.0,12.95,159.13,6,0.8846378651841744
2003-06-14,0.0,12.41,159.13,6,0.8846378651841744
2003-06-15,0.0,12.59,159.08,6,0.8840579368546727
2003-06-16,0.0,11.42,149.31,6,0.7684000667887938
2003-06-17,0.0,13.32,129.93,6,0.523512713578528
2003-06-18,0.0,11.3,91.58,6,-0.04382680766580671
2003-06-19,0.0,12.15,76.92999999999999,6,-0.303260720077087
2003-06-20,0.0,12.81,74.67999999999999,6,-0.3460327217117288
2003-06-21,0.0,13.09,63.77,6,-0.5671226271910196
2003-06-22,0.0,13.3,63.74,6,-0.5677655770845756
2003-06-23,0.09,13.03,63.83,6,-0.5658373604997757
2003-06-24,0.0,11.73,63.83,6,-0.5658373604997757
2003-06-25,0.0,10.84,63.83,6,-0.5658373604997757
2003-06-26,0.0,10.44,63.83,6,-0.5658373604997757
2003-06-27,0.0,11.21,63.83,6,-0.5658373604997757
2003-06-28,0.0,9.98,63.83,6,-0.5658373604997757
2003-06-29,0.0,10.77,63.83,6,-0.5658373604997757
2003-06-30,0.0,10.99,63.82,6,-0.5660515130386491
2003-07-01,0.0,9.39,61.03,7,0.5782118346512447
2003-07-02,0.0,9.4,61.03,7,0.5782118346512447
2003-07-03,0.0,10.33,61.03,7,0.5782118346512447
2003-07-04,0.0,11.48,61.03,7,0.5782118346512447
2003-07-05,0.0,9.88,61.02,7,0.5780279941820231
2003-07-06,0.0,9.55,61.02,7,0.5780279941820231
2003-07-07,0.0,8.21,61.02,7,0.5780279941820231
2003-07-08,0.0,8.95,61.02,7,0.5780279941820231
2003-07-09,0.0,8.38,60.82,7,0.5743470303277998
2003-07-10,0.0,9.72,58.17,7,0.524806113141452
2003-07-11,0.0,12.66,58.02,7,0.521957919295273
2003-07-12,0.0,11.04,56.42,7,0.49127075922173397
2003-07-13,0.0,11.41,56.24,7,0.48778269262256485
2003-07-14,0.0,11.8,56.24,7,0.48778269262256485
2003-07-15,0.0,11.55,56.03,7,0.4837039517851131
2003-07-16,0.0,12.49,56.03,7,0.4837039517851131
2003-07-17,0.0,13.38,56.0,7,0.4831204507324924
2003-07-18,0.0,14.15,56.0,7,0.4831204507324924
2003-07-19,0.0,13.71,56.0,7,0.4831204507324924
2003-07-20,0.0,14.41,56.0,7,0.4831204507324924
2003-07-21,0.0,11.94,56.0,7,0.4831204507324924
2003-07-22,0.0,12.21,55.49,7,0.4731691749759029
2003-07-23,0.0,13.72,55.49,7,0.4731691749759029
2003-07-24,0.0,12.08,55.49,7,0.4731691749759029
2003-07-25,0.0,14.19,55.49,7,0.4731691749759029
2003-07-26,0.0,16.35,55.49,7,0.4731691749759029
2003-07-27,0.0,15.55,55.49,7,0.4731691749759029
2003-07-28,0.0,15.79,55.49,7,0.4731691749759029
2003-07-29,0.0,15.44,55.49,7,0.4731691749759029
2003-07-30,0.0,13.43,55.49,7,0.4731691749759029
2003-07-31,0.0,13.58,55.49,7,0.4731691749759029
2003-08-01,0.0,12.56,55.49,8,1.4836854789002163
2003-08-02,0.0,14.36,55.49,8,1.4836854789002163
2003-08-03,0.0,13.39,55.49,8,1.4836854789002163
2003-08-04,0.0,14.17,55.49,8,1.4836854789002163
2003-08-05,0.0,15.87,55.49,8,1.4836854789002163
2003-08-06,1.07,12.38,56.56,8,1.5070358573221987
2003-08-07,0.0,12.66,56.56,8,1.5070358573221987
2003-08-08,0.0,12.98,56.550000000000004,8,1.5068188762380654
2003-08-09,0.0,14.28,56.53,8,1.5063848442349554
2003-08-10,0.0,15.76,56.53,8,1.5063848442349554
2003-08-11,1.17,16.38,57.7,8,1.5316208732211534
2003-08-12,0.0,11.6,57.7,8,1.5316208732211534
2003-08-13,0.0,13.15,57.7,8,1.5316208732211534
2003-08-14,0.0,10.38,57.7,8,1.5316208732211534
2003-08-15,0.0,12.53,57.7,8,1.5316208732211534
2003-08-16,0.0,14.13,57.7,8,1.5316208732211534
2003-08-17,0.0,15.37,57.59,8,1.5292615361582969
2003-08-18,0.0,16.8,57.02,8,1.5169919460185717
2003-08-19,0.0,14.18,57.02,8,1.5169919460185717
2003-08-20,0.0,7.14,57.02,8,1.5169919460185717
2003-08-21,0.0,7.41,57.02,8,1.5169919460185717
2003-08-22,0.0,11.02,57.02,8,1.5169919460185717
2003-08-23,0.0,13.81,57.02,8,1.5169919460185717
2003-08-24,0.0,16.17,57.02,8,1.5169919460185717
2003-08-25,0.0,12.02,57.02,8,1.5169919460185717
2003-08-26,0.0,10.35,57.02,8,1.5169919460185717
2003-08-27,0.0,12.42,57.02,8,1.5169919460185717
2003-08-28,0.0,16.77,57.02,8,1.5169919460185717
2003-08-29,0.0,20.0,57.02,8,1.5169919460185717
2003-08-30,0.0,17.67,57.02,8,1.5169919460185717
2003-08-31,0.0,18.21,57.02,8,1.5169919460185717
2003-09-01,0.0,19.6,56.57,9,1.8177908184068108
2003-09-02,0.0,19.76,8.36,9,0.17325917538582247
2003-09-03,0.0,18.78,8.05,9,0.15051704591068873
2003-09-04,0.0,19.76,4.37,9,-0.18362455036768585
2003-09-05,0.01,17.71,3.51,9,-0.28997945714228873
2003-09-06,0.0,15.57,2.98,9,-0.365402198047228
2003-09-07,0.0,16.68,2.86,9,-0.38383103764872445
2003-09-08,0.0,18.96,2.57,9,-0.4308510593755041
2003-09-09,0.0,21.04,2.57,9,-0.4308510593755041
2003-09-10,0.0,16.19,2.34,9,-0.47102564619590925
2003-09-11,0.0,18.27,2.34,9,-0.47102564619590925
2003-09-12,0.4,21.0,2.74,9,-0.4028393904822438
2003-09-13,1.26,22.13,4.0,9,-0.22733201519546017
2003-09-14,0.23,18.16,4.23,9,-0.19983604322990964
2003-09-15,0.2,15.96,4.43,9,-0.17679130408947752
2003-09-16,0.0,17.87,4.43,9,-0.17679130408947752
2003-09-17,0.0,19.31,4.43,9,-0.17679130408947752
2003-09-18,0.06,21.0,4.49,9,-0.17002439298203692
2003-09-19,0.01,22.48,4.5,9,-0.16890291258624995
2003-09-20,0.01,23.59,4.51,9,-0.16778322396755063
2003-09-21,0.0,19.12,4.42,9,-0.1779255285787631
2003-09-22,0.0,17.53,4.42,9,-0.1779255285787631
2003-09-23,0.0,17.97,4.42,9,-0.1779255285787631
2003-09-24,0.0,20.65,4.42,9,-0.1779255285787631
2003-09-25,0.0,23.4,4.42,9,-0.1779255285787631
2003-09-26,0.0,24.24,4.42,9,-0.1779255285787631
2003-09-27,0.0,24.03,4.42,9,-0.1779255285787631
2003-09-28,0.0,23.71,4.42,9,-0.1779255285787631
2003-09-29,0.0,24.28,4.42,9,-0.1779255285787631
2003-09-30,0.0,23.53,4.42,9,-0.1779255285787631
2003-10-01,0.0,25.21,4.42,10,-0.9672513744206104
2003-10-02,0.0,26.47,4.42,10,-0.9672513744206104
2003-10-03,0.0,27.63,4.42,10,-0.9672513744206104
2003-10-04,0.0,27.15,4.42,10,-0.9672513744206104
2003-10-05,0.0,26.36,4.42,10,-0.9672513744206104
2003-10-06,0.0,25.94,4.42,10,-0.9672513744206104
2003-10-07,0.0,24.82,4.42,10,-0.9672513744206104
2003-10-08,0.0,24.84,4.42,10,-0.9672513744206104
2003-10-09,0.05,25.69,4.47,10,-0.9611940233431995
2003-10-10,0.25,27.6,4.720000000000001,10,-0.9316396047383794
2003-10-11,0.0,27.35,4.720000000000001,10,-0.9316396047383794
2003-10-12,0.0,25.77,4.720000000000001,10,-0.9316396047383794
2003-10-13,0.0,26.7,4.720000000000001,10,-0.9316396047383794
2003-10-14,0.0,25.56,4.720000000000001,10,-0.9316396047383794
2003-10-15,0.0,24.55,4.720000000000001,10,-0.9316396047383794
2003-10-16,0.0,26.19,4.720000000000001,10,-0.9316396047383794
2003-10-17,0.0,20.95,4.720000000000001,10,-0.9316396047383794
2003-10-18,0.33,16.97,5.05,10,-0.8943549762527008
2003-10-19,17.58,12.09,22.63,10,0.14034308189038416
2003-10-20,20.82,12.14,43.45,10,0.7636752417151146
2003-10-21,6.49,15.36,49.94,10,0.9160521094641153
2003-10-22,0.23,18.11,50.17,10,0.9212140649676388
2003-10-23,0.0,21.27,50.17,10,0.9212140649676388
2003-10-24,0.02,22.87,50.19,10,0.9216622206463889
2003-10-25,0.18,24.0,50.37,10,0.9256905347208224
2003-10-26,0.0,23.67,50.37,10,0.9256905347208224
2003-10-27,3.38,22.5,53.75,10,0.9996993628354947
2003-10-28,1.37,22.33,55.12,10,1.0288596642266143
2003-10-29,0.12,23.24,55.24,10,1.031392020666694
2003-10-30,0.09,24.33,55.33,10,1.0332890182539451
2003-10-31,1.33,24.6,56.66,10,1.0610991759789614
2003-11-01,0.09,26.56,56.75,11,-0.3282269688525169
2003-11-02,1.0,24.85,57.75,11,-0.3036550300681749
2003-11-03,3.22,23.89,60.97,11,-0.22646678134246304
2003-11-04,1.2,24.65,61.1,11,-0.2234098088458372
2003-11-05,0.56,21.55,61.66,11,-0.21029195937653208
2003-11-06,0.0,21.99,61.66,11,-0.21029195937653208
2003-11-07,0.25,22.25,61.91,11,-0.20446208074335903
2003-11-08,0.0,24.67,61.91,11,-0.20446208074335903
2003-11-09,0.0,27.12,60.739999999999995,11,-0.23188622091694397
2003-11-10,0.28,28.61,61.019999999999996,11,-0.22529049514832147
2003-11-11,2.56,27.34,63.58,11,-0.16592531671443014
2003-11-12,16.62,23.0,80.2,11,0.1846758708767457
2003-11-13,3.65,21.3,83.85,11,0.25497031741748855
2003-11-14,5.97,20.65,89.82,11,0.3656802891004649
2003-11-15,1.21,24.09,91.03,11,0.38751969248267065
2003-11-16,0.05,24.46,91.08,11,0.3884180045418901
2003-11-17,6.4,24.55,97.48,11,0.5008146081397928
2003-11-18,3.16,26.09,100.64,11,0.5545247251220926
2003-11-19,2.32,26.04,102.96,11,0.5932574270906311
2003-11-20,3.38,23.1,106.34,11,0.6486783891899419
2003-11-21,1.17,24.2,107.51,11,0.6675943442189125
2003-11-22,0.1,26.25,107.61,11,0.669204854913153
2003-11-23,4.38,24.46,111.99,11,0.7388100346851247
2003-11-24,1.4,24.36,113.39,11,0.7606843322926402
2003-11-25,0.32,26.7,113.71,11,0.7656595334880384
2003-11-26,0.73,27.84,114.44,11,0.7769753260409251
2003-11-27,3.14,23.32,117.58,11,0.8251227158781923
2003-11-28,1.8,24.82,119.38,11,0.8523489050281938
2003-11-29,0.12,23.78,119.5,11,0.854154526525353
2003-11-30,0.39,21.74,119.89,11,0.8600147227876017
2003-12-01,0.0,24.2,119.89,12,-0.4409868802034281
2003-12-02,0.0,24.69,119.89,12,-0.4409868802034281
2003-12-03,0.04,25.75,119.92999999999999,12,-0.44033986463723224
2003-12-04,0.46,26.34,120.38,12,-0.43307108714463355
2003-12-05,3.19,25.55,123.57,12,-0.38206844824414
2003-12-06,0.0,26.45,123.57,12,-0.38206844824414
2003-12-07,0.02,27.84,123.58999999999999,12,-0.38175153379964105
2003-12-08,0.02,28.32,123.61,12,-0.38143465433723206
2003-12-09,0.0,29.53,123.61,12,-0.38143465433723206
2003-12-10,0.0,28.17,123.61,12,-0.38143465433723206
2003-12-11,0.2,28.67,123.41,12,-0.38460502435665617
2003-12-12,0.02,28.72,122.17,12,-0.40433999111771163
2003-12-13,0.02,28.95,121.96000000000001,12,-0.4076957259537673
2003-12-14,0.0,28.67,121.76,12,-0.4108953344928004
2003-12-15,0.0,29.4,121.76,12,-0.4108953344928004
2003-12-16,0.21,28.84,121.97,12,-0.40753583962078826
2003-12-17,8.15,28.61,130.06,12,-0.2810114051010727
2003-12-18,1.39,28.85,131.44,12,-0.2599675701078261
2003-12-19,0.95,29.15,132.38,12,-0.24571907508753743
2003-12-20,0.78,29.65,133.16,12,-0.23394785976885554
2003-12-21,0.2,29.33,133.35999999999999,12,-0.2309371324782757
2003-12-22,12.42,27.3,145.78,12,-0.04966077247274031
2003-12-23,5.45,22.92,151.23,12,0.02660458873949486
2003-12-24,0.17,24.72,151.4,12,0.028953614949188033
2003-12-25,3.57,23.96,154.97,12,0.07788006720805228
2003-12-26,0.53,25.56,155.5,12,0.08507911430419754
2003-12-27,1.86,23.56,157.35999999999999,12,0.11021459918538117
2003-12-28,1.73,22.77,159.09,12,0.13341569017916483
2003-12-29,0.06,24.91,159.15,12,0.13421732220503818
2003-12-30,0.71,26.15,159.85999999999999,12,0.1436880183814954
2003-12-31,1.08,27.86,160.94,12,0.15804046993435292
2004-01-01,0.31,27.99,161.25,1,-1.2183785266383875
2004-01-02,1.6,27.59,162.85,1,-1.1870523089019085
2004-01-03,4.68,25.21,167.53,1,-1.09662167839645
2004-01-04,4.97,23.53,172.5,1,-1.0024668557105814
2004-01-05,0.45,24.97,172.95,1,-0.9940340244796766
2004-01-06,0.0,25.34,172.95,1,-0.9940340244796766
2004-01-07,0.01,26.78,172.91,1,-0.994783000575878
2004-01-08,0.57,27.03,173.23000000000002,1,-0.9887945102236683
2004-01-09,2.95,26.59,176.18,1,-0.933941501219859
2004-01-10,0.24,27.96,176.42000000000002,1,-0.9295066002010893
2004-01-11,1.31,28.36,177.73000000000002,1,-0.9053718405056669
2004-01-12,0.1,27.95,177.83,1,-0.9035344930261044
2004-01-13,0.03,28.78,177.86,1,-0.9029834264364166
2004-01-14,0.04,29.73,177.9,1,-0.9022487697565315
2004-01-15,1.03,28.56,178.93,1,-0.883370097046503
2004-01-16,0.42,26.59,179.02,1,-0.8817240336871459
2004-01-17,22.91,21.02,184.35000000000002,1,-0.7852309743394098
2004-01-18,6.56,20.24,170.09,1,-1.0478877498767876
2004-01-19,12.71,19.58,176.31,1,-0.931538750808204
2004-01-20,10.07,20.53,186.14999999999998,1,-0.7530740922952742
2004-01-21,3.16,21.8,189.31,1,-0.6971289534496833
2004-01-22,10.83,21.14,200.12,1,-0.5104105607548737
2004-01-23,1.28,23.25,201.22,1,-0.491797056511148
2004-01-24,0.09,24.96,201.31,1,-0.4902771818766323
2004-01-25,0.0,26.72,197.93,1,-0.547675483146378
2004-01-26,1.06,27.8,197.62,1,-0.552972943057121
2004-01-27,1.31,27.44,198.81,1,-0.5326680750810125
2004-01-28,1.76,28.08,200.48,1,-0.5043112673777457
2004-01-29,9.21,25.14,208.36,1,-0.37261949580057857
2004-01-30,4.93,24.13,213.20000000000002,1,-0.2933907185302532
2004-01-31,0.84,24.97,213.04000000000002,1,-0.2959903877749117
2004-02-01,0.04,27.52,209.86,2,-0.8044597456311899
2004-02-02,1.83,27.59,210.48999999999998,2,-0.7953394042219897
2004-02-03,0.78,26.57,210.70999999999998,2,-0.7921589136963233
2004-02-04,0.04,27.06,210.75,2,-0.7915808862674684
2004-02-05,0.03,25.76,210.53,2,-0.7947609644842065
2004-02-06,5.39,25.22,215.92,2,-0.717492287404395
2004-02-07,0.95,25.18,216.86999999999998,2,-0.7040102097025145
2004-02-08,10.67,23.01,227.26,2,-0.5591152629751459
2004-02-09,3.06,21.98,227.76000000000002,2,-0.5522569474464137
2004-02-10,2.88,22.67,214.02,2,-0.7445781702110993
2004-02-11,0.52,23.79,210.89000000000001,2,-0.7895583798102372
2004-02-12,1.44,25.01,206.36,2,-0.8554718872456242
2004-02-13,7.88,24.29,213.03,2,-0.758756336801871
2004-02-14,10.75,23.33,223.73,2,-0.6078287114915709
2004-02-15,2.03,23.79,219.36,2,-0.6688627546824878
2004-02-16,2.28,23.98,218.48000000000002,2,-0.6812531710980749
2004-02-17,1.09,24.19,217.25,2,-0.6986286402568673
2004-02-18,2.67,23.98,216.54,2,-0.7086888899326488
2004-02-19,0.57,23.05,215.94,2,-0.717208038255679
2004-02-20,1.48,23.46,217.32000000000002,2,-0.6976379977575496
2004-02-21,0.54,24.02,213.48,2,-0.7523061582766978
2004-02-22,2.34,23.45,214.42000000000002,2,-0.7388623007884372
2004-02-23,6.04,21.52,220.14,2,-0.6579085803605341
2004-02-24,34.04,21.52,253.45,2,-0.2127798146942758
2004-02-25,12.32,22.29,262.63,2,-0.0971100704121717
2004-02-26,14.12,20.81,274.95,2,0.05394279390032317
2004-02-27,8.01,21.39,282.84,2,0.14831935279021627
2004-02-28,0.88,23.74,283.33,2,0.1541223310669859
2004-02-29,1.28,24.52,284.61,2,0.16924967101720956
2004-03-01,1.03,24.1,285.64,3,0.20869460706240148
2004-03-02,1.52,23.61,287.12,3,0.22191622731918123
2004-03-03,4.42,23.08,291.08,3,0.2570716424786758
2004-03-04,2.49,22.9,290.38,3,0.2508805256410687
2004-03-05,17.58,22.01,307.96000000000004,3,0.40346733450948546
2004-03-06,8.45,18.11,316.39,3,0.47459612746290253
2004-03-07,3.0,19.1,319.37,3,0.4994407271535799
2004-03-08,0.3,21.64,319.66999999999996,3,0.5019333826995176
2004-03-09,0.93,23.8,320.59999999999997,3,0.509650833853446
2004-03-10,7.11,24.11,327.51,3,0.5665358417934416
2004-03-11,3.91,24.59,331.40000000000003,3,0.598212724351924
2004-03-12,4.69,22.75,336.07,3,0.6359203137898382
2004-03-13,8.45,19.63,344.52,3,0.7032849478323656
2004-03-14,2.21,18.18,346.72999999999996,3,0.7207244780568985
2004-03-15,0.91,18.79,347.43,3,0.7262331361071168
2004-03-16,0.62,20.31,339.9,3,0.6665895747989193
2004-03-17,0.94,21.97,339.45,3,0.6629979233326615
2004-03-18,2.07,21.82,340.57,3,0.6719313744327399
2004-03-19,3.25,21.34,343.04,3,0.6915650010876313
2004-03-20,0.56,22.1,343.4,3,0.6944188418814237
2004-03-21,1.34,22.2,332.32,3,0.6056686669342018
2004-03-22,2.8,21.96,329.66999999999996,3,0.5841554017597481
2004-03-23,4.42,22.26,333.92,3,0.6186033033189854
2004-03-24,13.92,21.63,344.27000000000004,3,0.7013075443880386
2004-03-25,0.03,21.71,343.77,3,0.6973499150157327
2004-03-26,0.0,20.1,341.90999999999997,3,0.6825943489410454
2004-03-27,0.56,20.94,340.74,3,0.6732856607579819
2004-03-28,0.38,21.03,341.06,3,0.6758337048903106
2004-03-29,0.44,21.54,340.78999999999996,3,0.6736838959928496
2004-03-30,2.93,21.59,342.64,3,0.6883917653012763
2004-03-31,3.82,21.07,346.15,3,0.7161546458221235
2004-04-01,6.68,20.92,351.23,4,1.0389291263006575
2004-04-02,0.22,18.37,346.77000000000004,4,1.0060401156800598
2004-04-03,0.69,19.99,342.49,4,0.9742200715678431
2004-04-04,0.62,20.63,342.65999999999997,4,0.9754888475687039
2004-04-05,1.54,21.53,344.2,4,0.9869639338225478
2004-04-06,12.13,21.9,356.32,4,1.0761357075151017
2004-04-07,2.64,21.29,358.39,4,1.0911686896221577
2004-04-08,0.94,21.41,356.38,4,1.0765722383636287
2004-04-09,0.01,21.95,356.15000000000003,4,1.0748986123270268
2004-04-10,0.0,17.98,354.84000000000003,4,1.0653528879999368
2004-04-11,0.0,16.84,354.74,4,1.064623272432847
2004-04-12,0.0,18.33,354.71000000000004,4,1.0644043618593129
2004-04-13,0.0,17.21,354.67,4,1.0641124624921408
2004-04-14,0.22,17.78,353.85999999999996,4,1.0581969195373642
2004-04-15,0.0,19.52,353.44,4,1.0551261567751473
2004-04-16,0.0,19.52,330.53,4,0.8839129313573942
2004-04-17,0.0,17.21,323.96999999999997,4,0.8334760053026571
2004-04-18,0.0,18.21,311.26,4,0.7338286307525217
2004-04-19,2.46,20.41,303.65000000000003,4,0.6728885647333158
2004-04-20,10.97,20.22,311.46,4,0.7354170095524025
2004-04-21,0.12,19.24,300.75,4,0.6494028369540426
2004-04-22,0.0,17.67,299.46999999999997,4,0.6389895360113795
2004-04-23,0.0,18.09,299.38,4,0.6382562543948054
2004-04-24,0.27,18.59,299.65,4,0.6404556661691275
2004-04-25,0.03,20.23,298.62,4,0.6320583304966546
2004-04-26,0.0,19.54,297.31,4,0.6213507527666112
2004-04-27,0.0,18.35,295.55,4,0.6069161890916314
2004-04-28,0.0,18.61,286.34000000000003,4,0.5304456202429841
2004-04-29,0.0,17.65,281.41,4,0.48884573406248116
2004-04-30,0.0,18.8,280.57,4,0.48170998114123476
2004-05-01,0.0,20.35,280.53000000000003,5,1.1033013911597267
2004-05-02,0.0,19.65,278.7,5,1.0884482420280617
2004-05-03,0.0,17.88,277.92,5,1.0820983404885087
2004-05-04,0.0,18.43,277.88,5,1.0817723958848073
2004-05-05,0.0,18.6,277.85,5,1.081527917637547
2004-05-06,0.0,17.54,272.46,5,1.037324798904919
2004-05-07,0.0,16.2,271.51,5,1.0294757006466722
2004-05-08,0.0,18.08,260.84000000000003,5,0.9400756080474466
2004-05-09,0.0,17.61,257.78000000000003,5,0.9140023364599384
2004-05-10,0.0,17.39,254.9,5,0.8892792247346173
2004-05-11,0.0,17.3,254.38,5,0.8847960816804188
2004-05-12,0.0,17.09,252.94,5,0.8723501585472572
2004-05-13,0.0,17.25,245.06,5,0.8034164036702364
2004-05-14,0.0,18.5,234.31,5,0.7070118409623419
2004-05-15,0.0,17.75,232.28,5,0.6884852879664575
2004-05-16,0.0,18.13,230.0,5,0.6675506765343615
2004-05-17,2.31,16.73,231.21999999999997,5,0.6787693012169805
2004-05-18,0.0,16.89,228.54999999999998,5,0.6541663834129775
2004-05-19,0.09,17.66,228.07,5,0.6497234964982438
2004-05-20,0.01,17.49,226.6,5,0.6360790022093962
2004-05-21,0.0,16.96,226.06,5,0.6310522002624941
2004-05-22,0.0,16.89,223.72,5,0.6091781079270064
2004-05-23,0.0,17.1,217.68,5,0.5520150609761801
2004-05-24,0.0,16.57,183.64000000000001,5,0.2085577531204484
2004-05-25,0.0,15.48,171.32,5,0.07384149982460118
2004-05-26,0.0,15.04,157.20000000000002,5,-0.08880031759213401
2004-05-27,0.0,13.59,149.19,5,-0.18548527220726094
2004-05-28,0.0,14.41,148.31,5,-0.196319858797894
2004-05-29,0.0,14.4,147.03,5,-0.21215738803300344
2004-05-30,0.0,11.98,146.0,5,-0.22496974625847677
2004-05-31,0.0,12.98,144.48000000000002,5,-0.24398995613364063
2004-06-01,0.0,13.74,140.06,6,0.6542808155049479
2004-06-02,0.0,11.4,137.57000000000002,6,0.6227263345944337
2004-06-03,0.0,11.43,119.99,6,0.38851644522062484
2004-06-04,0.0,10.28,111.53999999999999,6,0.2678145837445569
2004-06-05,0.0,11.21,108.53999999999999,6,0.22350242305461399
2004-06-06,0.0,12.09,108.24,6,0.21902651602957487
2004-06-07,0.0,13.05,107.31,6,0.205098383380216
2004-06-08,0.0,9.28,100.19999999999999,6,0.09585042439994511
2004-06-09,0.0,7.81,96.28999999999999,6,0.03354019432457709
2004-06-10,0.0,8.25,91.6,6,-0.0434926637627671
2004-06-11,0.0,9.73,83.14999999999999,6,-0.18932025959191895
2004-06-12,0.0,11.4,80.94,6,-0.22911392698770416
2004-06-13,0.0,14.21,80.03,6,-0.2457155669440408
2004-06-14,0.0,14.33,79.41,6,-0.2571007359398047
2004-06-15,0.0,12.09,78.47,6,-0.27447888030294804
2004-06-16,0.0,13.3,76.39999999999999,6,-0.3132576365261504
2004-06-17,0.0,13.21,73.14999999999999,6,-0.3756271095191035
2004-06-18,0.0,12.52,72.58999999999999,6,-0.38656574612442296
2004-06-19,0.0,13.54,71.25,6,-0.41297900584197644
2004-06-20,0.0,12.67,68.44999999999999,6,-0.4693009689598107
2004-06-21,0.14,12.43,64.17,6,-0.5585700636425023
2004-06-22,0.0,13.6,50.25000000000001,6,-0.8814477237958217
2004-06-23,0.0,14.03,50.220000000000006,6,-0.8822083101085131
2004-06-24,0.0,13.22,50.220000000000006,6,-0.8822083101085131
2004-06-25,0.0,11.35,49.660000000000004,6,-0.8964656872620336
2004-06-26,0.0,12.33,49.28,6,-0.9062057068550314
2004-06-27,0.0,14.76,48.84,6,-0.9175507637527534
2004-06-28,0.43,15.21,46.34,6,-0.9834365929705707
2004-06-29,0.74,15.8,43.26,6,-1.0682094399670963
2004-06-30,0.5,16.25,37.08,6,-1.2524294394999713
2004-07-01,0.05,17.13,36.910000000000004,7,0.05893114390638108
2004-07-02,0.15,17.31,36.370000000000005,7,0.04495226248827974
2004-07-03,0.01,15.35,35.76,7,0.028988736146863148
2004-07-04,0.0,13.4,34.22,7,-0.01216434637920618
2004-07-05,1.55,12.14,23.639999999999997,7,-0.3371101248101429
2004-07-06,0.0,11.88,21.0,7,-0.43394227627588644
2004-07-07,0.0,8.97,20.06,7,-0.4705329773912753
2004-07-08,0.0,9.19,20.049999999999997,7,-0.47092883213259384
2004-07-09,0.0,10.44,20.049999999999997,7,-0.47092883213259384
2004-07-10,0.0,11.64,20.049999999999997,7,-0.47092883213259384
2004-07-11,0.0,11.64,20.049999999999997,7,-0.47092883213259384
2004-07-12,0.0,11.62,20.049999999999997,7,-0.47092883213259384
2004-07-13,0.0,9.51,19.83,7,-0.47967398354379825
2004-07-14,0.0,7.03,19.83,7,-0.47967398354379825
2004-07-15,0.0,7.9,19.83,7,-0.47967398354379825
2004-07-16,0.0,10.84,19.83,7,-0.47967398354379825
2004-07-17,0.0,13.51,19.83,7,-0.47967398354379825
2004-07-18,0.0,12.52,17.369999999999997,7,-0.5826195307371564
2004-07-19,0.0,11.22,6.4,7,-1.2570506816067195
2004-07-20,0.0,11.88,6.28,7,-1.2683889455496893
2004-07-21,0.0,13.67,6.28,7,-1.2683889455496893
2004-07-22,0.0,13.23,6.28,7,-1.2683889455496893
2004-07-23,0.0,15.14,6.010000000000001,7,-1.2945373197055836
2004-07-24,0.0,14.49,5.98,7,-1.2974994938199325
2004-07-25,0.0,15.68,5.98,7,-1.2974994938199325
2004-07-26,0.0,10.58,5.98,7,-1.2974994938199325
2004-07-27,0.0,8.72,5.98,7,-1.2974994938199325
2004-07-28,0.0,8.56,5.98,7,-1.2974994938199325
2004-07-29,0.0,10.19,5.98,7,-1.2974994938199325
2004-07-30,0.0,13.72,5.98,7,-1.2974994938199325
2004-07-31,0.0,9.84,5.98,7,-1.2974994938199325
2004-08-01,0.0,9.61,5.98,8,-0.39907010652690866
2004-08-02,0.0,13.11,5.98,8,-0.39907010652690866
2004-08-03,0.0,15.86,5.98,8,-0.39907010652690866
2004-08-04,0.0,16.74,5.98,8,-0.39907010652690866
2004-08-05,0.0,17.36,5.98,8,-0.39907010652690866
2004-08-06,0.0,17.67,5.98,8,-0.39907010652690866
2004-08-07,0.0,17.72,5.98,8,-0.39907010652690866
2004-08-08,0.0,17.19,5.98,8,-0.39907010652690866
2004-08-09,0.0,16.57,5.98,8,-0.39907010652690866
2004-08-10,0.0,17.29,5.98,8,-0.39907010652690866
2004-08-11,0.0,13.51,5.98,8,-0.39907010652690866
2004-08-12,0.0,13.65,5.98,8,-0.39907010652690866
2004-08-13,0.0,16.94,5.98,8,-0.39907010652690866
2004-08-14,0.0,17.9,5.98,8,-0.39907010652690866
2004-08-15,0.0,17.23,3.67,8,-0.6706494171540263
2004-08-16,0.0,13.69,3.67,8,-0.6706494171540263
2004-08-17,0.0,13.74,3.58,8,-0.6836351170079262
2004-08-18,0.0,15.79,3.5700000000000003,8,-0.6850934629725821
2004-08-19,0.0,17.2,3.5700000000000003,8,-0.6850934629725821
2004-08-20,0.0,17.69,3.5700000000000003,8,-0.6850934629725821
2004-08-21,0.0,18.21,3.5700000000000003,8,-0.6850934629725821
2004-08-22,0.0,19.76,3.5700000000000003,8,-0.6850934629725821
2004-08-23,0.0,20.77,3.5700000000000003,8,-0.6850934629725821
2004-08-24,0.0,20.99,3.5700000000000003,8,-0.6850934629725821
2004-08-25,0.04,21.11,3.61,8,-0.6792788571463175
2004-08-26,0.02,19.08,3.63,8,-0.6763901730852576
2004-08-27,0.0,17.52,3.63,8,-0.6763901730852576
2004-08-28,0.0,17.27,3.63,8,-0.6763901730852576
2004-08-29,0.0,17.79,3.63,8,-0.6763901730852576
2004-08-30,0.0,17.97,3.63,8,-0.6763901730852576
2004-08-31,0.0,19.25,3.63,8,-0.6763901730852576
2004-09-01,0.0,21.17,3.63,9,-0.2740759286147114
2004-09-02,0.0,17.62,3.63,9,-0.2740759286147114
2004-09-03,0.0,14.99,3.63,9,-0.2740759286147114
2004-09-04,0.0,15.52,3.63,9,-0.2740759286147114
2004-09-05,0.0,18.01,3.63,9,-0.2740759286147114
2004-09-06,0.0,15.88,3.63,9,-0.2740759286147114
2004-09-07,0.0,13.01,3.63,9,-0.2740759286147114
2004-09-08,0.0,16.26,3.63,9,-0.2740759286147114
2004-09-09,0.0,17.3,3.63,9,-0.2740759286147114
2004-09-10,0.0,17.07,3.63,9,-0.2740759286147114
2004-09-11,0.0,18.93,3.63,9,-0.2740759286147114
2004-09-12,0.0,21.23,3.63,9,-0.2740759286147114
2004-09-13,0.0,21.33,3.63,9,-0.2740759286147114
2004-09-14,0.0,19.82,3.63,9,-0.2740759286147114
2004-09-15,0.0,19.46,3.63,9,-0.2740759286147114
2004-09-16,0.0,21.59,3.63,9,-0.2740759286147114
2004-09-17,0.0,23.64,3.63,9,-0.2740759286147114
2004-09-18,0.0,22.28,3.63,9,-0.2740759286147114
2004-09-19,0.0,15.49,3.4899999999999998,9,-0.2926684611648291
2004-09-20,0.0,15.71,3.4899999999999998,9,-0.2926684611648291
2004-09-21,0.0,16.94,3.4899999999999998,9,-0.2926684611648291
2004-09-22,0.0,19.13,3.4899999999999998,9,-0.2926684611648291
2004-09-23,2.59,22.44,6.08,9,-0.010458329401064954
2004-09-24,0.02,22.93,6.1,9,-0.008651853794367904
2004-09-25,2.92,19.29,9.02,9,0.21981013125538754
2004-09-26,0.0,15.94,8.59,9,0.18975929484811838
2004-09-27,0.0,18.11,7.85,9,0.1355216203652499
2004-09-28,0.0,18.32,7.35,9,0.09683731315317257
2004-09-29,0.0,19.77,7.3,9,0.09286934399692995
2004-09-30,0.0,20.54,7.1499999999999995,9,0.08085066970116411
2004-10-01,0.0,22.09,7.14,10,-0.6925642863478878
2004-10-02,0.0,22.48,7.14,10,-0.6925642863478878
2004-10-03,0.0,23.06,5.59,10,-0.8370577179733978
2004-10-04,0.0,24.83,5.59,10,-0.8370577179733978
2004-10-05,0.0,25.45,5.59,10,-0.8370577179733978
2004-10-06,0.0,25.98,5.59,10,-0.8370577179733978
2004-10-07,0.0,22.38,5.59,10,-0.8370577179733978
2004-10-08,0.0,17.04,5.59,10,-0.8370577179733978
2004-10-09,0.0,17.49,5.59,10,-0.8370577179733978
2004-10-10,0.23,20.56,5.82,10,-0.8138910866071768
2004-10-11,29.05,19.86,34.870000000000005,10,0.537776057971002
2004-10-12,2.64,16.89,37.51,10,0.6107949765843672
2004-10-13,0.74,16.95,38.25,10,0.630658336390141
2004-10-14,0.04,20.16,38.29,10,0.6317248908715132
2004-10-15,0.0,21.55,38.29,10,0.6317248908715132
2004-10-16,0.0,22.66,38.29,10,0.6317248908715132
2004-10-17,0.0,24.66,38.29,10,0.6317248908715132
2004-10-18,0.03,25.43,38.32,10,0.6325243320063572
2004-10-19,1.32,24.06,39.64,10,0.667305163868932
2004-10-20,0.0,24.34,39.64,10,0.667305163868932
2004-10-21,0.06,24.81,39.7,10,0.6688681563162201
2004-10-22,0.06,25.78,39.76,10,0.6704296203414164
2004-10-23,0.06,25.67,39.82,10,0.6719895599417753
2004-10-24,0.02,27.02,39.84,10,0.6725092017359636
2004-10-25,0.69,26.08,40.53,10,0.6903344729888564
2004-10-26,0.31,26.09,40.84,10,0.6982790903377095
2004-10-27,36.12,20.99,76.96000000000001,10,1.442874448360499
2004-10-28,0.31,21.7,77.27,10,1.4481905557710426
2004-10-29,0.0,24.18,77.27,10,1.4481905557710426
2004-10-30,0.0,21.94,77.27,10,1.4481905557710426
2004-10-31,0.0,19.44,77.27,10,1.4481905557710426
2004-11-01,0.0,20.56,77.27,11,0.1266839468051659
2004-11-02,0.0,22.32,77.27,11,0.1266839468051659
2004-11-03,0.0,23.65,77.27,11,0.1266839468051659
2004-11-04,0.03,22.94,77.3,11,0.12728512315470072
2004-11-05,0.0,24.32,77.3,11,0.12728512315470072
2004-11-06,0.02,25.24,77.32000000000001,11,0.12768582045365184
2004-11-07,0.18,24.59,77.5,11,0.13128897196295797
2004-11-08,0.52,24.97,78.02,11,0.14166665858070956
2004-11-09,2.45,26.15,80.47,11,0.18994803351280543
2004-11-10,0.01,28.17,80.48,11,0.19014307155759666
2004-11-11,1.55,28.05,82.03,11,0.22018030942677838
2004-11-12,1.02,27.22,83.05,11,0.23974064459486752
2004-11-13,1.13,25.48,84.18,11,0.2612243618402497
2004-11-14,0.52,25.44,84.7,11,0.2710461811517353
2004-11-15,3.56,24.88,88.26,11,0.33723430969702195
2004-11-16,0.02,25.8,88.28,11,0.3376011017160468
2004-11-17,0.0,26.42,88.28,11,0.3376011017160468
2004-11-18,0.61,27.99,88.89,11,0.34876189638600125
2004-11-19,0.45,27.82,89.34,11,0.3569627800400933
2004-11-20,0.17,28.77,89.51,11,0.36005377029745295
2004-11-21,0.69,28.13,90.2,11,0.37255980189622034
2004-11-22,0.02,25.83,90.22,11,0.37292134971502927
2004-11-23,0.0,24.58,90.17999999999999,11,0.3721982010210129
2004-11-24,0.0,24.48,90.16,11,0.3718365470688298
2004-11-25,0.01,26.73,90.17,11,0.37201738068082985
2004-11-26,0.16,28.82,90.33,11,0.374908915253801
2004-11-27,0.94,29.5,91.27,11,0.3918286197181118
2004-11-28,3.55,27.69,94.82,11,0.4547087211154242
2004-11-29,4.53,25.9,99.35,11,0.5327343821053108
2004-11-30,2.63,26.29,101.98,11,0.5769666448288433
2004-12-01,3.6,26.11,105.58,12,-0.6826574315124635
2004-12-02,2.95,22.1,108.53,12,-0.6310710235594318
2004-12-03,6.3,24.97,114.83,12,-0.5240553420552625
2004-12-04,5.45,24.64,120.28,12,-0.43468476337713
2004-12-05,3.26,25.37,123.53999999999999,12,-0.38254388552418905
2004-12-06,14.08,24.87,137.62,12,-0.16752236425034575
2004-12-07,8.92,24.31,146.54,12,-0.038911924473871914
2004-12-08,2.75,24.46,149.29,12,-0.0003282607757023595
2004-12-09,6.22,22.9,155.51,12,0.0852147874743237
2004-12-10,0.88,24.07,156.39,12,0.09713124591182022
2004-12-11,0.69,25.98,157.07999999999998,12,0.10644350902971884
2004-12-12,1.66,24.24,158.74,12,0.12873547535462543
2004-12-13,0.44,24.97,159.18,12,0.13461806255214737
2004-12-14,0.38,27.15,159.56,12,0.13968974827127353
2004-12-15,1.84,26.46,161.4,12,0.16413404211812618
2004-12-16,3.07,25.29,164.47,12,0.2045084844790435
2004-12-17,10.22,24.12,174.69,12,0.335408625352861
2004-12-18,2.61,26.36,177.3,12,0.36801980960991765
2004-12-19,14.71,25.36,192.01,12,0.5461287757268312
2004-12-20,3.86,22.92,195.87,12,0.5913684865080991
2004-12-21,2.46,24.19,198.32999999999998,12,0.6198955980253525
2004-12-22,0.26,25.48,196.0,12,0.5928818774181576
2004-12-23,13.09,24.77,209.07000000000002,12,0.7417991789816861
2004-12-24,14.11,22.65,220.26,12,0.8645397431900312
2004-12-25,3.21,24.71,223.47,12,0.8989985453565957
2004-12-26,0.37,26.86,223.84,12,0.9029497413084331
2004-12-27,1.39,27.69,225.23,12,0.9177556986480834
2004-12-28,7.28,26.75,232.51,12,0.9943493760076617
2004-12-29,2.66,25.57,235.17,12,1.0219482728609055
2004-12-30,0.13,27.38,235.29999999999998,12,1.0232919109118501
2004-12-31,1.76,29.81,237.06,12,1.0414357221422688
2005-01-01,1.42,28.29,238.48,1,0.10192137018574551
2005-01-02,1.3,27.92,239.78,1,0.12147599938296072
2005-01-03,1.95,28.45,241.73,1,0.15067593280040464
2005-01-04,0.04,28.4,241.77,1,0.15127326091616808
2005-01-05,0.45,28.42,242.22,1,0.15798867255673116
2005-01-06,0.06,28.93,242.28,1,0.15888343300211033
2005-01-07,4.78,29.42,247.06,1,0.2296973500487737
2005-01-08,3.73,27.35,250.56,1,0.2809729669614947
2005-01-09,2.6,27.23,224.10999999999999,1,-0.11913361373980141
2005-01-10,2.23,25.06,223.70000000000002,1,-0.12557803484425425
2005-01-11,0.66,26.19,223.62,1,-0.1268364056606257
2005-01-12,1.78,26.64,225.36,1,-0.09953461442092716
2005-01-13,6.08,26.38,231.44,1,-0.005228848395880466
2005-01-14,4.67,25.92,236.11,1,0.06608809578637301
2005-01-15,1.04,25.65,237.15,1,0.08184180091066738
2005-01-16,21.32,22.67,258.44,1,0.39470116110687087
2005-01-17,5.99,22.56,263.11,1,0.46102035301756283
2005-01-18,7.17,23.84,270.28000000000003,1,0.5613445309034665
2005-01-19,5.52,23.37,275.74,1,0.6365703391813552
2005-01-20,7.61,21.27,283.29,1,0.7389925927736266
2005-01-21,13.84,20.67,297.07,1,0.9214021326800292
2005-01-22,7.31,23.95,304.36,1,1.0156672322088376
2005-01-23,4.45,26.2,308.11999999999995,1,1.0637109943657979
2005-01-24,0.63,25.16,308.44,1,1.0677821189326149
2005-01-25,0.0,25.53,272.32,1,0.5895670808058316
2005-01-26,0.0,27.5,272.01,1,0.5852873635911379
2005-01-27,1.86,25.53,273.87,1,0.6109176357002005
2005-01-28,1.79,27.07,275.66,1,0.6354752475431218
2005-01-29,1.61,27.22,277.27000000000004,1,0.6574738273699525
2005-01-30,2.68,25.3,279.95000000000005,1,0.6939068780877817
2005-01-31,0.78,25.03,280.73,1,0.7044673948111346
2005-02-01,0.43,26.2,281.16,2,0.1283724425426189
2005-02-02,0.53,26.69,281.65999999999997,2,0.1343173028051921
2005-02-03,0.03,26.26,281.69,2,0.13467377075512457
2005-02-04,0.0,27.27,281.67,2,0.13443612826560503
2005-02-05,0.39,26.86,281.88,2,0.13693081397939696
2005-02-06,0.48,25.35,281.84000000000003,2,0.13645573122976326
2005-02-07,0.0,25.09,279.39,2,0.10727084642573631
2005-02-08,0.09,26.4,279.46999999999997,2,0.10822651058611549
2005-02-09,0.41,27.36,278.33,2,0.09459103662154732
2005-02-10,1.48,27.23,278.78999999999996,2,0.10009754333454686
2005-02-11,0.32,28.43,277.98,2,0.09039723624272372
2005-02-12,2.16,24.53,279.62,2,0.1100178894480029
2005-02-13,0.31,22.94,276.37,2,0.07106025430322599
2005-02-14,0.13,25.52,276.48,2,0.07238380295555366
2005-02-15,6.64,25.34,283.12,2,0.15163615938753683
2005-02-16,6.6,24.15,289.11,2,0.2220751429841059
2005-02-17,1.04,24.78,289.70000000000005,2,0.2289605086969243
2005-02-18,0.16,26.62,289.69,2,0.22884388526974864
2005-02-19,8.41,24.2,297.41,2,0.31809300648611427
2005-02-20,6.44,22.3,303.83,2,0.3911499597738398
2005-02-21,7.23,23.45,311.05999999999995,2,0.4722111674352603
2005-02-22,3.19,24.57,314.25,2,0.5075810122148247
2005-02-23,0.08,25.19,314.32,2,0.5083544890654409
2005-02-24,1.53,25.16,315.69,2,0.523469702962333
2005-02-25,2.09,25.64,316.84000000000003,2,0.5361242747392955
2005-02-26,1.54,25.97,314.83,2,0.5139863914012349
2005-02-27,1.53,25.4,311.83,2,0.48077056986471095
2005-02-28,1.44,25.36,310.64,2,0.4675365013433281
2005-03-01,0.17,25.22,307.21000000000004,3,0.3970771421432736
2005-03-02,0.09,25.52,304.35,3,0.372614095767831
2005-03-03,1.33,24.69,299.38,3,0.3297387049532505
2005-03-04,0.7,23.51,294.63000000000005,3,0.288318196013789
2005-03-05,0.34,24.07,291.71,3,0.26263519862578316
2005-03-06,0.44,24.23,278.07,3,0.140344864557717
2005-03-07,0.01,24.48,269.15999999999997,3,0.05828735210840446
2005-03-08,0.69,25.31,267.09999999999997,3,0.039058058416079525
2005-03-09,0.11,26.67,260.99,3,-0.018566752519571978
2005-03-10,1.66,27.08,261.77000000000004,3,-0.011160419296847527
2005-03-11,0.11,24.24,261.19,3,-0.016666279923741884
2005-03-12,0.19,22.9,259.71999999999997,3,-0.03065759576576035
2005-03-13,0.78,23.05,260.06,3,-0.027416798441147153
2005-03-14,17.72,23.36,277.4,3,0.1342359739878965
2005-03-15,4.73,22.65,280.29,3,0.1605164155046338
2005-03-16,8.25,20.68,285.47,3,0.20717299229848243
2005-03-17,0.83,21.54,276.08,3,0.12217169640781078
2005-03-18,1.82,22.11,275.28999999999996,3,0.11493299299301907
2005-03-19,0.93,21.9,261.51,3,-0.013627551579584002
2005-03-20,0.43,22.25,258.08,3,-0.04632977076743884
2005-03-21,1.35,20.7,256.97,3,-0.056975111748219495
2005-03-22,9.53,20.02,266.24,3,0.031000939464186278
2005-03-23,9.39,19.37,262.53999999999996,3,-0.0038635312364085302
2005-03-24,6.01,20.2,254.44,3,-0.08135470659585377
2005-03-25,0.32,21.32,251.54999999999998,3,-0.10940342714561452
2005-03-26,0.14,21.5,251.32,3,-0.11164496524153368
2005-03-27,2.97,22.16,252.9,3,-0.09627427628541324
2005-03-28,0.0,21.54,245.62,3,-0.1676426919472997
2005-03-29,0.03,22.57,242.99,3,-0.1937756030385214
2005-03-30,0.65,22.53,243.51000000000002,3,-0.18859357016713355
2005-03-31,0.0,22.91,241.75,3,-0.20616301292874706
2005-04-01,3.17,23.55,243.5,4,0.1516100205493896
2005-04-02,0.48,22.8,242.68,4,0.1439419570392885
2005-04-03,10.2,17.82,250.93,4,0.22031826513278774
2005-04-04,4.58,19.18,255.46999999999997,4,0.26163741191355194
2005-04-05,0.67,20.5,255.69,4,0.26362722287979323
2005-04-06,1.24,19.91,256.87,4,0.27428048873208993
2005-04-07,4.18,18.22,256.27,4,0.26886764400897156
2005-04-08,3.23,18.44,255.77,4,0.2643505085891921
2005-04-09,4.27,18.98,257.44,4,0.27941492228733983
2005-04-10,0.17,19.84,255.38,4,0.2608230703188949
2005-04-11,0.0,21.29,254.72,4,0.2548453993814053
2005-04-12,0.0,21.55,252.94,4,0.23867232846980188
2005-04-13,0.12,21.86,246.98000000000002,4,0.18396233676797025
2005-04-14,2.02,21.46,244.32999999999998,4,0.15935408001362356
2005-04-15,5.71,21.33,249.0,4,0.20260244793649138
2005-04-16,1.04,20.83,228.72,4,0.01065556208773772
2005-04-17,0.82,21.17,223.55,4,-0.04008795604943944
2005-04-18,0.01,22.6,216.39,4,-0.11168252207388667
2005-04-19,0.0,22.85,210.87,4,-0.16797522556696934
2005-04-20,0.0,19.35,203.26,4,-0.24723732912435142
2005-04-21,0.0,19.47,189.42000000000002,4,-0.39670522797011637
2005-04-22,2.91,19.19,185.02,4,-0.4457763879291736
2005-04-23,18.84,16.56,199.41,4,-0.28810411426446736
2005-04-24,2.83,18.36,201.60999999999999,4,-0.2646868641146931
2005-04-25,0.01,16.7,201.62,4,-0.2645808184757036
2005-04-26,0.0,16.14,201.62,4,-0.2645808184757036
2005-04-27,0.07,15.36,199.82999999999998,4,-0.2836200681903708
2005-04-28,0.02,16.1,198.06,4,-0.3025606572782098
2005-04-29,0.0,16.03,196.45000000000002,4,-0.31988912912515816
2005-04-30,0.0,17.46,193.77,4,-0.3489492285789346
2005-05-01,0.0,17.44,192.99,5,0.3068279918465562
2005-05-02,0.0,17.4,192.56,5,0.3023788409561392
2005-05-03,0.07,16.44,192.1,5,0.2976119814721573
2005-05-04,0.1,17.68,192.17,5,0.2983378613103174
2005-05-05,0.02,18.29,192.19,5,0.29854522332613304
2005-05-06,0.62,19.14,192.42000000000002,5,0.30092885813978315
2005-05-07,0.35,18.51,192.29,5,0.2995818187046305
2005-05-08,0.0,18.45,192.29,5,0.2995818187046305
2005-05-09,0.0,18.28,192.20000000000002,5,0.2986488989650622
2005-05-10,0.0,18.2,191.79,5,0.2943952593378363
2005-05-11,0.0,16.67,190.31,5,0.2789902517017738
2005-05-12,0.0,15.56,189.99,5,0.2756489893673978
2005-05-13,0.0,16.0,187.83,5,0.252997095315699
2005-05-14,0.01,16.4,187.53,5,0.24983732929303953
2005-05-15,0.64,17.07,188.04000000000002,5,0.2552069357738438
2005-05-16,0.0,15.75,181.4,5,0.1845227579148989
2005-05-17,0.0,17.93,174.8,5,0.11253336042299888
2005-05-18,0.0,19.09,173.76000000000002,5,0.10102472040655232
2005-05-19,0.0,19.83,173.60000000000002,5,0.09925007266972022
2005-05-20,0.0,17.29,165.19,5,0.004384296855964396
2005-05-21,0.0,15.59,158.75,5,-0.07047775973298398
2005-05-22,0.0,15.51,151.52,5,-0.15700589309381888
2005-05-23,0.0,16.93,148.33,5,-0.19607313464319598
2005-05-24,0.0,16.82,148.25,5,-0.19706016670883342
2005-05-25,0.0,13.61,146.72,5,-0.2160071059491689
2005-05-26,0.0,13.71,144.63000000000002,5,-0.24210693094103208
2005-05-27,0.0,14.69,143.09,5,-0.26150289140505684
2005-05-28,0.0,16.45,141.56,5,-0.2809140756778001
2005-05-29,0.0,16.23,140.12,5,-0.2993143842410528
2005-05-30,0.0,13.48,139.95000000000002,5,-0.3014951340791881
2005-05-31,0.0,15.91,139.86,5,-0.3026503798417819
2005-06-01,0.0,17.09,138.53,6,0.6349357389700305
2005-06-02,0.0,18.59,137.83,6,0.6260385290618327
2005-06-03,0.0,20.7,137.49,6,0.6217063751395223
2005-06-04,0.0,19.42,137.05,6,0.6160896549981738
2005-06-05,0.0,16.68,137.04000000000002,6,0.6159618654050512
2005-06-06,0.0,16.33,136.35000000000002,6,0.6071296224405589
2005-06-07,0.0,16.04,136.24,6,0.605718885060551
2005-06-08,0.0,16.45,134.58,6,0.5843385200029015
2005-06-09,0.0,15.26,134.47,6,0.5829156662098354
2005-06-10,0.0,15.79,134.28,6,0.5804562138651526
2005-06-11,0.0,14.83,133.5,6,0.5703355662740752
2005-06-12,0.0,16.32,115.78,6,0.3291103165707998
2005-06-13,0.0,14.08,111.05,6,0.26063162674678153
2005-06-14,0.0,12.96,102.8,6,0.1363850993989888
2005-06-15,0.0,14.0,101.97,6,0.12352066826605569
2005-06-16,0.0,12.89,100.14999999999999,6,0.09506403124364897
2005-06-17,0.0,14.24,99.22,6,0.08038879839017826
2005-06-18,0.0,14.25,98.78999999999999,6,0.07357221252070816
2005-06-19,0.0,15.61,97.44,6,0.0520407582468075
2005-06-20,0.0,15.22,87.91,6,-0.10599847856958103
2005-06-21,0.0,14.89,78.52,6,-0.2735509276013413
2005-06-22,0.01,13.01,72.52,6,-0.3879371668040791
2005-06-23,0.0,12.47,72.2,6,-0.39421818596538744
2005-06-24,0.0,13.5,72.06,6,-0.39697217873462615
2005-06-25,0.0,15.31,69.09,6,-0.4562885958425368
2005-06-26,0.0,15.24,69.09,6,-0.4562885958425368
2005-06-27,0.0,15.82,69.06,6,-0.4568966792230649
2005-06-28,0.0,15.61,68.41,6,-0.4701170397595815
2005-06-29,0.0,13.52,68.41,6,-0.4701170397595815
2005-06-30,0.0,14.3,65.24000000000001,6,-0.535873255665824
2005-07-01,0.0,16.19,64.76,7,0.6454542197503905
2005-07-02,0.0,15.17,54.56,7,0.45486588757886826
2005-07-03,0.0,13.31,49.980000000000004,7,0.3615700617272569
2005-07-04,0.0,12.16,49.31,7,0.3474504345593308
2005-07-05,0.0,12.39,48.07000000000001,7,0.320976462300863
2005-07-06,0.0,13.21,43.89,7,0.22820361719578797
2005-07-07,0.0,11.55,40.660000000000004,7,0.1523409561116714
2005-07-08,0.0,12.21,36.39,7,0.04547253098672601
2005-07-09,0.0,11.37,36.220000000000006,7,0.041043970298663794
2005-07-10,0.0,12.58,36.220000000000006,7,0.041043970298663794
2005-07-11,0.0,12.87,36.220000000000006,7,0.041043970298663794
2005-07-12,0.0,13.27,36.1,7,0.037909321352967894
2005-07-13,0.0,14.11,34.080000000000005,7,-0.015968418976305826
2005-07-14,0.0,14.76,28.37,7,-0.181346857025388
2005-07-15,0.0,15.05,27.330000000000002,7,-0.21392397497530966
2005-07-16,0.0,14.22,26.51,7,-0.24023088400901543
2005-07-17,0.0,13.29,26.5,7,-0.24055522091691112
2005-07-18,0.0,15.27,26.5,7,-0.24055522091691112
2005-07-19,0.0,15.33,26.5,7,-0.24055522091691112
2005-07-20,0.0,14.78,26.5,7,-0.24055522091691112
2005-07-21,0.0,13.5,23.59,7,-0.33887027360002886
2005-07-22,0.0,15.63,4.75,7,-1.4305334471564712
2005-07-23,0.0,14.48,1.92,7,-1.9006468321684933
2005-07-24,0.0,16.81,1.91,7,-1.9031469246062052
2005-07-25,0.0,17.56,1.91,7,-1.9031469246062052
2005-07-26,0.0,16.6,1.8399999999999999,7,-1.920961280433691
2005-07-27,0.0,16.29,1.8199999999999998,7,-1.9261553681909156
2005-07-28,0.0,14.18,1.8199999999999998,7,-1.9261553681909156
2005-07-29,0.0,14.57,1.8199999999999998,7,-1.9261553681909156
2005-07-30,0.0,15.72,1.8199999999999998,7,-1.9261553681909156
2005-07-31,0.0,16.38,1.8199999999999998,7,-1.9261553681909156
2005-08-01,0.0,15.69,1.75,8,-1.0294531080954208
2005-08-02,0.0,14.8,1.65,8,-1.0557014939327563
2005-08-03,0.0,16.4,1.63,8,-1.0611048197654103
2005-08-04,0.0,14.86,1.0099999999999998,8,-1.2638831655924183
2005-08-05,0.0,15.26,0.66,8,-1.4306681607743625
2005-08-06,0.0,16.84,0.66,8,-1.4306681607743625
2005-08-07,0.0,17.7,0.66,8,-1.4306681607743625
2005-08-08,0.0,18.1,0.66,8,-1.4306681607743625
2005-08-09,0.0,16.98,0.66,8,-1.4306681607743625
2005-08-10,0.0,15.85,0.66,8,-1.4306681607743625
2005-08-11,0.0,17.36,0.66,8,-1.4306681607743625
2005-08-12,0.0,18.28,0.65,8,-1.4364444284999132
2005-08-13,0.0,19.32,0.01,8,-2.675443287866984
2005-08-14,0.0,19.57,0.01,8,-2.675443287866984
2005-08-15,0.0,19.49,0.01,8,-2.675443287866984
2005-08-16,0.02,18.54,0.03,8,-2.3975751996733843
2005-08-17,0.01,18.47,0.04,8,-2.3204832897521936
2005-08-18,0.0,14.75,0.04,8,-2.3204832897521936
2005-08-19,0.0,16.76,0.04,8,-2.3204832897521936
2005-08-20,0.0,20.28,0.04,8,-2.3204832897521936
2005-08-21,0.0,21.02,0.04,8,-2.3204832897521936
2005-08-22,0.0,19.87,0.04,8,-2.3204832897521936
2005-08-23,0.0,18.82,0.04,8,-2.3204832897521936
2005-08-24,0.0,19.96,0.04,8,-2.3204832897521936
2005-08-25,0.0,20.85,0.04,8,-2.3204832897521936
2005-08-26,0.0,21.37,0.04,8,-2.3204832897521936
2005-08-27,0.0,17.45,0.04,8,-2.3204832897521936
2005-08-28,0.0,17.22,0.04,8,-2.3204832897521936
2005-08-29,0.0,19.28,0.04,8,-2.3204832897521936
2005-08-30,0.0,20.49,0.04,8,-2.3204832897521936
2005-08-31,0.0,20.2,0.04,8,-2.3204832897521936
2005-09-01,0.0,18.04,0.04,9,-1.5623327882541784
2005-09-02,0.0,19.93,0.04,9,-1.5623327882541784
2005-09-03,0.0,20.78,0.04,9,-1.5623327882541784
2005-09-04,0.0,21.85,0.04,9,-1.5623327882541784
2005-09-05,0.0,21.7,0.04,9,-1.5623327882541784
2005-09-06,0.0,21.67,0.04,9,-1.5623327882541784
2005-09-07,0.06,20.57,0.1,9,-1.404663826681674
2005-09-08,0.0,22.01,0.1,9,-1.404663826681674
2005-09-09,0.0,21.91,0.1,9,-1.404663826681674
2005-09-10,0.0,23.44,0.1,9,-1.404663826681674
2005-09-11,0.0,22.05,0.1,9,-1.404663826681674
2005-09-12,0.0,21.03,0.1,9,-1.404663826681674
2005-09-13,0.0,21.33,0.1,9,-1.404663826681674
2005-09-14,0.0,19.94,0.1,9,-1.404663826681674
2005-09-15,0.0,20.15,0.1,9,-1.404663826681674
2005-09-16,0.0,22.28,0.1,9,-1.404663826681674
2005-09-17,0.0,21.57,0.1,9,-1.404663826681674
2005-09-18,0.0,23.5,0.1,9,-1.404663826681674
2005-09-19,0.0,23.27,0.1,9,-1.404663826681674
2005-09-20,0.0,23.47,0.09,9,-1.4249809566827643
2005-09-21,0.0,23.63,0.09,9,-1.4249809566827643
2005-09-22,0.0,24.91,0.09,9,-1.4249809566827643
2005-09-23,0.0,24.5,0.09,9,-1.4249809566827643
2005-09-24,0.0,24.73,0.09,9,-1.4249809566827643
2005-09-25,0.0,24.77,0.09,9,-1.4249809566827643
2005-09-26,0.0,23.74,0.09,9,-1.4249809566827643
2005-09-27,0.0,17.66,0.09,9,-1.4249809566827643
2005-09-28,0.0,16.82,0.09,9,-1.4249809566827643
2005-09-29,0.0,16.29,0.09,9,-1.4249809566827643
2005-09-30,0.0,18.57,0.09,9,-1.4249809566827643
2005-10-01,0.0,21.38,0.09,10,-2.204162305515431
2005-10-02,0.0,23.35,0.09,10,-2.204162305515431
2005-10-03,0.0,25.24,0.09,10,-2.204162305515431
2005-10-04,0.0,26.26,0.09,10,-2.204162305515431
2005-10-05,0.0,25.79,0.09,10,-2.204162305515431
2005-10-06,0.04,21.78,0.13,10,-2.1532876320490413
2005-10-07,0.57,22.12,0.7,10,-1.7533971104176491
2005-10-08,0.54,24.11,1.24,10,-1.5502111554773883
2005-10-09,0.03,25.58,1.27,10,-1.5409544609358157
2005-10-10,0.0,26.42,1.27,10,-1.5409544609358157
2005-10-11,0.0,27.18,1.27,10,-1.5409544609358157
2005-10-12,0.0,27.94,1.27,10,-1.5409544609358157
2005-10-13,1.32,27.63,2.59,10,-1.2358691239811914
2005-10-14,1.47,24.6,4.0600000000000005,10,-1.012438502291643
2005-10-15,1.35,24.28,5.41,10,-0.8556837380922423
2005-10-16,0.04,24.79,5.45,10,-0.8515055209624256
2005-10-17,0.04,24.95,5.49,10,-0.8473498878424829
2005-10-18,0.01,25.39,5.5,10,-0.8463144741451546
2005-10-19,0.09,25.33,5.59,10,-0.8370577179733978
2005-10-20,0.0,24.27,5.59,10,-0.8370577179733978
2005-10-21,0.0,24.52,5.59,10,-0.8370577179733978
2005-10-22,0.0,23.7,5.59,10,-0.8370577179733978
2005-10-23,0.0,25.06,5.59,10,-0.8370577179733978
2005-10-24,0.0,27.21,5.59,10,-0.8370577179733978
2005-10-25,0.0,27.52,5.59,10,-0.8370577179733978
2005-10-26,0.8,24.1,6.390000000000001,10,-0.7592520095670362
2005-10-27,0.07,22.74,6.46,10,-0.7527922085201512
2005-10-28,0.0,23.92,6.46,10,-0.7527922085201512
2005-10-29,0.01,25.13,6.47,10,-0.7518735801086174
2005-10-30,0.0,24.45,6.47,10,-0.7518735801086174
2005-10-31,0.06,26.35,6.53,10,-0.7463835805370458
2005-11-01,0.12,29.34,6.65,11,-2.606679730669366
2005-11-02,0.03,29.56,6.68,11,-2.602992268968684
2005-11-03,0.0,30.75,6.68,11,-2.602992268968684
2005-11-04,0.0,29.74,6.68,11,-2.602992268968684
2005-11-05,0.45,26.02,7.13,11,-2.5492150487862055
2005-11-06,3.65,22.31,10.780000000000001,11,-2.1909855725675147
2005-11-07,0.0,19.83,10.780000000000001,11,-2.1909855725675147
2005-11-08,0.0,21.97,10.780000000000001,11,-2.1909855725675147
2005-11-09,0.0,23.11,10.780000000000001,11,-2.1909855725675147
2005-11-10,0.15,23.23,10.93,11,-2.178458129802758
2005-11-11,0.88,22.84,11.81,11,-2.1075472345301076
2005-11-12,0.43,24.68,12.24,11,-2.0743823919163327
2005-11-13,0.09,26.51,12.33,11,-2.0675555346030077
2005-11-14,0.0,23.24,12.31,11,-2.0690692709690177
2005-11-15,0.0,25.45,12.3,11,-2.069826853373581
2005-11-16,0.0,27.4,12.3,11,-2.069826853373581
2005-11-17,0.01,26.59,12.31,11,-2.0690692709690177
2005-11-18,3.79,26.98,16.1,11,-1.8109399685776655
2005-11-19,6.97,27.84,23.07,11,-1.4377001258012787
2005-11-20,3.31,24.64,26.38,11,-1.2895847021923084
2005-11-21,0.31,25.9,26.69,11,-1.2764277919130969
2005-11-22,8.22,26.38,34.91,11,-0.9622400163588706
2005-11-23,3.64,24.28,38.55,11,-0.8400766964201224
2005-11-24,0.03,23.09,38.58,11,-0.8391047553477918
2005-11-25,2.37,23.46,40.95,11,-0.7639609406019748
2005-11-26,1.28,23.35,42.23,11,-0.7246520445181349
2005-11-27,8.19,23.45,50.42,11,-0.4911488368696075
2005-11-28,2.38,22.84,52.8,11,-0.4283146482044428
2005-11-29,8.89,21.69,61.69,11,-0.2095915214597784
2005-11-30,17.17,21.05,78.86,11,0.15833314383893912
2005-12-01,1.41,23.35,80.27,12,-1.1728511923447416
2005-12-02,0.71,23.03,80.98,12,-1.1577162084639654
2005-12-03,0.97,23.47,81.95,12,-1.1371896241398805
2005-12-04,1.18,23.49,83.13000000000001,12,-1.1124490414928068
2005-12-05,0.01,24.06,83.14,12,-1.1122404371501946
2005-12-06,1.08,24.7,84.16,12,-1.0910550460356756
2005-12-07,0.46,25.28,84.62,12,-1.0815600008666975
2005-12-08,0.41,25.01,85.03,12,-1.073127605784914
2005-12-09,0.47,23.15,85.5,12,-1.063496327840719
2005-12-10,1.31,22.5,86.81,12,-1.036846745386198
2005-12-11,0.08,24.86,86.89,12,-1.0352284723573222
2005-12-12,0.0,23.27,86.89,12,-1.0352284723573222
2005-12-13,0.31,22.87,87.2,12,-1.0289675316324445
2005-12-14,0.0,24.89,87.2,12,-1.0289675316324445
2005-12-15,0.0,25.79,87.2,12,-1.0289675316324445
2005-12-16,0.06,27.0,87.26,12,-1.0277575429446233
2005-12-17,4.62,28.59,91.88,12,-0.9362899196812053
2005-12-18,11.41,22.41,103.29,12,-0.7233935823496405
2005-12-19,1.99,23.95,105.28,12,-0.6879590343482468
2005-12-20,1.88,25.25,107.16,12,-0.6549061061884505
2005-12-21,6.69,23.98,113.85,12,-0.5404324826167448
2005-12-22,2.77,24.01,116.62,12,-0.4943879022861642
2005-12-23,0.02,25.89,116.64,12,-0.49405819242234655
2005-12-24,0.16,28.23,116.8,12,-0.49142190757780896
2005-12-25,6.35,25.61,123.15,12,-0.3887317501965436
2005-12-26,3.75,23.35,126.9,12,-0.3297767554557933
2005-12-27,1.46,24.95,128.36,12,-0.30714452157015004
2005-12-28,2.36,26.65,130.72,12,-0.27092814638926077
2005-12-29,5.9,24.97,136.62,12,-0.18228782702635013
2005-12-30,11.5,21.97,148.12,12,-0.016684999752194164
2005-12-31,18.25,20.73,166.37,12,0.22924506756776575
2006-01-01,7.09,23.07,173.46,1,-0.9844949597026562
2006-01-02,6.72,22.96,180.18,1,-0.8605584969096157
2006-01-03,8.44,23.05,188.62,1,-0.7092903157909879
2006-01-04,7.67,22.72,196.25,1,-0.5764519390797154
2006-01-05,6.03,23.68,201.71,1,-0.48352773651551223
2006-01-06,3.33,25.89,204.5,1,-0.4367001268654094
2006-01-07,3.09,25.51,207.56,1,-0.3858342471430128
2006-01-08,6.73,25.26,214.29,1,-0.27571531156135065
2006-01-09,16.04,24.2,230.32999999999998,1,-0.022321136107761586
2006-01-10,20.28,22.32,250.60999999999999,1,0.2817020190557051
2006-01-11,2.89,23.16,252.18,1,0.30454531144125685
2006-01-12,4.77,22.78,255.48000000000002,1,0.35225410429737175
2006-01-13,4.83,23.14,258.96000000000004,1,0.4021247761366402
2006-01-14,4.08,23.49,263.0,1,0.4594672229806153
2006-01-15,3.29,24.0,266.25,1,0.5051753490681613
2006-01-16,1.38,23.0,267.62,1,0.5243326590750867
2006-01-17,0.29,23.57,267.82,1,0.5271239260847271
2006-01-18,0.1,22.92,267.92,1,0.5285190435780222
2006-01-19,0.08,24.42,268.0,1,0.5296348900913719
2006-01-20,1.95,23.78,269.95,1,0.5567659301061927
2006-01-21,10.88,22.27,280.83,1,0.7058199111603206
2006-01-22,8.84,22.43,289.67,1,0.8241532785271879
2006-01-23,7.68,23.77,297.35,1,0.9250505101510347
2006-01-24,12.98,22.08,309.53,1,1.0816287459408758
2006-01-25,2.29,22.99,311.75,1,1.1097321115391123
2006-01-26,3.4,23.49,315.15,1,1.152521567255326
2006-01-27,10.54,22.97,325.68,1,1.2831667483394074
2006-01-28,7.28,24.26,332.96,1,1.3718928362827405
2006-01-29,2.56,24.42,335.46,1,1.4020715391792569
2006-01-30,3.87,22.9,339.21,1,1.447067657921664
2006-01-31,1.48,23.1,340.66,1,1.464379819992917
2006-02-01,3.1,22.67,343.76000000000005,2,0.8240918229562496
2006-02-02,0.35,22.09,344.11,2,0.8277365951221285
2006-02-03,0.0,22.67,343.65999999999997,2,0.823050012977384
2006-02-04,0.32,24.03,340.33,2,0.7882436818265404
2006-02-05,0.99,24.32,341.32,2,0.798614739308399
2006-02-06,50.2,20.21,391.52,2,1.300635334163806
2006-02-07,28.24,19.75,419.76,2,1.5648404927523551
2006-02-08,12.45,21.36,432.06000000000006,2,1.6763331073931256
2006-02-09,3.73,22.78,434.91,2,1.7018746512436465
2006-02-10,11.54,22.82,446.02000000000004,2,1.8004285768250032
2006-02-11,22.64,22.12,468.57,2,1.9957317327700552
2006-02-12,23.9,21.6,492.46999999999997,2,2.196284024234378
2006-02-13,5.79,22.64,498.26,2,2.2439331815215673
2006-02-14,11.4,22.34,509.65999999999997,2,2.336732625245824
2006-02-15,3.05,22.78,512.7,2,2.3612563961581907
2006-02-16,4.05,22.53,512.96,2,2.3633495419044586
2006-02-17,2.3,22.95,508.29,2,2.3256504837340843
2006-02-18,1.21,23.29,506.19,2,2.3086264330699704
2006-02-19,0.32,23.22,506.2,2,2.308707606013329
2006-02-20,0.82,22.61,498.79999999999995,2,2.248359174333821
2006-02-21,1.86,23.26,497.02,2,2.2337582478646727
2006-02-22,9.41,23.15,506.40000000000003,2,2.3103308513399257
2006-02-23,3.32,22.09,507.35,2,2.3180357193172907
2006-02-24,0.22,21.61,506.28999999999996,2,2.3094381167391766
2006-02-25,1.02,21.72,499.12,2,2.2509805491757846
2006-02-26,13.44,21.24,510.18,2,2.3409340409927384
2006-02-27,15.94,21.81,517.23,2,2.3976297107764957
2006-02-28,1.06,22.53,501.12,2,2.2673400143757894
2006-03-01,1.61,22.44,501.32000000000005,3,1.7957534231677181
2006-03-02,0.0,21.85,500.61,3,1.7913425690392755
2006-03-03,1.84,20.47,501.48,3,1.7967468712385246
2006-03-04,1.68,17.06,501.98,3,1.7998501011858616
2006-03-05,0.03,15.82,502.0,3,1.7999741895946695
2006-03-06,0.06,17.24,500.97999999999996,3,1.7936416779925604
2006-03-07,0.0,18.86,500.52,3,1.7907831633264188
2006-03-08,0.01,21.23,500.12,3,1.7882961432893891
2006-03-09,1.98,21.35,501.63,3,1.7976780462161113
2006-03-10,4.06,21.93,504.38,3,1.8147183814942307
2006-03-11,2.09,21.42,506.39000000000004,3,1.8271360880220586
2006-03-12,0.08,22.04,506.47,3,1.827629678053916
2006-03-13,0.39,19.62,506.55,3,1.828123218672849
2006-03-14,2.15,19.24,508.7,3,1.8413686623669496
2006-03-15,2.99,21.09,511.69,3,1.859730242294082
2006-03-16,2.11,22.16,513.74,3,1.8722800543330478
2006-03-17,5.72,21.6,514.84,3,1.879001033037259
2006-03-18,13.04,20.83,516.47,3,1.888943609591542
2006-03-19,5.45,20.94,519.93,3,1.909983100413896
2006-03-20,10.51,20.67,528.56,3,1.9620773220297139
2006-03-21,12.18,20.4,534.0500000000001,3,1.9949381344698809
2006-03-22,1.04,20.08,532.32,3,1.9846061938259976
2006-03-23,15.14,18.17,547.4399999999999,3,2.0742013106903094
2006-03-24,9.36,18.17,556.64,3,2.1279561483803975
2006-03-25,5.78,19.01,556.0699999999999,3,2.1246419997883947
2006-03-26,2.84,20.39,555.16,3,2.119346559457291
2006-03-27,2.12,19.88,555.82,3,2.123187751820511
2006-03-28,3.56,17.29,557.02,3,2.1301643952948672
2006-03-29,1.94,15.7,553.0600000000001,3,2.1071054388083
2006-03-30,0.84,16.4,542.4000000000001,3,2.044511582782826
2006-03-31,0.15,18.07,524.3000000000001,3,1.9364299462921266
2006-04-01,0.0,19.51,517.21,4,2.110190648630742
2006-04-02,0.0,19.77,510.49,4,2.0714493650158614
2006-04-03,0.0,17.07,502.05,4,2.022336791696393
2006-04-04,0.03,17.47,494.40999999999997,4,1.977430843480981
2006-04-05,0.0,19.12,488.38,4,1.9416793637847891
2006-04-06,0.0,19.7,485.05,4,1.9218169653559798
2006-04-07,0.0,20.61,481.96,4,1.9033092125026292
2006-04-08,0.0,20.56,475.22999999999996,4,1.8627393105576404
2006-04-09,8.61,18.2,467.8,4,1.8175268926444
2006-04-10,14.72,16.62,462.24,4,1.783396409669344
2006-04-11,7.73,17.53,467.08,4,1.8131216021509506
2006-04-12,2.47,17.4,464.78000000000003,4,1.7990203660629533
2006-04-13,0.0,19.13,459.95,4,1.769263693187336
2006-04-14,2.19,19.25,458.06,4,1.7575660458987543
2006-04-15,0.0,19.9,454.77000000000004,4,1.7371304726394081
2006-04-16,2.4,18.45,455.78999999999996,4,1.7434760914594667
2006-04-17,0.19,18.55,455.69,4,1.7428543692915914
2006-04-18,1.21,19.02,456.8,4,1.7497506559324159
2006-04-19,0.03,17.54,456.75,4,1.7494402404263814
2006-04-20,0.04,17.78,454.84000000000003,4,1.7375662437871648
2006-04-21,2.15,17.68,446.11,4,1.6828884712253014
2006-04-22,3.2,17.69,440.46999999999997,4,1.6472027470970017
2006-04-23,0.1,14.1,432.89,4,1.5987826552710507
2006-04-24,0.0,11.26,419.91,4,1.5146012465779097
2006-04-25,0.0,14.26,417.62,4,1.4995783750426677
2006-04-26,0.0,14.27,414.22,4,1.4771765601416393
2006-04-27,0.05,14.74,403.73,4,1.4073122984048643
2006-04-28,0.23,15.07,396.68,4,1.359704835953371
2006-04-29,0.0,16.79,394.12,4,1.3422837181948846
2006-04-30,0.03,16.42,390.28000000000003,4,1.3160156799581375
2006-05-01,2.65,14.96,391.45,5,1.9081057922469167
2006-05-02,1.36,14.29,389.71,5,1.8966780120911917
2006-05-03,1.61,15.34,390.97,5,1.9049564757432105
2006-05-04,0.0,13.91,390.97,5,1.9049564757432105
2006-05-05,2.54,15.6,393.19,5,1.919501891234117
2006-05-06,1.26,15.06,393.46000000000004,5,1.9212674274125203
2006-05-07,0.0,11.3,343.26,5,1.5789677404927336
2006-05-08,0.0,9.9,315.02000000000004,5,1.3723408361489104
2006-05-09,0.0,12.2,302.57000000000005,5,1.2775020588014878
2006-05-10,0.0,12.76,298.84000000000003,5,1.248605225624844
2006-05-11,0.0,13.59,287.3,5,1.1577154205822349
2006-05-12,0.0,14.49,264.66,5,0.9723486440428408
2006-05-13,0.0,15.17,240.76,5,0.765191535393144
2006-05-14,0.0,15.94,234.97,5,0.7130126853570764
2006-05-15,0.0,17.16,223.57,5,0.6077708237131393
2006-05-16,0.01,17.12,220.52999999999997,5,0.5791155620105037
2006-05-17,0.83,16.55,217.31,5,0.5484797077731701
2006-05-18,0.0,13.87,215.01,5,0.526414039996415
2006-05-19,0.02,11.87,213.82000000000002,5,0.5149365358957917
2006-05-20,1.83,9.28,215.32999999999998,5,0.5294933020070606
2006-05-21,0.0,7.33,214.51,5,0.5215966582190086
2006-05-22,0.0,7.09,212.64999999999998,5,0.5036109149279135
2006-05-23,0.0,7.87,203.23999999999998,5,0.4109940787852158
2006-05-24,0.0,7.88,199.92,5,0.3776429319580101
2006-05-25,0.0,9.24,199.7,5,0.37542002328911755
2006-05-26,0.0,11.25,198.67999999999998,5,0.3650925929533221
2006-05-27,0.0,11.47,185.23999999999998,5,0.2256062879931951
2006-05-28,0.0,11.94,169.29999999999998,5,0.051140416312715424
2006-05-29,0.0,11.47,168.23999999999998,5,0.039155235291308835
2006-05-30,0.0,10.92,166.63,5,0.020853995046984344
2006-05-31,0.0,14.59,166.63,5,0.020853995046984344
2006-06-01,0.0,14.01,164.79,6,0.9495410582336217
2006-06-02,0.0,13.52,163.10999999999999,6,0.9304283707004913
2006-06-03,0.0,11.87,163.07999999999998,6,0.930085923862983
2006-06-04,0.0,10.89,163.01999999999998,6,0.9294009085005565
2006-06-05,0.0,10.91,163.01999999999998,6,0.9294009085005565
2006-06-06,0.0,11.1,163.01,6,0.9292867234936114
2006-06-07,0.0,11.48,161.03,6,0.9065886197913966
2006-06-08,0.0,11.5,156.97,6,0.8594769486692717
2006-06-09,0.0,13.35,154.88,6,0.834917648870206
2006-06-10,0.0,14.83,154.79999999999998,6,0.8339733345858886
2006-06-11,0.0,15.24,154.41,6,0.8293652770089537
2006-06-12,0.0,14.72,152.26,6,0.8038257237329479
2006-06-13,0.0,13.3,149.26999999999998,6,0.7679166138556824
2006-06-14,0.0,9.89,147.16,6,0.7422943500977398
2006-06-15,0.0,9.44,141.44,6,0.671611417639316
2006-06-16,0.0,10.59,128.4,6,0.5031871925332496
2006-06-17,0.0,11.13,122.94999999999999,6,0.4294634902766132
2006-06-18,0.0,12.41,112.44,6,0.28095326958396244
2006-06-19,0.0,13.12,100.25999999999999,6,0.09679374840199745
2006-06-20,0.0,11.36,99.22,6,0.08038879839017826
2006-06-21,0.0,12.33,84.08,6,-0.17279030906221118
2006-06-22,0.0,11.26,74.72,6,-0.3452646405817909
2006-06-23,0.0,9.66,68.94,6,-0.4593308459150088
2006-06-24,0.0,10.55,66.1,6,-0.5178182416908657
2006-06-25,0.0,12.66,63.980000000000004,6,-0.5626278785948401
2006-06-26,0.0,8.86,60.42,6,-0.6402656471820778
2006-06-27,0.0,6.96,58.480000000000004,6,-0.6839310446419463
2006-06-28,16.88,7.49,74.52,6,-0.3491078829587169
2006-06-29,0.79,9.08,75.16000000000001,6,-0.33683437609006545
2006-06-30,0.0,8.47,75.16000000000001,6,-0.33683437609006545
2006-07-01,0.01,10.32,75.17,7,0.8207100818659446
2006-07-02,0.0,11.99,75.17,7,0.8207100818659446
2006-07-03,0.0,11.71,75.14,7,0.8202283095634944
2006-07-04,0.0,11.86,75.14,7,0.8202283095634944
2006-07-05,0.0,12.77,75.14,7,0.8202283095634944
2006-07-06,0.0,13.13,75.14,7,0.8202283095634944
2006-07-07,0.0,11.14,75.14,7,0.8202283095634944
2006-07-08,0.0,8.1,66.53,7,0.676480241117583
2006-07-09,0.0,10.74,51.809999999999995,7,0.3995031642995654
2006-07-10,0.0,12.99,44.08,7,0.2325467532918928
2006-07-11,0.0,11.6,41.60999999999999,7,0.1750652059579696
2006-07-12,0.0,10.76,41.60999999999999,7,0.1750652059579696
2006-07-13,0.0,10.93,39.419999999999995,7,0.12212983020955179
2006-07-14,0.0,11.51,39.419999999999995,7,0.12212983020955179
2006-07-15,0.0,12.27,37.019999999999996,7,0.06176146131154137
2006-07-16,0.0,12.91,36.82999999999999,7,0.05686909492505863
2006-07-17,0.0,13.37,35.62,7,0.025298595736053617
2006-07-18,0.0,14.88,35.589999999999996,7,0.02450655344966504
2006-07-19,0.0,15.29,35.55,7,0.023449781997185868
2006-07-20,0.0,13.86,33.39999999999999,7,-0.03460059818094499
2006-07-21,0.0,13.78,30.2,7,-0.126002027538776
2006-07-22,0.03,12.41,30.129999999999995,7,-0.12807524581129726
2006-07-23,0.0,10.71,30.129999999999995,7,-0.12807524581129726
2006-07-24,1.84,15.0,31.97,7,-0.0746575574723609
2006-07-25,0.34,15.15,32.309999999999995,7,-0.06502263764590085
2006-07-26,0.0,14.53,32.26,7,-0.06643510825174061
2006-07-27,0.0,14.02,32.029999999999994,7,-0.07295212368123974
2006-07-28,0.0,13.99,32.029999999999994,7,-0.07295212368123974
2006-07-29,0.0,12.68,32.0,7,-0.07380456289154119
2006-07-30,0.0,12.63,29.349999999999998,7,-0.15140783716731213
2006-07-31,0.0,12.33,27.99,7,-0.1931511454059369
2006-08-01,2.46,10.4,28.839999999999996,8,0.7779994350988939
2006-08-02,0.09,5.65,28.929999999999996,8,0.7809731906431865
2006-08-03,0.01,7.06,26.4,8,0.6949755567913689
2006-08-04,0.0,7.89,25.139999999999997,8,0.6501349257400754
2006-08-05,0.0,7.72,25.139999999999997,8,0.6501349257400754
2006-08-06,0.0,10.11,25.139999999999997,8,0.6501349257400754
2006-08-07,0.0,13.54,25.139999999999997,8,0.6501349257400754
2006-08-08,0.0,14.31,25.139999999999997,8,0.6501349257400754
2006-08-09,0.0,14.67,25.139999999999997,8,0.6501349257400754
2006-08-10,0.0,12.08,25.139999999999997,8,0.6501349257400754
2006-08-11,0.0,13.34,25.139999999999997,8,0.6501349257400754
2006-08-12,0.0,14.99,25.139999999999997,8,0.6501349257400754
2006-08-13,0.0,16.78,25.139999999999997,8,0.6501349257400754
2006-08-14,0.0,14.93,25.13,8,0.6497732357343525
2006-08-15,0.0,11.19,24.299999999999997,8,0.6194180724704884
2006-08-16,0.0,8.74,24.299999999999997,8,0.6194180724704884
2006-08-17,0.0,11.14,24.279999999999998,8,0.6186782894044098
2006-08-18,0.0,14.18,22.45,8,0.549216105027993
2006-08-19,0.0,16.65,22.45,8,0.549216105027993
2006-08-20,0.0,15.69,22.45,8,0.549216105027993
2006-08-21,0.14,15.66,22.59,8,0.5546593951399721
2006-08-22,1.12,16.22,23.71,8,0.5974239175318697
2006-08-23,1.71,17.15,25.419999999999998,8,0.6602242519565452
2006-08-24,1.84,16.29,27.259999999999998,8,0.7247854569822023
2006-08-25,0.0,13.68,27.259999999999998,8,0.7247854569822023
2006-08-26,0.05,13.84,27.31,8,0.7264996652840198
2006-08-27,0.0,15.03,27.31,8,0.7264996652840198
2006-08-28,0.0,14.92,27.31,8,0.7264996652840198
2006-08-29,0.0,17.2,27.31,8,0.7264996652840198
2006-08-30,0.0,11.26,27.31,8,0.7264996652840198
2006-08-31,0.0,10.67,27.31,8,0.7264996652840198
2006-09-01,0.0,12.05,27.31,9,1.051803977613236
2006-09-02,0.0,15.26,27.31,9,1.051803977613236
2006-09-03,0.0,17.13,27.31,9,1.051803977613236
2006-09-04,0.0,14.75,27.31,9,1.051803977613236
2006-09-05,0.0,15.0,27.31,9,1.051803977613236
2006-09-06,0.0,16.44,27.31,9,1.051803977613236
2006-09-07,0.0,16.63,27.31,9,1.051803977613236
2006-09-08,0.0,16.49,27.31,9,1.051803977613236
2006-09-09,0.0,16.9,27.31,9,1.051803977613236
2006-09-10,0.0,19.62,27.31,9,1.051803977613236
2006-09-11,0.0,20.46,27.31,9,1.051803977613236
2006-09-12,0.0,19.22,27.31,9,1.051803977613236
2006-09-13,0.0,19.05,27.31,9,1.051803977613236
2006-09-14,0.0,20.29,27.31,9,1.051803977613236
2006-09-15,0.0,22.0,27.31,9,1.051803977613236
2006-09-16,0.06,22.72,27.37,9,1.0538002171167686
2006-09-17,0.37,18.38,27.74,9,1.0660505770074977
2006-09-18,0.0,13.84,27.74,9,1.0660505770074977
2006-09-19,0.0,16.93,27.74,9,1.0660505770074977
2006-09-20,0.0,19.57,27.74,9,1.0660505770074977
2006-09-21,0.0,18.5,27.74,9,1.0660505770074977
2006-09-22,0.0,19.25,27.74,9,1.0660505770074977
2006-09-23,0.0,21.22,27.74,9,1.0660505770074977
2006-09-24,0.0,22.97,27.74,9,1.0660505770074977
2006-09-25,0.0,22.5,27.74,9,1.0660505770074977
2006-09-26,0.0,17.85,10.86,9,0.33836415435796224
2006-09-27,0.01,20.27,10.080000000000002,9,0.28991818139405295
2006-09-28,0.1,23.53,10.180000000000001,9,0.2962680941540094
2006-09-29,0.0,24.45,10.17,9,0.29563501382421825
2006-09-30,0.0,25.72,10.17,9,0.29563501382421825
2006-10-01,0.04,25.52,10.209999999999999,10,-0.46341779170134184
2006-10-02,0.4,22.96,10.61,10,-0.4374119664794473
2006-10-03,0.04,20.62,10.65,10,-0.43485024788138815
2006-10-04,0.0,16.96,10.65,10,-0.43485024788138815
2006-10-05,0.0,20.74,10.65,10,-0.43485024788138815
2006-10-06,0.91,22.46,11.56,10,-0.3783442773368913
2006-10-07,0.02,22.78,11.58,10,-0.37713861312375097
2006-10-08,0.03,23.93,11.61,10,-0.37533289391898
2006-10-09,1.58,21.35,13.19,10,-0.2845834999434103
2006-10-10,1.24,22.89,14.43,10,-0.21860890932586355
2006-10-11,0.35,21.56,14.78,10,-0.20071211267125472
2006-10-12,0.02,21.77,14.799999999999999,10,-0.19969845178528475
2006-10-13,0.0,22.15,14.799999999999999,10,-0.19969845178528475
2006-10-14,0.0,23.5,14.799999999999999,10,-0.19969845178528475
2006-10-15,0.0,24.03,14.799999999999999,10,-0.19969845178528475
2006-10-16,0.0,24.94,14.799999999999999,10,-0.19969845178528475
2006-10-17,0.33,26.05,15.129999999999999,10,-0.18310984852482695
2006-10-18,0.02,27.13,15.15,10,-0.18211264952997525
2006-10-19,2.44,24.97,17.59,10,-0.06677391516591091
2006-10-20,0.01,25.71,17.570000000000004,10,-0.06767265503139555
2006-10-21,0.01,27.05,17.580000000000002,10,-0.0672231966648057
2006-10-22,0.02,27.15,15.76,10,-0.15213030559084187
2006-10-23,0.0,27.32,15.42,10,-0.16873967496060416
2006-10-24,0.0,28.95,15.42,10,-0.16873967496060416
2006-10-25,0.0,29.41,15.42,10,-0.16873967496060416
2006-10-26,0.54,28.98,15.96,10,-0.14247657509700726
2006-10-27,5.07,24.99,21.03,10,0.07835512455045125
2006-10-28,0.96,24.26,21.990000000000002,10,0.11591743327503791
2006-10-29,0.71,26.86,22.700000000000003,10,0.14298604926201242
2006-10-30,1.05,27.15,21.29,10,0.08864172231927349
2006-10-31,2.0,26.78,23.2,10,0.16170551592583945
2006-11-01,2.22,24.83,25.410000000000004,11,-1.331500046310605
2006-11-02,3.02,21.94,28.430000000000003,11,-1.2045843205196731
2006-11-03,0.0,23.19,28.430000000000003,11,-1.2045843205196731
2006-11-04,0.0,22.21,28.430000000000003,11,-1.2045843205196731
2006-11-05,0.0,23.31,28.430000000000003,11,-1.2045843205196731
2006-11-06,0.35,20.55,28.78,11,-1.190523192060432
2006-11-07,0.0,20.81,28.78,11,-1.190523192060432
2006-11-08,0.0,23.15,28.78,11,-1.190523192060432
2006-11-09,0.0,25.11,28.78,11,-1.190523192060432
2006-11-10,0.07,27.51,28.85,11,-1.187725932795182
2006-11-11,0.0,27.81,28.85,11,-1.187725932795182
2006-11-12,5.22,27.07,34.07,11,-0.9917163440048694
2006-11-13,11.88,21.58,45.95,11,-0.6149831240707166
2006-11-14,0.18,23.42,46.13,11,-0.6098373502426208
2006-11-15,0.0,26.87,46.13,11,-0.6098373502426208
2006-11-16,2.3,25.96,48.43,11,-0.5452903352094342
2006-11-17,1.85,23.99,50.28,11,-0.49490860646150586
2006-11-18,1.27,25.54,51.550000000000004,11,-0.4610647315943293
2006-11-19,3.4,22.79,54.81,11,-0.37676089684736414
2006-11-20,1.46,23.52,55.15,11,-0.36817022578018055
2006-11-21,1.01,25.57,54.45,11,-0.3858971241018706
2006-11-22,1.64,27.69,54.25,11,-0.39099085764189634
2006-11-23,1.77,25.68,56.02,11,-0.34635343385569867
2006-11-24,0.66,25.63,56.63,11,-0.33119558191781
2006-11-25,2.85,27.7,59.480000000000004,11,-0.2618275601548407
2006-11-26,0.57,25.35,60.050000000000004,11,-0.24822935028264018
2006-11-27,0.06,26.65,60.11000000000001,11,-0.2468031158941709
2006-11-28,0.51,28.04,60.620000000000005,11,-0.23471933475236137
2006-11-29,1.35,27.28,61.970000000000006,11,-0.20306530590745098
2006-11-30,0.9,27.83,62.870000000000005,11,-0.18222371339914784
2006-12-01,0.03,30.25,62.900000000000006,12,-1.5770307136228325
2006-12-02,1.72,29.07,64.62,12,-1.5336807110540565
2006-12-03,0.02,28.34,64.64,12,-1.5331815544190417
2006-12-04,0.0,27.54,64.64,12,-1.5331815544190417
2006-12-05,0.34,26.11,64.98,12,-1.5247128392977307
2006-12-06,0.04,26.11,65.02000000000001,12,-1.5237186167134475
2006-12-07,0.45,28.92,65.47,12,-1.512563798863134
2006-12-08,0.71,26.22,66.18,12,-1.4950754941316253
2006-12-09,0.67,28.62,66.85000000000001,12,-1.4786955751548594
2006-12-10,0.14,28.89,66.99000000000001,12,-1.4752878009685524
2006-12-11,2.5,24.39,69.49000000000001,12,-1.415276584360961
2006-12-12,0.0,23.88,69.49000000000001,12,-1.415276584360961
2006-12-13,0.0,26.66,69.49000000000001,12,-1.415276584360961
2006-12-14,0.0,28.76,69.49000000000001,12,-1.415276584360961
2006-12-15,0.2,30.31,69.63,12,-1.411961966193903
2006-12-16,0.1,30.2,69.36,12,-1.4183587239174835
2006-12-17,1.95,29.25,71.31,12,-1.3725532220606476
2006-12-18,5.23,29.17,76.53999999999999,12,-1.2539590184380196
2006-12-19,8.24,26.68,84.78,12,-1.0782658958326605
2006-12-20,7.34,24.29,92.12,12,-0.9316271977702387
2006-12-21,5.18,26.08,97.3,12,-0.8329946187423967
2006-12-22,11.7,25.26,109.0,12,-0.6229418546730086
2006-12-23,2.34,26.99,111.34,12,-0.582824503158498
2006-12-24,2.97,26.29,114.31,12,-0.5327332489801602
2006-12-25,4.67,26.08,118.97999999999999,12,-0.45574654462545494
2006-12-26,1.73,26.73,120.7,12,-0.42791347335564095
2006-12-27,2.87,26.35,123.47,12,-0.38365354554823966
2006-12-28,14.4,25.54,137.87,12,-0.1638423392051567
2006-12-29,11.87,23.6,149.74,12,0.005939874141503389
2006-12-30,11.5,23.19,161.20000000000002,12,0.16148608800579722
2006-12-31,0.0,22.23,160.8,12,0.1561835990633433
2007-01-01,0.09,21.39,160.85,1,-1.2262435006821184
2007-01-02,0.02,22.84,160.87,1,-1.225849932189854
2007-01-03,0.08,24.06,160.95000000000002,1,-1.224275995212393
2007-01-04,0.01,25.63,160.05,1,-1.2420139652958335
2007-01-05,0.01,25.81,160.04,1,-1.2422114394860353
2007-01-06,0.01,25.93,160.02,1,-1.2426064133800523
2007-01-07,0.05,27.85,158.48999999999998,1,-1.2729233433223588
2007-01-08,0.13,25.18,157.38,1,-1.2950445556004813
2007-01-09,0.84,25.06,157.87,1,-1.2852661078913106
2007-01-10,1.37,25.53,159.22,1,-1.2584333497712867
2007-01-11,2.16,25.61,161.38,1,-1.2158253038097655
2007-01-12,0.1,28.47,161.48,1,-1.2138622500011902
2007-01-13,2.77,29.1,164.25,1,-1.1598151667449383
2007-01-14,7.33,26.87,171.58,1,-1.0197543203278019
2007-01-15,4.23,25.83,175.48,1,-0.9469002704873467
2007-01-16,0.12,27.08,175.58,1,-0.9450468559241462
2007-01-17,1.64,27.96,174.78,1,-0.9598944443611497
2007-01-18,5.21,26.79,179.98,1,-0.8642010778661712
2007-01-19,0.03,28.23,180.0,1,-0.8638366954916913
2007-01-20,2.28,25.57,182.26,1,-0.82283817240754
2007-01-21,0.01,24.79,182.26999999999998,1,-0.822657535607964
2007-01-22,0.0,25.06,182.26999999999998,1,-0.822657535607964
2007-01-23,0.03,28.45,182.29999999999998,1,-0.8221156657476425
2007-01-24,0.76,27.84,182.52,1,-0.8181438098909712
2007-01-25,0.16,26.74,177.61,1,-0.9075775900660451
2007-01-26,0.02,27.45,176.67,1,-0.9248912954658315
2007-01-27,0.76,26.82,176.72,1,-0.9239687703473326
2007-01-28,2.7,26.56,178.37,1,-0.893624994360099
2007-01-29,0.12,27.26,176.49,1,-0.9282138644338788
2007-01-30,0.24,28.86,174.51000000000002,1,-0.9649159977982646
2007-01-31,0.36,26.3,171.85,1,-1.0146742549113492
2007-02-01,0.09,26.64,171.94,2,-1.3920163126299943
2007-02-02,0.09,28.84,172.03,2,-1.390520516322966
2007-02-03,0.04,29.37,172.07,2,-1.389855892330373
2007-02-04,0.01,30.43,171.73,2,-1.3955086190004433
2007-02-05,0.07,29.47,171.8,2,-1.3943441876181746
2007-02-06,2.24,29.09,174.04,2,-1.3572549852020734
2007-02-07,0.59,27.53,174.63,2,-1.3475411006031308
2007-02-08,0.25,28.81,174.81,2,-1.3445820734685485
2007-02-09,1.58,29.8,176.39000000000001,2,-1.3186985769762558
2007-02-10,6.34,27.13,177.51000000000002,2,-1.3004479103261333
2007-02-11,0.0,22.07,165.63,2,-1.4982732294251195
2007-02-12,0.0,21.95,165.45000000000002,2,-1.501345330025703
2007-02-13,0.0,21.82,165.45000000000002,2,-1.501345330025703
2007-02-14,0.0,24.0,163.15,2,-1.5408064792205534
2007-02-15,0.01,26.72,161.31,2,-1.5726555679713505
2007-02-16,0.0,29.47,160.04,2,-1.594786524105389
2007-02-17,2.58,27.69,159.22,2,-1.6091410281716756
2007-02-18,0.09,27.71,157.85,2,-1.633239219735453
2007-02-19,0.0,27.76,156.83999999999997,2,-1.651098827535042
2007-02-20,0.0,26.7,155.2,2,-1.6802707452269519
2007-02-21,0.0,27.85,153.42999999999998,2,-1.7119982275269523
2007-02-22,0.03,30.22,152.79999999999998,2,-1.7233529252007165
2007-02-23,1.39,28.67,151.34,2,-1.749793719797602
2007-02-24,0.54,28.09,151.31,2,-1.7503388957306827
2007-02-25,0.02,28.53,151.27,2,-1.7510659149363437
2007-02-26,0.01,27.94,150.77,2,-1.7601650553973736
2007-02-27,0.0,27.0,149.42,2,-1.7848389782197154
2007-02-28,0.0,27.43,148.52,2,-1.8013753477657064
2007-03-01,0.0,28.04,148.49,3,-1.2989060687232987
2007-03-02,0.0,28.87,146.77,3,-1.3230813897869635
2007-03-03,0.74,28.8,147.49,3,-1.3129373819504822
2007-03-04,0.82,28.49,148.31,3,-1.3014267939407962
2007-03-05,0.0,25.93,147.97,3,-1.3061940351979755
2007-03-06,0.0,24.98,147.93,3,-1.3067553930274545
2007-03-07,1.15,25.31,148.63,3,-1.2969469885092666
2007-03-08,0.94,24.35,148.86,3,-1.2937313120293545
2007-03-09,0.09,23.46,148.28,3,-1.3018471237687397
2007-03-10,0.13,23.57,148.27,3,-1.30198724699029
2007-03-11,0.01,26.3,145.78,3,-1.337086704206742
2007-03-12,0.2,27.64,145.98000000000002,3,-1.3342519666895842
2007-03-13,0.0,28.81,145.98000000000002,3,-1.3342519666895842
2007-03-14,0.14,28.79,146.12,3,-1.3322692758496708
2007-03-15,0.39,28.25,146.31,3,-1.3295806175702054
2007-03-16,0.0,28.03,146.21,3,-1.3309953944973856
2007-03-17,0.0,27.25,144.26000000000002,3,-1.3587206670955463
2007-03-18,0.0,25.06,139.03,3,-1.434408942956651
2007-03-19,0.0,20.54,130.79000000000002,3,-1.557850074504656
2007-03-20,0.0,22.4,123.45,3,-1.6725475005223207
2007-03-21,0.0,26.8,118.27,3,-1.7564525215440923
2007-03-22,0.0,27.63,106.57,3,-1.9561523124685807
2007-03-23,0.58,26.24,104.80999999999999,3,-1.9875404645181782
2007-03-24,0.0,27.02,101.83999999999999,3,-2.041382853295095
2007-03-25,3.7,26.44,100.86999999999999,3,-2.0592137452003243
2007-03-26,0.06,25.29,99.2,3,-2.0902056242140232
2007-03-27,3.3,24.63,99.63,3,-2.082189732252251
2007-03-28,8.31,21.94,93.53999999999999,3,-2.198148279896045
2007-03-29,3.13,21.54,84.8,3,-2.3746019193452077
2007-03-30,3.52,21.52,76.82000000000001,3,-2.5477898913038386
2007-03-31,5.21,19.81,82.03,3,-2.4333026096438473
2007-04-01,0.32,20.72,82.26,4,-1.9412230172959122
2007-04-02,0.14,21.45,82.38000000000001,4,-1.9388335894696707
2007-04-03,0.59,20.09,82.89,4,-1.928706727340394
2007-04-04,0.21,20.68,83.09,4,-1.9247477995813465
2007-04-05,0.48,20.57,83.55999999999999,4,-1.915471562908764
2007-04-06,0.47,23.18,84.02000000000001,4,-1.9064294036391902
2007-04-07,2.35,22.56,86.32000000000001,4,-1.861750964274964
2007-04-08,3.68,19.85,89.87,4,-1.794457523375493
2007-04-09,1.93,19.92,90.96000000000001,4,-1.7741826271644379
2007-04-10,0.0,21.74,89.59,4,-1.799694463729008
2007-04-11,0.05,23.85,87.48,4,-1.8395449188559834
2007-04-12,0.16,23.07,87.53999999999999,4,-1.8384021567609177
2007-04-13,0.49,21.32,85.26,4,-1.8822329937699922
2007-04-14,0.31,20.45,78.24000000000001,4,-2.0227813306669145
2007-04-15,0.02,22.21,74.03,4,-2.1115514661465165
2007-04-16,0.69,23.85,74.6,4,-2.099319405023041
2007-04-17,2.71,23.65,75.67,4,-2.0765415662798765
2007-04-18,4.67,21.52,75.13,4,-2.0880071637923407
2007-04-19,0.54,20.85,75.64,4,-2.077176966179112
2007-04-20,0.0,20.64,73.36,4,-2.126018311008849
2007-04-21,0.02,21.52,73.36999999999999,4,-2.1258016753263416
2007-04-22,0.16,23.04,73.52999999999999,4,-2.1223384533352747
2007-04-23,0.4,21.73,73.9,4,-2.1143509190095973
2007-04-24,0.18,21.06,73.32000000000001,4,-2.126885070946606
2007-04-25,0.01,22.31,73.17,4,-2.1301385210263892
2007-04-26,0.71,22.4,73.86,4,-2.1152130171708463
2007-04-27,0.01,20.19,73.11,4,-2.1314412745502973
2007-04-28,1.16,13.19,71.57000000000001,4,-2.165151147353698
2007-04-29,0.0,12.4,71.45,4,-2.167800242052165
2007-04-30,0.0,14.93,71.21000000000001,4,-2.173108281688875
2007-05-01,0.0,17.05,70.85000000000001,5,-1.4053689234469804
2007-05-02,0.0,17.09,70.76,5,-1.4072315896141667
2007-05-03,0.0,18.9,70.67,5,-1.4090959648742725
2007-05-04,0.0,19.58,70.63000000000001,5,-1.409925125723492
2007-05-05,0.11,18.73,70.73,5,-1.4078528579416925
2007-05-06,0.0,17.09,70.66000000000001,5,-1.4093032233506617
2007-05-07,0.0,17.88,68.42,5,-1.4562725216661703
2007-05-08,0.0,18.12,67.83000000000001,5,-1.4688284060068006
2007-05-09,0.0,19.53,67.58000000000001,5,-1.4741725328365145
2007-05-10,0.0,18.73,66.0,5,-1.5082827804391234
2007-05-11,0.0,17.01,59.66,5,-1.6514421150865948
2007-05-12,0.0,18.1,59.66,5,-1.6514421150865948
2007-05-13,0.0,20.12,59.66,5,-1.6514421150865948
2007-05-14,0.0,20.44,59.66,5,-1.6514421150865948
2007-05-15,0.0,18.48,59.66,5,-1.6514421150865948
2007-05-16,0.0,17.84,59.65,5,-1.6516764901968517
2007-05-17,0.0,18.8,59.65,5,-1.6516764901968517
2007-05-18,0.0,19.88,57.07,5,-1.7131303221420406
2007-05-19,0.0,19.79,56.98,5,-1.7153104793564493
2007-05-20,0.05,18.73,57.03,5,-1.714098969431737
2007-05-21,0.0,9.76,57.03,5,-1.714098969431737
2007-05-22,0.0,6.46,57.03,5,-1.714098969431737
2007-05-23,0.0,6.82,57.0,5,-1.7148257818756742
2007-05-24,0.0,8.56,55.61,5,-1.7488135832281748
2007-05-25,0.0,10.83,55.07,5,-1.7621858141637472
2007-05-26,0.0,11.0,55.050000000000004,5,-1.7626829295106043
2007-05-27,0.0,12.83,55.040000000000006,5,-1.76293153698061
2007-05-28,0.0,13.43,55.040000000000006,5,-1.76293153698061
2007-05-29,0.0,14.2,55.040000000000006,5,-1.76293153698061
2007-05-30,0.0,15.9,55.040000000000006,5,-1.76293153698061
2007-05-31,0.02,16.24,55.06,5,-1.7624343552419577
2007-06-01,0.03,15.32,54.35,6,-0.7804020694214671
2007-06-02,1.49,12.26,55.02,6,-0.7644082034771411
2007-06-03,0.0,12.98,55.02,6,-0.7644082034771411
2007-06-04,0.01,13.78,55.03,6,-0.7641705344434003
2007-06-05,16.14,15.23,70.02000000000001,6,-0.4375281016064976
2007-06-06,5.55,12.14,74.63000000000001,6,-0.34699322169126723
2007-06-07,0.0,9.69,74.54,6,-0.34872323923493803
2007-06-08,0.0,9.85,74.41000000000001,6,-0.3512246956331961
2007-06-09,0.0,11.01,74.4,6,-0.3514172400253185
2007-06-10,0.0,12.99,74.2,6,-0.35527187806714927
2007-06-11,0.0,13.81,74.2,6,-0.35527187806714927
2007-06-12,0.0,14.71,74.06,6,-0.35797438678734433
2007-06-13,0.0,15.96,73.67,6,-0.36552142001444443
2007-06-14,0.0,13.99,73.67,6,-0.36552142001444443
2007-06-15,0.0,11.38,73.67,6,-0.36552142001444443
2007-06-16,0.0,11.4,73.67,6,-0.36552142001444443
2007-06-17,0.0,12.55,73.67,6,-0.36552142001444443
2007-06-18,0.0,13.87,73.67,6,-0.36552142001444443
2007-06-19,0.0,12.3,73.67,6,-0.36552142001444443
2007-06-20,0.0,11.95,73.67,6,-0.36552142001444443
2007-06-21,0.0,12.63,73.09,6,-0.3767963360950624
2007-06-22,0.0,11.4,73.09,6,-0.3767963360950624
2007-06-23,0.0,10.82,69.39,6,-0.45021780566167036
2007-06-24,0.0,11.36,69.33,6,-0.4514305061806672
2007-06-25,0.0,11.89,66.03,6,-0.5192817009291022
2007-06-26,0.0,11.01,57.72,6,-0.7013146468093329
2007-06-27,0.0,5.44,54.589999999999996,6,-0.7746569819963368
2007-06-28,0.0,9.49,51.07,6,-0.8607823510099665
2007-06-29,0.0,12.61,45.86,6,-0.9963762523523682
2007-06-30,0.0,13.33,45.54,6,-1.0050567466792404
2007-07-01,0.0,11.24,45.4,7,0.2623768633333289
2007-07-02,0.0,8.96,44.809999999999995,7,0.24911698239510574
2007-07-03,0.01,9.14,44.61,7,0.2445954148833085
2007-07-04,0.63,9.26,44.76,7,0.2479878682149145
2007-07-05,0.14,8.97,44.43,7,0.240514300707901
2007-07-06,0.0,10.14,42.08,7,0.18617765626702915
2007-07-07,0.0,11.96,38.4,7,0.09678921152646182
2007-07-08,0.0,11.03,36.47,7,0.047551643273259385
2007-07-09,0.0,8.01,36.47,7,0.047551643273259385
2007-07-10,0.0,10.26,36.42,7,0.04625256561533143
2007-07-11,0.0,11.09,36.26,7,0.042087267187973704
2007-07-12,0.0,12.75,35.769999999999996,7,0.02925193700471322
2007-07-13,0.0,11.91,35.46,7,0.02106905027743259
2007-07-14,0.0,11.77,35.44,7,0.020539434031427623
2007-07-15,0.0,13.2,34.75,7,0.0021402088831235207
2007-07-16,0.0,13.85,32.04,7,-0.07266810053319696
2007-07-17,0.0,14.88,27.369999999999997,7,-0.21265502515723617
2007-07-18,0.0,13.93,26.83,7,-0.22989739836847753
2007-07-19,0.0,14.0,26.83,7,-0.22989739836847753
2007-07-20,0.0,15.31,26.81,7,-0.23054068543041337
2007-07-21,0.0,16.9,26.65,7,-0.2356992112613029
2007-07-22,0.0,13.77,26.25,7,-0.24869189075654596
2007-07-23,0.0,15.28,26.07,7,-0.25458426666649797
2007-07-24,0.0,15.69,26.06,7,-0.2549124632544699
2007-07-25,0.0,14.95,25.349999999999998,7,-0.2784458284858442
2007-07-26,0.0,11.01,25.34,7,-0.27878059940600824
2007-07-27,0.0,12.32,24.18,7,-0.31826748273952765
2007-07-28,0.0,9.14,24.18,7,-0.31826748273952765
2007-07-29,0.0,9.83,24.18,7,-0.31826748273952765
2007-07-30,0.0,11.38,24.18,7,-0.31826748273952765
2007-07-31,0.0,12.85,24.18,7,-0.31826748273952765
2007-08-01,0.0,14.42,24.18,8,0.6149733574492531
2007-08-02,0.0,14.88,24.18,8,0.6149733574492531
2007-08-03,0.0,15.1,24.07,8,0.6108862858118228
2007-08-04,0.0,14.78,24.07,8,0.6108862858118228
2007-08-05,0.0,12.85,24.07,8,0.6108862858118228
2007-08-06,0.0,13.53,24.07,8,0.6108862858118228
2007-08-07,0.0,11.35,24.07,8,0.6108862858118228
2007-08-08,0.0,11.29,24.07,8,0.6108862858118228
2007-08-09,0.0,12.48,24.07,8,0.6108862858118228
2007-08-10,0.0,14.14,24.07,8,0.6108862858118228
2007-08-11,0.0,16.28,24.07,8,0.6108862858118228
2007-08-12,0.0,16.53,24.07,8,0.6108862858118228
2007-08-13,0.0,17.0,24.07,8,0.6108862858118228
2007-08-14,0.0,17.79,24.07,8,0.6108862858118228
2007-08-15,0.0,12.89,24.07,8,0.6108862858118228
2007-08-16,0.0,11.63,24.07,8,0.6108862858118228
2007-08-17,0.0,12.61,24.07,8,0.6108862858118228
2007-08-18,0.0,13.74,24.02,8,0.6090244671116626
2007-08-19,0.0,14.65,24.02,8,0.6090244671116626
2007-08-20,0.0,17.7,24.02,8,0.6090244671116626
2007-08-21,0.0,19.3,24.02,8,0.6090244671116626
2007-08-22,0.0,19.5,24.02,8,0.6090244671116626
2007-08-23,0.0,17.58,24.02,8,0.6090244671116626
2007-08-24,0.0,13.48,24.02,8,0.6090244671116626
2007-08-25,0.0,14.29,24.02,8,0.6090244671116626
2007-08-26,0.01,16.73,24.03,8,0.6093970345343822
2007-08-27,0.0,15.6,24.03,8,0.6093970345343822
2007-08-28,0.0,14.16,24.03,8,0.6093970345343822
2007-08-29,0.0,16.8,24.01,8,0.6086517976989834
2007-08-30,0.0,17.98,23.98,8,0.6075331767761601
2007-08-31,0.0,21.11,22.490000000000002,8,0.5507736167011442
2007-09-01,0.0,21.85,22.490000000000002,9,0.8814972366643292
2007-09-02,0.0,23.11,22.48,9,0.8811210501265562
2007-09-03,0.0,22.63,6.34,9,0.012707107953683341
2007-09-04,0.0,22.05,0.79,9,-0.8743259990929027
2007-09-05,0.0,23.23,0.79,9,-0.8743259990929027
2007-09-06,0.0,23.13,0.79,9,-0.8743259990929027
2007-09-07,0.0,21.08,0.79,9,-0.8743259990929027
2007-09-08,0.0,21.39,0.79,9,-0.8743259990929027
2007-09-09,0.0,23.62,0.79,9,-0.8743259990929027
2007-09-10,0.0,23.26,0.79,9,-0.8743259990929027
2007-09-11,0.0,23.31,0.79,9,-0.8743259990929027
2007-09-12,0.0,24.11,0.79,9,-0.8743259990929027
2007-09-13,0.0,24.05,0.79,9,-0.8743259990929027
2007-09-14,0.0,23.76,0.79,9,-0.8743259990929027
2007-09-15,0.0,22.36,0.79,9,-0.8743259990929027
2007-09-16,0.0,23.4,0.79,9,-0.8743259990929027
2007-09-17,0.0,21.88,0.79,9,-0.8743259990929027
2007-09-18,0.0,22.03,0.79,9,-0.8743259990929027
2007-09-19,0.01,22.54,0.8,9,-0.8702298464508721
2007-09-20,0.0,23.37,0.8,9,-0.8702298464508721
2007-09-21,0.0,23.38,0.8,9,-0.8702298464508721
2007-09-22,0.0,24.82,0.8,9,-0.8702298464508721
2007-09-23,0.0,24.35,0.8,9,-0.8702298464508721
2007-09-24,0.0,22.78,0.8,9,-0.8702298464508721
2007-09-25,0.0,21.7,0.8,9,-0.8702298464508721
2007-09-26,6.47,20.0,7.27,9,0.09047947059065324
2007-09-27,20.59,16.71,27.86,9,1.0700018220438783
2007-09-28,1.3,15.97,29.16,9,1.1121456027642316
2007-09-29,3.68,17.86,32.84,9,1.2254880103714803
2007-09-30,0.75,19.26,33.59,9,1.2476164559021232
2007-10-01,7.13,19.3,40.71,10,0.6949522357049952
2007-10-02,5.88,20.72,45.96,10,0.824226156262881
2007-10-03,0.53,22.26,46.35,10,0.8334429628248042
2007-10-04,0.02,23.94,46.37,10,0.8339142818625327
2007-10-05,11.97,19.73,58.34,10,1.0956484587685127
2007-10-06,13.15,18.56,71.49,10,1.3468296484048197
2007-10-07,0.99,19.74,72.48,10,1.364538554377697
2007-10-08,0.75,19.62,73.23,10,1.377855699581972
2007-10-09,0.02,14.48,73.25,10,1.3782096747262242
2007-10-10,0.1,17.79,73.35,10,1.3799786613607647
2007-10-11,0.52,18.52,73.87,10,1.3891536226227605
2007-10-12,0.0,19.58,73.87,10,1.3891536226227605
2007-10-13,0.01,21.39,73.88,10,1.3893296753290167
2007-10-14,0.19,22.64,74.07,10,1.3926719040971203
2007-10-15,0.05,23.31,74.12,10,1.3935505640836108
2007-10-16,3.68,22.71,77.8,10,1.4572492899694516
2007-10-17,1.87,22.31,79.67,10,1.4889137499694596
2007-10-18,0.55,24.39,80.22,10,1.498140449045973
2007-10-19,1.5,22.1,81.72,10,1.523110078522527
2007-10-20,6.26,19.87,87.98,10,1.6244185436337872
2007-10-21,0.01,20.87,87.99,10,1.6245768271677965
2007-10-22,0.11,21.08,88.1,10,1.6263172291991401
2007-10-23,1.85,22.36,89.95,10,1.6553931565442672
2007-10-24,0.0,21.46,89.95,10,1.6553931565442672
2007-10-25,11.41,18.52,101.36,10,1.8272343205337456
2007-10-26,2.01,15.2,103.37,10,1.8562858159222841
2007-10-27,1.07,18.21,104.44,10,1.8716137831137707
2007-10-28,0.02,21.12,104.46000000000001,10,1.8718993943787545
2007-10-29,0.0,22.61,104.46000000000001,10,1.8718993943787545
2007-10-30,4.42,24.35,108.88,10,1.934238849572506
2007-10-31,12.64,21.14,121.52,10,2.104638620210755
2007-11-01,1.26,22.92,122.78,11,0.9030617100421311
2007-11-02,0.11,24.03,122.89,11,0.9046872085545052
2007-11-03,0.03,25.31,122.92,11,0.9051303636360579
2007-11-04,0.07,25.99,122.99,11,0.9061641212693075
2007-11-05,0.03,23.17,123.02,11,0.9066070442299096
2007-11-06,0.0,19.25,123.02,11,0.9066070442299096
2007-11-07,1.0,20.19,124.02,11,0.9213315120168314
2007-11-08,0.15,21.32,124.17,11,0.9235335814325242
2007-11-09,0.0,22.73,124.17,11,0.9235335814325242
2007-11-10,0.0,22.87,124.17,11,0.9235335814325242
2007-11-11,0.34,22.0,124.51,11,0.9285186078769728
2007-11-12,0.01,25.11,124.52,11,0.928665093607988
2007-11-13,0.0,26.08,124.52,11,0.928665093607988
2007-11-14,0.02,26.68,124.54,11,0.9289580423614934
2007-11-15,0.73,27.78,125.27,11,0.9396300229696884
2007-11-16,2.69,27.19,127.96000000000001,11,0.9786139919166391
2007-11-17,3.24,26.25,131.2,11,1.0248764963446477
2007-11-18,2.66,24.65,133.86,11,1.0623132433834765
2007-11-19,0.05,25.52,133.91,11,1.0630123641081577
2007-11-20,2.52,25.05,136.43,11,1.0980341237940883
2007-11-21,2.37,23.51,138.8,11,1.1305963517197497
2007-11-22,0.85,24.79,139.65,11,1.142188356029557
2007-11-23,0.04,24.26,139.69,11,1.142732753023211
2007-11-24,3.51,25.23,143.19,11,1.189988343762101
2007-11-25,7.36,24.46,150.55,11,1.2870179678564257
2007-11-26,2.46,23.4,153.01000000000002,11,1.3187771899159104
2007-11-27,0.03,24.19,153.04000000000002,11,1.3191624971982394
2007-11-28,13.11,19.52,166.15,11,1.4831836738388313
2007-11-29,20.59,20.11,186.74,11,1.725144013709953
2007-11-30,5.93,22.38,192.67000000000002,11,1.7917177796388897
2007-12-01,5.16,22.96,197.83,12,0.6141162640785439
2007-12-02,3.84,23.7,201.67000000000002,12,0.6582588752606007
2007-12-03,19.52,23.06,221.19,12,0.8745564851023815
2007-12-04,25.69,21.86,246.88,12,1.1411084309860102
2007-12-05,13.28,21.87,260.16,12,1.2719255289871745
2007-12-06,9.1,22.43,269.26,12,1.3591145300485306
2007-12-07,4.66,21.39,273.92,12,1.403035491864646
2007-12-08,3.5,21.06,277.42,12,1.435711027758717
2007-12-09,1.72,21.53,279.14,12,1.4516725458546946
2007-12-10,1.17,22.53,280.31,12,1.462494346285376
2007-12-11,1.02,24.13,281.33,12,1.4719053115641307
2007-12-12,3.1,23.5,284.43,12,1.5003747659162099
2007-12-13,1.21,24.07,285.64,12,1.5114335156172996
2007-12-14,6.13,23.87,291.77,12,1.567006211132528
2007-12-15,2.35,23.56,294.12,12,1.5881141131131684
2007-12-16,18.08,21.17,312.2,12,1.7470499063422908
2007-12-17,4.52,22.98,316.72,12,1.7858707902525424
2007-12-18,0.44,21.36,317.15000000000003,12,1.789545699683052
2007-12-19,0.44,19.37,317.59000000000003,12,1.7933028258020616
2007-12-20,2.15,18.63,319.74,12,1.8116145421480865
2007-12-21,0.03,20.54,319.77000000000004,12,1.8118695054308476
2007-12-22,0.0,23.85,319.77000000000004,12,1.8118695054308476
2007-12-23,0.04,23.16,319.81,12,1.812209433061533
2007-12-24,0.0,23.17,319.81,12,1.812209433061533
2007-12-25,1.59,22.05,314.93,12,1.7705390496038869
2007-12-26,0.36,23.61,294.7,12,1.5933072644914281
2007-12-27,0.0,25.11,293.4,12,1.5816584062291932
2007-12-28,0.24,24.14,289.96,12,1.5506750323644956
2007-12-29,0.36,24.14,289.57,12,1.547147697203448
2007-12-30,0.0,22.03,282.44,12,1.4821220293361914
2007-12-31,0.0,22.27,276.56,12,1.4277066317498623
2008-01-01,0.0,23.85,276.03,1,0.6405382933586065
2008-01-02,0.01,25.31,276.02,1,0.6404015130627675
2008-01-03,0.41,26.8,264.46000000000004,1,0.48004662959567324
2008-01-04,10.06,25.25,261.37,1,0.4364021463351351
2008-01-05,3.3,24.72,263.68,1,0.469061522470971
2008-01-06,1.08,25.13,264.01,1,0.4737116854475416
2008-01-07,3.11,26.51,267.1,1,0.517068913540132
2008-01-08,0.3,25.18,267.29999999999995,1,0.5198637658579252
2008-01-09,8.81,21.56,275.59,1,0.6345168706570987
2008-01-10,3.76,18.32,279.34999999999997,1,0.6857702277598359
2008-01-11,1.85,19.53,281.19,1,0.7106863496338085
2008-01-12,2.39,22.28,283.39,1,0.7403370644283824
2008-01-13,2.78,24.31,286.12,1,0.7769213854805221
2008-01-14,2.95,24.61,285.39,1,0.7671612987716703
2008-01-15,0.15,25.55,283.66999999999996,1,0.744099927550161
2008-01-16,3.78,26.35,286.9,1,0.7873319221936156
2008-01-17,11.47,25.15,296.86999999999995,1,0.9187947707476921
2008-01-18,3.79,22.31,294.4,1,0.8864986367436074
2008-01-19,7.25,21.04,301.64,1,0.9806700331875761
2008-01-20,13.97,21.39,315.5,1,1.1569092628053013
2008-01-21,12.66,20.4,326.31,1,1.2908955329492642
2008-01-22,6.18,20.88,332.49,1,1.3662028557428754
2008-01-23,10.96,22.66,332.03999999999996,1,1.3607501138516334
2008-01-24,6.74,21.96,336.77,1,1.417827027459615
2008-01-25,13.4,20.94,349.1,1,1.5642145023069636
2008-01-26,1.05,21.49,350.13,1,1.576290947182068
2008-01-27,0.28,22.36,350.41,1,1.57956989895602
2008-01-28,0.43,23.19,346.42,1,1.5326840985079555
2008-01-29,0.9,23.57,334.68,1,1.3926714713792205
2008-01-30,0.67,23.11,334.09,1,1.385551730576638
2008-01-31,3.72,24.36,337.7,1,1.428988146888639
2008-02-01,6.51,24.98,344.18,2,0.828465258095678
2008-02-02,1.59,23.32,345.7,2,0.8442637729901822
2008-02-03,2.31,24.66,347.98,2,0.867876487421527
2008-02-04,1.57,25.17,349.55,2,0.8840773085997516
2008-02-05,0.64,23.64,349.19,2,0.8803666842954414
2008-02-06,1.17,22.95,350.21,2,0.8908736318415131
2008-02-07,0.14,24.38,350.34999999999997,2,0.8923141988347435
2008-02-08,0.19,23.27,350.53999999999996,2,0.8942686519143882
2008-02-09,0.47,23.12,350.67,2,0.8956055100920843
2008-02-10,1.44,21.68,352.1,2,0.9102896050759173
2008-02-11,0.0,20.95,352.1,2,0.9102896050759173
2008-02-12,0.14,23.37,352.21999999999997,2,0.911520062041422
2008-02-13,3.03,24.67,354.52000000000004,2,0.9350510456678283
2008-02-14,16.1,22.84,367.93,2,1.0702998205752063
2008-02-15,0.89,24.59,365.58,2,1.046833608816372
2008-02-16,0.81,24.53,363.72999999999996,2,1.0282909553130746
2008-02-17,0.01,23.82,363.69,2,1.0278893547271681
2008-02-18,0.0,24.75,361.17,2,1.0025302242018548
2008-02-19,0.1,26.38,358.9,2,0.979587865652791
2008-02-20,5.45,25.25,363.5,2,1.0259813585327597
2008-02-21,1.81,25.41,365.27,2,1.0437307343835307
2008-02-22,1.06,25.77,362.82,2,1.0191474069411297
2008-02-23,0.6,26.14,356.06,2,0.9507508653506976
2008-02-24,1.26,25.82,354.86,2,0.9385210665768484
2008-02-25,5.25,24.9,360.08,2,0.9915256297286118
2008-02-26,14.83,23.01,361.79999999999995,2,1.0088807992914073
2008-02-27,2.0,24.06,343.21,2,0.8183594085750672
2008-02-28,2.31,24.76,339.59,2,0.7804786522310709
2008-02-29,1.53,23.33,335.96000000000004,2,0.7422263902824426
2008-03-01,2.68,22.34,334.8,3,0.6257000164894867
2008-03-02,0.74,23.79,316.02000000000004,3,0.4715006435773652
2008-03-03,1.33,23.58,291.66,3,0.2621939382249259
2008-03-04,2.2,24.0,280.58,3,0.16314356595595028
2008-03-05,2.02,22.04,273.5,3,0.09847992797824602
2008-03-06,0.55,21.75,269.39,3,0.060428197210173125
2008-03-07,0.28,23.01,266.17,3,0.030344361457401187
2008-03-08,0.16,22.15,264.61,3,0.01568196750239143
2008-03-09,0.35,23.2,263.79,3,0.007951597047042975
2008-03-10,0.01,25.12,262.78000000000003,3,-0.0015921081370267039
2008-03-11,0.08,24.7,259.76,3,-0.030276177887012992
2008-03-12,0.84,23.34,259.39000000000004,3,-0.03380579741743517
2008-03-13,1.6,22.74,254.86,3,-0.07729626676711833
2008-03-14,12.98,21.11,265.49,3,0.02396015294178848
2008-03-15,7.77,20.32,255.18,3,-0.07420713637282177
2008-03-16,22.93,17.56,273.59000000000003,3,0.09930889049439673
2008-03-17,4.89,14.19,278.04,3,0.14007154215798742
2008-03-18,2.37,16.92,279.97,3,0.15761538821830676
2008-03-19,1.01,19.75,278.83,3,0.1472624843952134
2008-03-20,0.25,20.69,279.05,3,0.14926260705628347
2008-03-21,0.57,20.08,279.62,3,0.15443985858455417
2008-03-22,0.96,21.07,280.53999999999996,3,0.16278130796642376
2008-03-23,0.31,20.89,280.84999999999997,3,0.16558790790571426
2008-03-24,0.62,20.74,279.88,3,0.1567990762355481
2008-03-25,0.0,22.08,279.52,3,0.15353207792237028
2008-03-26,0.67,22.46,280.19,3,0.15961008164920684
2008-03-27,0.47,22.38,280.42,3,0.16169432748100293
2008-03-28,1.24,23.28,281.29999999999995,3,0.16965833479334122
2008-03-29,0.77,23.17,282.07,3,0.17661323927733288
2008-03-30,1.25,21.53,283.32,3,0.18787679794501314
2008-03-31,0.75,21.77,284.07,3,0.19461906137242954
2008-04-01,2.49,20.63,286.55,4,0.5322071211488439
2008-04-02,2.18,20.45,288.32,4,0.5470204349384088
2008-04-03,0.56,19.97,278.82,4,0.4667984883250492
2008-04-04,0.38,21.67,275.9,4,0.44177960940534783
2008-04-05,0.51,22.04,275.33000000000004,4,0.4368754352165579
2008-04-06,0.0,20.8,272.22,4,0.4099988413105224
2008-04-07,0.01,20.71,271.93,4,0.40748234810089723
2008-04-08,0.07,20.05,263.19,4,0.33079284774915435
2008-04-09,0.38,19.38,259.81,4,0.300682833434413
2008-04-10,0.02,19.44,257.97999999999996,4,0.284272166914159
2008-04-11,1.64,19.54,257.23,4,0.2775241676438199
2008-04-12,1.42,20.18,255.87,4,0.26525440448270854
2008-04-13,0.24,19.41,253.16,4,0.2406753355606075
2008-04-14,0.77,18.97,253.78,4,0.2463139565273006
2008-04-15,1.41,19.09,251.41,4,0.2247101858479449
2008-04-16,0.0,20.75,239.94,4,0.11819330955497198
2008-04-17,0.0,21.64,236.15,4,0.08225178407473736
2008-04-18,0.0,19.26,228.9,4,0.01240833516882499
2008-04-19,0.0,20.5,214.93,4,-0.12647646325365577
2008-04-20,0.0,15.87,202.27,4,-0.2576954828526399
2008-04-21,0.0,12.5,196.09,4,-0.3237770000477177
2008-04-22,0.0,14.0,185.13,4,-0.44453996080971725
2008-04-23,0.0,14.27,178.39000000000001,4,-0.5212456568119163
2008-04-24,0.0,15.69,164.99,4,-0.6798585762261715
2008-04-25,0.0,16.33,163.94,4,-0.6926564547000955
2008-04-26,0.0,18.95,163.66,4,-0.6960787624714995
2008-04-27,0.0,20.08,163.23,4,-0.701342320360205
2008-04-28,0.0,19.05,162.33,4,-0.7123901098194757
2008-04-29,0.0,18.92,161.66,4,-0.7206420519464392
2008-04-30,0.0,19.0,157.94,4,-0.7668937572518506
2008-05-01,0.03,21.02,151.46,5,-0.15773553266019125
2008-05-02,2.37,17.9,152.24,5,-0.14826543719030158
2008-05-03,13.5,14.94,163.43,5,-0.015876921712887487
2008-05-04,0.76,16.15,162.62,5,-0.025251023911772183
2008-05-05,0.0,14.93,161.98,5,-0.03267997037805824
2008-05-06,0.0,16.72,160.81,5,-0.046312267320093296
2008-05-07,0.0,17.17,160.67,5,-0.047947952640273746
2008-05-08,0.0,17.63,160.48,5,-0.050169347941378915
2008-05-09,0.0,19.25,160.01,5,-0.05567200306900841
2008-05-10,0.0,20.09,158.57,5,-0.07259932917461487
2008-05-11,0.0,19.32,158.57,5,-0.07259932917461487
2008-05-12,0.0,17.37,158.43,5,-0.07425056204057223
2008-05-13,0.0,17.72,155.4,5,-0.11023182099371694
2008-05-14,0.0,17.48,139.3,5,-0.3098499883894954
2008-05-15,0.0,17.88,138.41,5,-0.321332949521324
2008-05-16,0.0,19.28,137.6,5,-0.3318276091878551
2008-05-17,0.0,18.93,137.59,5,-0.33195743607002753
2008-05-18,0.0,16.34,137.59,5,-0.33195743607002753
2008-05-19,0.0,16.18,137.49,5,-0.33325605933212726
2008-05-20,0.0,14.77,132.04,5,-0.4050295378802149
2008-05-21,0.0,15.0,130.23,5,-0.42931429427247864
2008-05-22,0.0,16.83,129.17,5,-0.44364394087726333
2008-05-23,0.0,15.62,128.57,5,-0.45179085930236046
2008-05-24,0.33,15.03,127.64,5,-0.4644703340671737
2008-05-25,5.59,15.2,127.98,5,-0.45982749129141137
2008-05-26,0.43,15.79,113.58000000000001,5,-0.6644256087854753
2008-05-27,0.29,16.43,111.87,5,-0.689892422390814
2008-05-28,0.03,16.25,109.59,5,-0.7242723923991561
2008-05-29,0.0,16.48,108.06,5,-0.747623142196971
2008-05-30,0.0,16.45,105.38,5,-0.7890865675317712
2008-05-31,0.0,15.97,104.64,5,-0.8006648671422967
2008-06-01,0.0,16.17,103.31,6,0.14425525807093253
2008-06-02,0.0,15.91,101.11,6,0.11011697310326848
2008-06-03,0.6,17.21,99.69,6,0.08781681065288752
2008-06-04,2.46,14.09,101.6,6,0.11776329265152205
2008-06-05,0.0,11.12,101.32,6,0.11339700464936017
2008-06-06,0.0,12.48,101.16,6,0.11089834730669099
2008-06-07,0.0,13.96,100.81,6,0.10542327394594449
2008-06-08,0.0,16.05,100.8,6,0.10526665594967566
2008-06-09,0.0,12.38,100.72,6,0.10401333636349713
2008-06-10,0.0,12.34,99.88,6,0.09081294523006106
2008-06-11,0.0,12.82,98.28,6,0.06546151123155254
2008-06-12,0.0,15.37,85.3,6,-0.15129380127700667
2008-06-13,0.0,16.77,77.53,6,-0.29200039427450364
2008-06-14,0.0,15.85,54.6,6,-0.774417991302774
2008-06-15,0.0,16.38,49.71,6,-0.8951880645690058
2008-06-16,0.0,13.37,47.34,6,-0.9567842887608481
2008-06-17,0.0,13.24,46.33,6,-0.9837051869640631
2008-06-18,0.0,14.88,46.08,6,-0.9904335821869815
2008-06-19,0.0,14.08,45.510000000000005,6,-1.0058727842789814
2008-06-20,0.55,14.42,45.1,6,-1.0170641926222577
2008-06-21,0.96,14.29,45.75,6,-0.9993552570267746
2008-06-22,0.0,13.65,45.13,6,-1.0162428378670048
2008-06-23,0.0,13.62,45.13,6,-1.0162428378670048
2008-06-24,0.0,13.78,44.46,6,-1.034680689072956
2008-06-25,0.0,13.55,43.99,6,-1.0477342585397682
2008-06-26,0.0,14.77,42.75,6,-1.0826622011029674
2008-06-27,0.0,13.12,41.98,6,-1.1047205540188665
2008-06-28,0.0,13.02,40.73,6,-1.1411604458617555
2008-06-29,0.0,13.42,39.98,6,-1.163414551643462
2008-06-30,0.0,13.31,37.49,6,-1.2395438683945066
2008-07-01,0.0,14.06,35.31,7,0.01709190254238841
2008-07-02,0.0,13.76,34.75,7,0.0021402088831235207
2008-07-03,0.0,13.67,34.37,7,-0.008100462605271056
2008-07-04,0.0,13.11,33.86,7,-0.021968121706817705
2008-07-05,0.0,10.34,33.86,7,-0.021968121706817705
2008-07-06,0.0,9.63,33.85,7,-0.022241474818827572
2008-07-07,0.0,12.1,33.78,7,-0.024156511475078166
2008-07-08,0.0,14.48,33.4,7,-0.034600598180944714
2008-07-09,0.0,11.98,33.38,7,-0.03515255946146829
2008-07-10,0.0,8.06,31.74,7,-0.08121573316276469
2008-07-11,0.02,10.47,30.34,7,-0.12186563526646059
2008-07-12,0.88,12.49,30.979999999999997,7,-0.10312415568907579
2008-07-13,0.39,13.28,30.599999999999998,7,-0.1142189686649133
2008-07-14,0.04,13.16,29.229999999999997,7,-0.1550358367819765
2008-07-15,0.0,13.1,29.229999999999997,7,-0.1550358367819765
2008-07-16,0.0,15.28,29.229999999999997,7,-0.1550358367819765
2008-07-17,0.0,13.08,29.229999999999997,7,-0.1550358367819765
2008-07-18,0.0,13.17,29.229999999999997,7,-0.1550358367819765
2008-07-19,0.0,14.0,29.229999999999997,7,-0.1550358367819765
2008-07-20,0.0,15.01,29.229999999999997,7,-0.1550358367819765
2008-07-21,0.0,15.72,29.229999999999997,7,-0.1550358367819765
2008-07-22,0.0,14.77,29.229999999999997,7,-0.1550358367819765
2008-07-23,0.0,13.87,29.229999999999997,7,-0.1550358367819765
2008-07-24,0.0,13.45,29.229999999999997,7,-0.1550358367819765
2008-07-25,0.0,14.14,29.229999999999997,7,-0.1550358367819765
2008-07-26,0.0,15.65,29.229999999999997,7,-0.1550358367819765
2008-07-27,0.0,14.96,29.229999999999997,7,-0.1550358367819765
2008-07-28,0.0,13.92,29.229999999999997,7,-0.1550358367819765
2008-07-29,0.0,13.4,29.229999999999997,7,-0.1550358367819765
2008-07-30,0.0,15.29,29.2,7,-0.15594446565514175
2008-07-31,0.0,16.09,26.83,7,-0.22989739836847753
2008-08-01,0.0,16.68,13.33,8,0.13007079952266842
2008-08-02,0.0,15.83,12.57,8,0.08704058062987594
2008-08-03,0.0,16.66,12.57,8,0.08704058062987594
2008-08-04,0.0,14.25,12.57,8,0.08704058062987594
2008-08-05,0.0,15.85,12.57,8,0.08704058062987594
2008-08-06,0.0,17.5,12.57,8,0.08704058062987594
2008-08-07,0.0,17.02,12.57,8,0.08704058062987594
2008-08-08,0.0,17.27,12.57,8,0.08704058062987594
2008-08-09,0.0,16.03,12.57,8,0.08704058062987594
2008-08-10,0.0,13.94,12.57,8,0.08704058062987594
2008-08-11,0.0,13.64,12.57,8,0.08704058062987594
2008-08-12,0.0,14.21,12.57,8,0.08704058062987594
2008-08-13,0.0,16.23,12.57,8,0.08704058062987594
2008-08-14,0.0,18.04,12.57,8,0.08704058062987594
2008-08-15,0.0,18.6,12.57,8,0.08704058062987594
2008-08-16,0.0,15.73,12.57,8,0.08704058062987594
2008-08-17,0.0,16.01,12.57,8,0.08704058062987594
2008-08-18,0.0,15.26,12.57,8,0.08704058062987594
2008-08-19,0.0,17.4,12.57,8,0.08704058062987594
2008-08-20,0.0,19.38,12.57,8,0.08704058062987594
2008-08-21,0.0,19.61,12.57,8,0.08704058062987594
2008-08-22,0.0,19.68,12.24,8,0.06779011163922806
2008-08-23,0.0,19.97,6.65,8,-0.3354870218238788
2008-08-24,0.0,18.89,6.220000000000001,8,-0.3757145088353486
2008-08-25,0.0,19.94,5.930000000000001,8,-0.4040231843695787
2008-08-26,0.0,18.83,5.9,8,-0.4070099579594128
2008-08-27,0.0,20.53,5.9,8,-0.4070099579594128
2008-08-28,0.0,19.81,5.9,8,-0.4070099579594128
2008-08-29,0.0,19.72,5.9,8,-0.4070099579594128
2008-08-30,0.0,19.01,5.9,8,-0.4070099579594128
2008-08-31,0.0,14.65,5.9,8,-0.4070099579594128
2008-09-01,0.0,13.0,5.300000000000001,9,-0.08445104970262318
2008-09-02,0.0,15.38,2.84,9,-0.386957673868741
2008-09-03,0.0,21.05,2.84,9,-0.386957673868741
2008-09-04,0.0,18.8,2.84,9,-0.386957673868741
2008-09-05,0.0,19.95,2.84,9,-0.386957673868741
2008-09-06,0.0,19.69,2.84,9,-0.386957673868741
2008-09-07,0.0,21.3,2.84,9,-0.386957673868741
2008-09-08,0.0,23.2,2.84,9,-0.386957673868741
2008-09-09,0.0,24.49,2.84,9,-0.386957673868741
2008-09-10,0.0,23.18,2.84,9,-0.386957673868741
2008-09-11,0.0,20.15,2.84,9,-0.386957673868741
2008-09-12,0.0,18.62,2.84,9,-0.386957673868741
2008-09-13,0.0,18.1,2.84,9,-0.386957673868741
2008-09-14,0.0,18.45,2.84,9,-0.386957673868741
2008-09-15,0.0,20.27,2.84,9,-0.386957673868741
2008-09-16,0.0,22.13,2.84,9,-0.386957673868741
2008-09-17,0.0,21.23,2.84,9,-0.386957673868741
2008-09-18,0.0,21.55,2.29,9,-0.48014489988071385
2008-09-19,0.0,21.83,1.33,9,-0.6940683807573883
2008-09-20,0.0,18.37,1.33,9,-0.6940683807573883
2008-09-21,0.0,15.11,1.33,9,-0.6940683807573883
2008-09-22,0.0,17.98,1.33,9,-0.6940683807573883
2008-09-23,0.0,21.51,1.33,9,-0.6940683807573883
2008-09-24,0.0,19.78,1.33,9,-0.6940683807573883
2008-09-25,0.0,21.56,1.33,9,-0.6940683807573883
2008-09-26,0.0,22.45,1.33,9,-0.6940683807573883
2008-09-27,0.0,20.02,1.33,9,-0.6940683807573883
2008-09-28,0.0,19.16,1.33,9,-0.6940683807573883
2008-09-29,0.0,21.65,1.33,9,-0.6940683807573883
2008-09-30,0.0,23.91,1.33,9,-0.6940683807573883
2008-10-01,0.0,25.09,1.33,10,-1.5229044638816231
2008-10-02,0.0,26.6,1.33,10,-1.5229044638816231
2008-10-03,0.0,25.47,1.33,10,-1.5229044638816231
2008-10-04,0.0,24.63,1.33,10,-1.5229044638816231
2008-10-05,0.0,25.15,1.33,10,-1.5229044638816231
2008-10-06,0.0,22.38,1.33,10,-1.5229044638816231
2008-10-07,0.0,22.74,1.33,10,-1.5229044638816231
2008-10-08,0.0,24.1,1.33,10,-1.5229044638816231
2008-10-09,0.0,21.65,1.31,10,-1.5288545076005866
2008-10-10,0.0,22.95,0.43,10,-1.8992245677942508
2008-10-11,0.0,22.67,0.04,10,-2.280838572181745
2008-10-12,0.0,24.02,0.0,10,-2.364293065886813
2008-10-13,0.0,26.58,0.0,10,-2.364293065886813
2008-10-14,0.0,28.35,0.0,10,-2.364293065886813
2008-10-15,0.0,27.36,0.0,10,-2.364293065886813
2008-10-16,0.07,26.88,0.07,10,-2.232686362033509
2008-10-17,0.11,27.51,0.18,10,-2.0982172092296887
2008-10-18,15.6,25.8,15.78,10,-0.15116110195781515
2008-10-19,1.4,23.54,17.18,10,-0.08534141295849285
2008-10-20,0.41,24.47,17.59,10,-0.06677391516591091
2008-10-21,0.0,25.82,17.59,10,-0.06677391516591091
2008-10-22,0.0,27.1,17.59,10,-0.06677391516591091
2008-10-23,3.72,24.97,21.31,10,0.08942944235383335
2008-10-24,0.28,24.29,21.59,10,0.10040498858377551
2008-10-25,4.86,24.48,26.45,10,0.2771887075455864
2008-10-26,0.02,20.71,26.47,10,0.2778689902741759
2008-10-27,0.03,21.96,26.5,10,0.27888876895352693
2008-10-28,0.13,24.86,26.63,10,0.2832988955633942
2008-10-29,6.59,27.89,33.22,10,0.4902845843531613
2008-10-30,0.16,27.2,33.38,10,0.49495669255195407
2008-10-31,0.0,27.35,33.38,10,0.49495669255195407
2008-11-01,0.29,27.93,33.67,11,-1.0059364645054865
2008-11-02,0.05,28.43,33.72,11,-1.0041523288613912
2008-11-03,0.0,27.4,33.72,11,-1.0041523288613912
2008-11-04,1.92,27.04,35.64,11,-0.9370340850662953
2008-11-05,1.9,26.82,37.54,11,-0.873117686430936
2008-11-06,4.02,25.46,41.56,11,-0.7451210593346188
2008-11-07,4.33,24.68,45.89,11,-0.616701522408006
2008-11-08,32.7,19.95,78.59,11,0.15298908325981117
2008-11-09,1.57,20.3,80.16,11,0.1838938010571009
2008-11-10,9.21,20.92,89.37,11,0.3575085317926545
2008-11-11,7.29,22.38,96.66000000000001,11,0.48669074477757224
2008-11-12,6.43,22.66,103.09,11,0.5954108156071893
2008-11-13,4.05,22.6,107.14,11,0.661626950525565
2008-11-14,5.21,24.32,112.35000000000001,11,0.7444517309826174
2008-11-15,5.24,24.76,117.59,11,0.8252747141405035
2008-11-16,6.71,24.51,124.30000000000001,11,0.9254406570234227
2008-11-17,0.6,24.32,124.9,11,0.9342259517132258
2008-11-18,1.74,23.84,126.64,11,0.9595508070932964
2008-11-19,3.21,20.78,129.85,11,1.0056904961798232
2008-11-20,0.2,21.05,130.05,11,1.0085409081666232
2008-11-21,7.18,20.94,137.23000000000002,11,1.1090656573763746
2008-11-22,2.72,21.75,139.95000000000002,11,1.1462689149352001
2008-11-23,0.25,24.57,140.20000000000002,11,1.149665126142975
2008-11-24,0.1,27.69,140.3,11,1.1510225305346584
2008-11-25,0.0,27.09,140.3,11,1.1510225305346584
2008-11-26,0.32,27.09,140.62,11,1.1553620883985436
2008-11-27,0.09,25.6,140.71,11,1.1565814558077503
2008-11-28,0.24,25.49,140.95000000000002,11,1.15983067635967
2008-11-29,0.14,25.9,141.09,11,1.161724428634074
2008-11-30,0.14,26.97,141.23000000000002,11,1.1636169850580265
2008-12-01,3.15,25.99,144.38,12,-0.06956038609566266
2008-12-02,1.61,25.98,145.99,12,-0.046686935305145456
2008-12-03,2.32,25.49,148.31,12,-0.014022890370382074
2008-12-04,2.34,24.62,150.65,12,0.018576911619973418
2008-12-05,0.48,26.08,151.13,12,0.025221981386898167
2008-12-06,1.91,24.89,153.04,12,0.051524529417950896
2008-12-07,0.34,25.11,153.38,12,0.056183559389241786
2008-12-08,0.75,26.37,154.13,12,0.0664364291717941
2008-12-09,0.13,27.35,154.26,12,0.06821019427156139
2008-12-10,0.0,26.39,154.26,12,0.06821019427156139
2008-12-11,0.0,26.66,154.26,12,0.06821019427156139
2008-12-12,0.33,27.78,154.59,12,0.07270833922567942
2008-12-13,1.83,24.72,156.42000000000002,12,0.09753669748616833
2008-12-14,3.07,24.45,159.49,12,0.1387560967007236
2008-12-15,3.11,23.02,162.6,12,0.1799760004393066
2008-12-16,0.52,24.06,163.12,12,0.1868166518355765
2008-12-17,0.08,24.37,163.20000000000002,12,0.1878677695213345
2008-12-18,0.33,25.06,163.53,12,0.19220000525226016
2008-12-19,0.17,25.62,163.70000000000002,12,0.19442949059472445
2008-12-20,0.04,28.38,163.74,12,0.19495385124143655
2008-12-21,0.11,29.53,163.85,12,0.19639540324754445
2008-12-22,2.85,29.54,166.70000000000002,12,0.23352223660324814
2008-12-23,5.12,28.2,171.82,12,0.2991740613793607
2008-12-24,0.03,28.1,171.85,12,0.2995548873553497
2008-12-25,1.47,25.55,173.32,12,0.3181616068143546
2008-12-26,0.46,24.88,173.78,12,0.3239626175636294
2008-12-27,0.38,26.0,174.16,12,0.32874708659779456
2008-12-28,1.11,25.01,175.27,12,0.34268328806710735
2008-12-29,2.02,26.7,177.29,12,0.36789547088145946
2008-12-30,0.07,27.17,177.36,12,0.3687657445737138
2008-12-31,0.35,28.97,177.71,12,0.37311370837529206
2009-01-01,10.24,26.08,187.95000000000002,1,-0.7211281526615189
2009-01-02,3.51,26.81,191.46,1,-0.6594269333716262
2009-01-03,4.06,26.38,195.52,1,-0.5890080228777972
2009-01-04,0.13,27.45,195.65,1,-0.5867696854693549
2009-01-05,4.22,26.93,199.87,1,-0.5146505495967243
2009-01-06,1.05,27.78,200.92000000000002,1,-0.49686662774220913
2009-01-07,2.93,27.57,203.85,1,-0.4475710339541596
2009-01-08,4.89,26.26,208.74,1,-0.36635447152190936
2009-01-09,2.1,24.87,210.84,1,-0.3318698689464899
2009-01-10,24.45,24.01,235.29,1,0.05363423215646338
2009-01-11,21.97,22.47,257.26,1,0.37781849956756713
2009-01-12,2.2,23.57,259.46,1,0.40925356645314026
2009-01-13,0.72,25.85,260.18,1,0.4195030672515482
2009-01-14,1.95,26.63,262.06,1,0.4461774690656606
2009-01-15,2.71,25.09,264.65999999999997,1,0.4828598737180105
2009-01-16,1.45,25.45,250.51,1,0.2802438182774331
2009-01-17,2.02,27.15,251.13,1,0.2892784432313219
2009-01-18,2.66,27.11,253.38,1,0.32194160397062327
2009-01-19,0.24,26.79,253.62,1,0.32541430100532026
2009-01-20,4.47,26.43,258.09,1,0.389698926725422
2009-01-21,1.86,25.77,256.23,1,0.363039960992461
2009-01-22,3.02,26.29,258.96999999999997,1,0.4022674411996269
2009-01-23,4.35,24.66,258.46000000000004,1,0.39498686754601825
2009-01-24,8.71,25.48,267.15,1,0.5177677561310173
2009-01-25,2.85,24.08,269.97,1,0.5570435261407286
2009-01-26,3.29,23.72,273.13,1,0.6007344298382499
2009-01-27,13.39,23.24,279.92999999999995,1,0.693635841306702
2009-01-28,27.91,22.66,307.68,1,1.05810869137652
2009-01-29,29.23,21.87,336.91,1,1.4195084709512569
2009-01-30,6.06,22.23,342.68,1,1.4884181707161601
2009-01-31,2.43,22.97,345.06,1,1.5166233000721028
2009-02-01,2.95,21.12,348.01,2,0.8681865050350869
2009-02-02,3.44,21.97,349.53000000000003,2,0.8838712284141197
2009-02-03,5.17,22.42,352.79999999999995,2,0.917463410286634
2009-02-04,5.95,23.04,354.73,2,0.9371945505003709
2009-02-05,0.82,20.93,351.22,2,0.9012578647953864
2009-02-06,0.1,21.38,318.61999999999995,2,0.5556517485978559
2009-02-07,0.16,21.27,317.21,2,0.5401893018490126
2009-02-08,0.03,22.1,308.03,2,0.438392749568174
2009-02-09,0.15,23.95,300.89,2,0.3578222127276504
2009-02-10,3.45,24.94,297.90999999999997,2,0.3238201173555849
2009-02-11,3.78,23.34,297.64000000000004,2,0.32072826984798336
2009-02-12,5.28,20.97,297.71,2,0.3215300384700121
2009-02-13,0.41,21.69,292.88,2,0.26591190787068186
2009-02-14,0.0,22.46,286.17,2,0.18762501416481572
2009-02-15,0.0,25.58,285.57000000000005,2,0.18056548209063808
2009-02-16,0.02,26.44,283.85,2,0.1602732893317882
2009-02-17,1.12,25.73,281.76,2,0.13550543095811377
2009-02-18,1.42,24.8,282.98,2,0.14997802928936263
2009-02-19,0.82,26.1,276.62,2,0.07406781133923199
2009-02-20,0.85,26.02,274.75,2,0.05152714660984563
2009-02-21,0.08,24.91,274.58000000000004,2,0.049472923221317425
2009-02-22,0.55,25.47,275.03,2,0.05490872436294479
2009-02-23,1.88,23.28,276.90999999999997,2,0.07755430625465945
2009-02-24,1.14,21.73,277.73,2,0.08739950789598351
2009-02-25,9.71,22.78,287.35,2,0.20148008598455233
2009-02-26,8.58,23.85,295.69,2,0.29834283764438035
2009-02-27,4.7,24.31,300.24999999999994,2,0.3505386324744628
2009-02-28,3.66,23.72,303.77,2,0.39047194111133393
2009-03-01,4.07,23.35,304.69,3,0.3755302323641869
2009-03-02,2.47,22.2,305.55,3,0.38289674599962686
2009-03-03,1.17,22.13,304.4,3,0.37304307451699215
2009-03-04,2.43,22.65,304.49,3,0.37381511879548995
2009-03-05,0.07,21.2,304.08,3,0.3702968043817664
2009-03-06,0.12,21.17,302.28999999999996,3,0.3548994765612547
2009-03-07,0.0,22.47,301.95,3,0.35196802868906174
2009-03-08,0.2,23.76,301.40000000000003,3,0.34722134993728415
2009-03-09,0.09,23.54,301.36,3,0.3468759132776012
2009-03-10,1.6,19.28,302.96000000000004,3,0.36066977081084906
2009-03-11,5.39,20.28,308.35,3,0.406786169753367
2009-03-12,10.03,21.03,318.04999999999995,3,0.4884546730765646
2009-03-13,4.18,20.81,320.4,3,0.5079924129933504
2009-03-14,3.44,21.21,320.77,3,0.511059955827363
2009-03-15,4.99,19.26,322.65,3,0.5266104935362282
2009-03-16,1.76,20.41,323.89,3,0.536834606298648
2009-03-17,1.39,22.61,325.2,3,0.5476079404662056
2009-03-18,7.06,21.84,331.92999999999995,3,0.6025096531363098
2009-03-19,11.56,21.42,343.32,3,0.6937848244329574
2009-03-20,12.14,21.85,355.42,3,0.788602547319495
2009-03-21,0.04,19.38,355.34999999999997,3,0.7880601307505261
2009-03-22,0.0,19.41,352.5,3,0.7659165024574276
2009-03-23,0.0,21.25,347.38,3,0.7258399014907485
2009-03-24,0.0,21.63,347.34999999999997,3,0.7256039429454728
2009-03-25,0.0,21.85,345.88,3,0.7140256006600885
2009-03-26,0.0,23.49,345.41999999999996,3,0.7103958317781299
2009-03-27,0.02,23.52,345.06,3,0.7075529353805816
2009-03-28,0.0,22.39,343.95000000000005,3,0.6987750955397689
2009-03-29,0.0,21.63,341.93,3,0.682753290247805
2009-03-30,0.0,20.9,341.86,3,0.6821969690236991
2009-03-31,0.0,22.88,341.51000000000005,3,0.6794142428242604
2009-04-01,1.91,21.54,333.18,4,0.9041030800599912
2009-04-02,0.34,21.33,330.01000000000005,4,0.8799387602227624
2009-04-03,0.28,20.6,326.23,4,0.8509265165859691
2009-04-04,0.0,19.06,326.1,4,0.8499248619650026
2009-04-05,0.0,19.24,321.88,4,0.8172674862575787
2009-04-06,0.0,21.38,320.83,4,0.8090985781333817
2009-04-07,1.24,21.1,319.14,4,0.7959138714042404
2009-04-08,0.55,20.1,314.8,4,0.7618450824029112
2009-04-09,0.05,20.59,312.74999999999994,4,0.7456460849302934
2009-04-10,0.01,20.95,288.31,4,0.5469369120797316
2009-04-11,0.0,20.21,266.34000000000003,4,0.35862418924135797
2009-04-12,0.0,21.0,264.14000000000004,4,0.3392095495434852
2009-04-13,0.0,22.18,263.42,4,0.3328324194730462
2009-04-14,0.0,19.23,261.47,4,0.3155028306492312
2009-04-15,0.0,19.17,258.76000000000005,4,0.2912762901548542
2009-04-16,0.0,19.94,257.31,4,0.278244575895744
2009-04-17,0.0,18.63,255.29,4,0.2600085380884644
2009-04-18,0.0,19.55,252.63,4,0.23584794280584695
2009-04-19,0.0,20.48,252.39,4,0.23365973886878716
2009-04-20,0.0,22.14,247.92,4,0.1926490265673452
2009-04-21,1.12,19.21,247.18,4,0.1858124102817351
2009-04-22,0.14,16.11,244.3,4,0.15907448003935287
2009-04-23,0.21,16.66,240.16,4,0.12026794393934791
2009-04-24,0.18,18.06,231.63,4,0.03887953843058564
2009-04-25,1.64,19.73,230.42000000000002,4,0.027172818168504788
2009-04-26,0.0,16.13,227.13000000000002,4,-0.004867588527557811
2009-04-27,0.0,16.32,213.74,4,-0.1385847186045974
2009-04-28,0.0,19.04,185.83,4,-0.4366835124080391
2009-04-29,0.0,19.82,156.60000000000002,4,-0.7837387836505515
2009-04-30,0.0,20.68,150.54000000000002,4,-0.8611910097516139
2009-05-01,0.04,18.74,148.15,5,-0.19829446503889545
2009-05-02,2.49,18.75,147.69000000000003,5,-0.20397952945788847
2009-05-03,16.0,17.2,160.25,5,-0.05286077773256066
2009-05-04,1.95,17.91,157.03,5,-0.090817295837544
2009-05-05,0.18,19.05,151.26000000000002,5,-0.16016907906262529
2009-05-06,2.93,18.73,153.36999999999998,5,-0.13460401228928082
2009-05-07,2.98,19.27,156.25,5,-0.10009061414166881
2009-05-08,0.0,15.64,156.09,5,-0.10199669506719386
2009-05-09,0.43,14.47,156.49,5,-0.09723396271535578
2009-05-10,0.04,14.66,156.38,5,-0.09854289376483255
2009-05-11,0.23,14.91,153.16,5,-0.13713769676392407
2009-05-12,0.02,15.16,149.4,5,-0.1829061538843845
2009-05-13,0.0,15.23,144.12,5,-0.24851464595905964
2009-05-14,0.0,13.87,143.71,5,-0.25367713581887924
2009-05-15,0.0,15.42,143.71,5,-0.25367713581887924
2009-05-16,0.0,16.85,143.71,5,-0.25367713581887924
2009-05-17,0.0,13.87,143.69,5,-0.25392922069046914
2009-05-18,0.0,12.16,142.57,5,-0.26808423766693196
2009-05-19,0.0,15.87,141.15,5,-0.2861400167739883
2009-05-20,0.0,15.08,140.33,5,-0.29662300525591234
2009-05-21,0.07,14.23,139.55,5,-0.30663344343057314
2009-05-22,0.0,14.77,139.47,5,-0.3076623099864592
2009-05-23,0.0,16.16,138.92,5,-0.31474668534981487
2009-05-24,0.0,15.83,137.04,5,-0.33910785809753363
2009-05-25,0.0,16.77,135.9,5,-0.35399138830403143
2009-05-26,0.0,17.1,126.19,5,-0.4843666617329077
2009-05-27,0.0,17.01,117.61,5,-0.6054417512767927
2009-05-28,0.0,17.11,112.91,5,-0.6743719091649907
2009-05-29,0.0,16.38,109.25,5,-0.7294417390993128
2009-05-30,0.0,13.57,105.17999999999999,5,-0.7922102242247983
2009-05-31,0.0,11.9,102.71,5,-0.831133963400998
2009-06-01,0.0,12.0,101.53999999999999,6,0.11682833969297898
2009-06-02,0.0,15.11,99.11,6,0.07864691395157383
2009-06-03,0.0,15.57,99.03999999999999,6,0.07753776530867418
2009-06-04,0.0,15.09,98.92,6,0.07563514090493687
2009-06-05,0.0,16.05,98.92,6,0.07563514090493687
2009-06-06,0.0,16.9,98.72,6,0.07246064881105607
2009-06-07,0.01,16.55,98.64,6,0.07118964110642167
2009-06-08,21.69,14.34,118.73,6,0.37088364321964673
2009-06-09,10.27,12.39,123.61,6,0.4385046314214623
2009-06-10,10.25,11.26,123.83,6,0.4415112686364693
2009-06-11,4.32,13.34,123.97,6,0.44342274983333824
2009-06-12,0.01,13.72,120.53999999999999,6,0.39617492236428886
2009-06-13,0.01,13.59,115.56,6,0.32596688131532925
2009-06-14,0.42,15.38,114.22,6,0.30673423711039677
2009-06-15,0.01,16.21,112.84,6,0.28677024197778667
2009-06-16,0.0,15.57,105.78,6,0.18200792671220326
2009-06-17,0.52,15.26,94.74000000000001,6,0.00836751766323227
2009-06-18,0.21,15.27,82.81,6,-0.19539495212492713
2009-06-19,0.24,13.7,83.01,6,-0.19181954645737523
2009-06-20,0.35,13.36,83.36,6,-0.18557670820174232
2009-06-21,0.0,13.86,83.36,6,-0.18557670820174232
2009-06-22,0.04,15.1,83.4,6,-0.18486438059962032
2009-06-23,0.44,11.3,83.84,6,-0.17704411556179406
2009-06-24,0.0,9.02,83.84,6,-0.17704411556179406
2009-06-25,0.0,9.46,83.82000000000001,6,-0.17739897407210548
2009-06-26,0.0,7.04,83.82000000000001,6,-0.17739897407210548
2009-06-27,0.0,7.9,83.82000000000001,6,-0.17739897407210548
2009-06-28,0.0,9.89,83.82000000000001,6,-0.17739897407210548
2009-06-29,0.0,8.37,83.82000000000001,6,-0.17739897407210548
2009-06-30,0.0,8.55,81.91000000000001,6,-0.21155765793499026
2009-07-01,0.0,8.44,81.57000000000001,7,0.9207926883782046
2009-07-02,0.0,8.82,81.29,7,0.9165213348499166
2009-07-03,0.0,10.84,81.29,7,0.9165213348499166
2009-07-04,0.0,10.05,81.29,7,0.9165213348499166
2009-07-05,0.25,11.26,81.54,7,0.9203354914658914
2009-07-06,0.01,11.69,80.31,7,0.901497172445399
2009-07-07,0.0,11.74,79.75999999999999,7,0.893013864574485
2009-07-08,0.0,10.96,79.71,7,0.8922408021602017
2009-07-09,0.0,11.63,79.69999999999999,7,0.8920861524617505
2009-07-10,0.0,13.31,79.69999999999999,7,0.8920861524617505
2009-07-11,0.0,11.94,79.69999999999999,7,0.8920861524617505
2009-07-12,0.0,11.5,79.69999999999999,7,0.8920861524617505
2009-07-13,0.0,12.47,79.69999999999999,7,0.8920861524617505
2009-07-14,0.0,8.24,79.69999999999999,7,0.8920861524617505
2009-07-15,0.0,6.82,79.69999999999999,7,0.8920861524617505
2009-07-16,0.0,7.75,79.69999999999999,7,0.8920861524617505
2009-07-17,0.0,8.8,79.69999999999999,7,0.8920861524617505
2009-07-18,0.0,9.61,79.69999999999999,7,0.8920861524617505
2009-07-19,0.0,9.96,79.69999999999999,7,0.8920861524617505
2009-07-20,0.0,10.53,78.58,7,0.8746862091368919
2009-07-21,0.0,11.47,78.44,7,0.8725000777388505
2009-07-22,0.0,12.1,78.22999999999999,7,0.8692161894126618
2009-07-23,0.0,10.09,78.05,7,0.8663969298505405
2009-07-24,0.0,5.84,76.41,7,0.8405161767169305
2009-07-25,0.0,7.07,76.41,7,0.8405161767169305
2009-07-26,0.0,8.83,76.41,7,0.8405161767169305
2009-07-27,0.0,9.98,76.41,7,0.8405161767169305
2009-07-28,0.0,10.34,76.41,7,0.8405161767169305
2009-07-29,0.0,11.49,76.41,7,0.8405161767169305
2009-07-30,0.0,13.43,76.36999999999999,7,0.8398805061805091
2009-07-31,5.25,13.83,79.13,7,0.8832505198923369
2009-08-01,2.19,9.72,65.32000000000001,8,1.6888809712823765
2009-08-02,0.0,9.66,63.37,8,1.6497361489317746
2009-08-03,0.0,13.12,63.19,8,1.6460865512855638
2009-08-04,0.0,14.16,60.26,8,1.585778217946032
2009-08-05,0.0,16.27,57.28,8,1.5225977750165827
2009-08-06,0.0,17.48,57.28,8,1.5225977750165827
2009-08-07,0.0,15.37,56.85,8,1.5133182150069135
2009-08-08,0.0,15.21,56.81,8,1.5124528401080768
2009-08-09,0.0,17.17,56.58,8,1.5074697496905316
2009-08-10,0.0,17.95,56.56,8,1.5070358573221987
2009-08-11,0.0,17.42,56.56,8,1.5070358573221987
2009-08-12,0.0,17.19,56.56,8,1.5070358573221987
2009-08-13,0.0,11.79,56.56,8,1.5070358573221987
2009-08-14,0.0,12.46,56.56,8,1.5070358573221987
2009-08-15,0.0,14.15,56.56,8,1.5070358573221987
2009-08-16,0.0,14.32,56.56,8,1.5070358573221987
2009-08-17,0.0,13.01,56.56,8,1.5070358573221987
2009-08-18,0.0,13.74,56.56,8,1.5070358573221987
2009-08-19,0.0,11.81,56.49,8,1.5055165006935927
2009-08-20,0.0,9.1,56.49,8,1.5055165006935927
2009-08-21,0.0,12.38,56.49,8,1.5055165006935927
2009-08-22,0.0,13.09,56.49,8,1.5055165006935927
2009-08-23,0.0,15.15,56.49,8,1.5055165006935927
2009-08-24,0.0,15.27,56.49,8,1.5055165006935927
2009-08-25,0.0,15.13,56.49,8,1.5055165006935927
2009-08-26,0.0,16.34,56.49,8,1.5055165006935927
2009-08-27,0.0,17.51,56.49,8,1.5055165006935927
2009-08-28,0.0,15.95,56.49,8,1.5055165006935927
2009-08-29,0.0,17.77,56.49,8,1.5055165006935927
2009-08-30,0.0,19.3,56.49,8,1.5055165006935927
2009-08-31,0.0,20.86,56.49,8,1.5055165006935927
2009-09-01,0.0,21.94,56.49,9,1.8160731907852485
2009-09-02,0.0,21.77,56.49,9,1.8160731907852485
2009-09-03,0.0,22.51,56.49,9,1.8160731907852485
2009-09-04,0.0,20.7,56.49,9,1.8160731907852485
2009-09-05,0.0,21.18,56.48,9,1.8158583874496963
2009-09-06,0.0,20.94,34.79,9,1.282402604256181
2009-09-07,0.0,20.32,24.52,9,0.9557749565902295
2009-09-08,0.0,21.65,14.27,9,0.5263488423039324
2009-09-09,0.12,21.01,10.07,9,0.28928084094383544
2009-09-10,4.07,20.9,14.129999999999999,9,0.5192583811876749
2009-09-11,0.02,18.82,14.14,9,0.5197663768704928
2009-09-12,0.0,17.54,13.72,9,0.4982226450354138
2009-09-13,0.0,21.52,13.71,9,0.4977044152206012
2009-09-14,0.0,23.79,13.71,9,0.4977044152206012
2009-09-15,0.0,24.16,13.19,9,0.4704038175189944
2009-09-16,0.0,26.32,12.98,9,0.45917598642284824
2009-09-17,0.0,25.81,12.74,9,0.44619520141203795
2009-09-18,0.0,18.99,12.39,9,0.4269694594101813
2009-09-19,0.0,17.39,12.39,9,0.4269694594101813
2009-09-20,0.06,18.44,12.409999999999998,9,0.4280777668967616
2009-09-21,0.0,21.25,11.969999999999999,9,0.40341352439089484
2009-09-22,0.16,23.85,12.129999999999999,9,0.4124514285755232
2009-09-23,0.06,22.83,12.19,9,0.4158200713926825
2009-09-24,0.01,21.55,12.2,9,0.41638043301075844
2009-09-25,1.95,19.75,14.15,9,0.5202741353620488
2009-09-26,0.05,21.81,14.2,9,0.5228093801743483
2009-09-27,0.0,25.14,14.2,9,0.5228093801743483
2009-09-28,3.09,25.38,17.29,9,0.669304287298868
2009-09-29,0.26,20.65,17.55,9,0.6808241356074638
2009-09-30,0.01,20.26,17.56,9,0.6812649904077349
2009-10-01,1.24,22.05,18.8,10,-0.013665003523079285
2009-10-02,0.16,22.53,18.96,10,-0.006820459173103399
2009-10-03,0.41,19.67,19.12,10,-1.5539593243568126e-05
2009-10-04,8.65,18.9,27.759999999999998,10,0.3210396612240907
2009-10-05,0.01,21.2,27.77,10,0.3213690270319218
2009-10-06,0.0,23.15,27.77,10,0.3213690270319218
2009-10-07,0.0,25.17,27.77,10,0.3213690270319218
2009-10-08,0.0,25.16,27.77,10,0.3213690270319218
2009-10-09,3.29,26.46,31.06,10,0.4257079296743722
2009-10-10,4.48,23.8,35.54,10,0.5566400658447597
2009-10-11,0.43,22.93,35.97,10,0.5686246346430242
2009-10-12,0.73,22.51,36.699999999999996,10,0.5887581819226619
2009-10-13,0.0,21.85,36.699999999999996,10,0.5887581819226619
2009-10-14,0.17,24.0,36.87,10,0.5934092566312629
2009-10-15,1.54,24.64,38.41,10,0.6349202198523526
2009-10-16,0.6,24.02,39.01,10,0.6508004447739848
2009-10-17,0.68,24.58,39.69,10,0.6686077638236251
2009-10-18,0.25,24.4,39.94,10,0.6751048817738613
2009-10-19,0.21,23.36,40.15,10,0.6805421557052571
2009-10-20,0.08,23.05,40.23,10,0.6826086594750661
2009-10-21,0.0,25.45,40.23,10,0.6826086594750661
2009-10-22,0.17,26.18,40.4,10,0.6869911744757426
2009-10-23,0.68,25.12,41.08,10,0.7044030557333569
2009-10-24,0.21,26.55,41.29,10,0.7097426102893656
2009-10-25,0.01,26.49,41.3,10,0.709996437276069
2009-10-26,0.54,26.04,41.839999999999996,10,0.7236446522098035
2009-10-27,0.14,24.29,41.98,10,0.727164523679484
2009-10-28,0.37,24.63,42.35,10,0.7364307920231368
2009-10-29,1.56,26.42,38.66,10,0.6415564015409768
2009-10-30,8.67,22.36,45.14,10,0.8046828478346388
2009-10-31,0.54,20.0,45.68,10,0.8175780926265734
2009-11-01,0.32,21.93,46.0,11,-0.6135523269292781
2009-11-02,0.29,23.39,46.29,11,-0.6052751316703169
2009-11-03,1.59,24.03,47.88,11,-0.560527139419889
2009-11-04,8.22,21.38,56.1,11,-0.3443590571397295
2009-11-05,2.35,22.93,58.45,11,-0.2866283020836222
2009-11-06,0.69,26.55,59.14,11,-0.26998138406291056
2009-11-07,2.71,25.95,61.85,11,-0.2058597813964727
2009-11-08,0.57,26.37,62.42,11,-0.19261884572458562
2009-11-09,0.37,23.21,62.79,11,-0.18406801449453075
2009-11-10,0.0,22.38,62.79,11,-0.18406801449453075
2009-11-11,0.0,24.77,62.79,11,-0.18406801449453075
2009-11-12,0.17,27.88,62.96,11,-0.1801507890178372
2009-11-13,0.67,28.5,63.63,11,-0.1647822325879835
2009-11-14,0.96,26.99,64.59,11,-0.1429528044912648
2009-11-15,0.04,26.62,64.63,11,-0.14204805752215635
2009-11-16,0.27,25.66,64.9,11,-0.1359509692764201
2009-11-17,0.59,22.04,65.49,11,-0.12268755331512686
2009-11-18,2.12,18.81,67.61,11,-0.07568905951167876
2009-11-19,6.48,18.5,74.09,11,0.062049475743960116
2009-11-20,30.76,14.75,104.85,11,0.6243912270727082
2009-11-21,7.47,17.4,112.32000000000001,11,0.7439820383474145
2009-11-22,0.0,20.5,112.32000000000001,11,0.7439820383474145
2009-11-23,0.0,22.46,112.32000000000001,11,0.7439820383474145
2009-11-24,0.0,22.53,112.32000000000001,11,0.7439820383474145
2009-11-25,0.0,23.7,112.32000000000001,11,0.7439820383474145
2009-11-26,0.0,25.92,112.32000000000001,11,0.7439820383474145
2009-11-27,0.47,27.44,112.79,11,0.7513312215121856
2009-11-28,0.52,26.6,113.31,11,0.759439109199656
2009-11-29,0.08,25.76,113.39,11,0.7606843322926402
2009-11-30,0.29,25.92,113.68,11,0.7651934944693433
2009-12-01,4.69,27.2,118.37,12,-0.4656836841011341
2009-12-02,1.22,27.69,119.59,12,-0.44584420934406804
2009-12-03,1.7,26.73,121.29,12,-0.41842857070511014
2009-12-04,0.56,27.86,121.85000000000001,12,-0.4094550668070415
2009-12-05,6.18,28.1,128.03,12,-0.31224464890433073
2009-12-06,10.13,24.3,138.16,12,-0.15957915593130761
2009-12-07,0.98,25.32,139.14000000000001,12,-0.1452171187112912
2009-12-08,4.29,22.62,143.31,12,-0.08485712948672831
2009-12-09,7.35,23.13,146.59,12,-0.038206078959315146
2009-12-10,3.44,25.63,150.01,12,0.009694688655253855
2009-12-11,0.32,25.79,150.32999999999998,12,0.014138971400050307
2009-12-12,3.96,25.39,154.29,12,0.06861938255635054
2009-12-13,1.68,26.47,155.97,12,0.09144945489794178
2009-12-14,11.54,22.4,167.51,12,0.24399692515348764
2009-12-15,1.98,23.36,169.48999999999998,12,0.2694607712421796
2009-12-16,0.0,26.46,169.48999999999998,12,0.2694607712421796
2009-12-17,0.0,25.95,169.48999999999998,12,0.2694607712421796
2009-12-18,0.03,28.27,169.51999999999998,12,0.2698450635306874
2009-12-19,9.06,27.86,178.51999999999998,12,0.3831544643281058
2009-12-20,14.88,24.71,193.39999999999998,12,0.5624879752606791
2009-12-21,1.82,25.57,195.06,12,0.581924022175099
2009-12-22,0.22,26.07,195.22,12,0.583791631844173
2009-12-23,0.54,27.08,195.75,12,0.5899709253986256
2009-12-24,0.0,27.71,193.8,12,0.5671813442727844
2009-12-25,0.07,27.45,193.82,12,0.5674158457019707
2009-12-26,2.46,27.12,196.28,12,0.5961392539600092
2009-12-27,0.09,26.91,193.28,12,0.5610787218149501
2009-12-28,10.37,25.49,203.39000000000001,12,0.6778527687910271
2009-12-29,0.43,25.96,203.80999999999997,12,0.6826208513673414
2009-12-30,6.32,24.22,208.89000000000001,12,0.739790225088168
2009-12-31,3.09,25.78,211.82000000000002,12,0.7723522725242823
2010-01-01,1.24,26.17,212.65,1,-0.3023325911625738
2010-01-02,2.37,26.15,206.37,1,-0.40555489731086036
2010-01-03,5.76,22.95,212.11999999999998,1,-0.3109640446383414
2010-01-04,1.28,24.31,213.39999999999998,1,-0.29014297754336427
2010-01-05,8.28,22.5,221.67999999999998,1,-0.15744473886525281
2010-01-06,2.58,22.94,224.26,1,-0.11677787281992712
2010-01-07,0.88,26.14,221.85,1,-0.15475540196007648
2010-01-08,0.71,25.71,218.08,1,-0.21472327627578133
2010-01-09,1.33,23.8,218.98,1,-0.20034448866786167
2010-01-10,0.7,23.99,218.95000000000002,1,-0.20082314160763398
2010-01-11,0.06,24.77,219.01000000000002,1,-0.1998658797549587
2010-01-12,0.26,26.2,219.1,1,-0.198430317071636
2010-01-13,0.71,26.36,218.27,1,-0.21168444062912728
2010-01-14,0.87,26.18,218.54000000000002,1,-0.20736914980418683
2010-01-15,1.65,25.98,219.51,1,-0.19189553659132993
2010-01-16,0.9,27.72,220.16,1,-0.1815522892205129
2010-01-17,5.77,28.22,225.72,1,-0.09390361389520183
2010-01-18,2.93,25.31,228.57000000000002,1,-0.04953567976193392
2010-01-19,5.38,25.08,233.95000000000002,1,0.033220298586975
2010-01-20,11.96,22.87,245.73999999999998,1,0.21023378855167388
2010-01-21,10.87,21.23,255.93,1,0.35872813223432576
2010-01-22,2.13,23.22,257.85,1,0.3862662262815637
2010-01-23,1.55,22.15,259.39000000000004,1,0.40825608358284227
2010-01-24,9.09,23.61,267.94,1,0.5287980258244299
2010-01-25,3.91,26.2,271.71000000000004,1,0.5811426388974265
2010-01-26,3.71,26.31,275.05,1,0.627118283137264
2010-01-27,0.58,25.94,274.07,1,0.6136667404670098
2010-01-28,0.06,26.01,265.46,1,0.4940988235238336
2010-01-29,1.34,25.73,266.26000000000005,1,0.5053154190235467
2010-01-30,0.83,25.14,266.77,1,0.5124543845086499
2010-01-31,0.24,26.24,266.72,1,0.5117548846609556
2010-02-01,1.06,27.44,266.19,2,-0.05298319055255897
2010-02-02,0.66,27.52,258.63,2,-0.14717173928932112
2010-02-03,1.49,27.83,257.77,2,-0.15800272863606513
2010-02-04,0.34,26.68,257.41999999999996,2,-0.16241763327829747
2010-02-05,1.18,25.54,255.89000000000001,2,-0.1817645308202104
2010-02-06,0.19,26.54,255.51000000000002,2,-0.18658167934561154
2010-02-07,0.35,27.19,255.49,2,-0.18683534673700947
2010-02-08,0.87,26.98,256.36,2,-0.1758131200645173
2010-02-09,0.04,25.87,256.40000000000003,2,-0.17530695546588568
2010-02-10,0.0,25.1,256.23,2,-0.17745852137347368
2010-02-11,0.04,27.45,255.6,2,-0.18544034110118446
2010-02-12,0.12,29.4,254.76,2,-0.19610335004872392
2010-02-13,0.81,30.39,255.53,2,-0.1863280252910467
2010-02-14,9.02,27.41,264.28,2,-0.07660851502549583
2010-02-15,0.28,25.57,263.97,2,-0.08045376701657453
2010-02-16,0.64,25.36,262.49,2,-0.09885356403605665
2010-02-17,0.61,25.73,256.62,2,-0.17252399756454806
2010-02-18,0.65,24.8,226.51000000000002,2,-0.569421954462706
2010-02-19,0.38,25.2,219.42000000000002,2,-0.6680191860486013
2010-02-20,1.96,24.86,221.38,2,-0.6405484609447174
2010-02-21,0.83,24.43,222.21,2,-0.6289652831290871
2010-02-22,1.38,24.7,223.59,2,-0.6097714145319232
2010-02-23,6.66,23.82,230.25,2,-0.518253694371196
2010-02-24,0.71,24.99,230.96,2,-0.5086036808139016
2010-02-25,5.0,24.62,235.49,2,-0.44750199465527746
2010-02-26,1.35,24.16,236.32,2,-0.43639316763241287
2010-02-27,4.15,21.9,240.39,2,-0.3822981107527473
2010-02-28,1.13,23.4,241.23,2,-0.37121067756440984
2010-03-01,0.03,24.36,236.57,3,-0.2583793079563921
2010-03-02,0.01,25.92,235.35999999999999,3,-0.2706876262485654
2010-03-03,0.85,24.83,234.51000000000002,3,-0.27935957384402604
2010-03-04,0.43,23.99,234.38,3,-0.28068774513303796
2010-03-05,0.48,23.79,228.68,3,-0.33941992182152314
2010-03-06,0.35,24.1,218.9,3,-0.442549147981969
2010-03-07,0.0,23.5,217.92,3,-0.45305453347738417
2010-03-08,0.0,22.59,213.63,3,-0.49942486781196593
2010-03-09,0.0,23.97,206.28,3,-0.5803692042576319
2010-03-10,0.0,26.74,202.84,3,-0.6189316014750549
2010-03-11,0.0,28.21,202.52,3,-0.6225414923797957
2010-03-12,0.02,28.77,198.58,3,-0.6673119878380863
2010-03-13,0.2,28.76,197.1,3,-0.684286680054228
2010-03-14,3.59,27.54,189.15,3,-0.7769991872430795
2010-03-15,2.52,25.33,189.69000000000003,3,-0.7706177823893325
2010-03-16,0.67,24.9,190.36,3,-0.7627174770040913
2010-03-17,0.08,26.63,190.44000000000003,3,-0.7617754368932481
2010-03-18,0.31,27.11,190.72,3,-0.7584804399322088
2010-03-19,8.62,24.46,190.28,3,-0.7636597896676718
2010-03-20,0.77,23.77,176.17,3,-0.9343227081757484
2010-03-21,0.26,23.89,174.60999999999999,3,-0.9537645332546374
2010-03-22,1.12,23.38,175.51,3,-0.9425334756844465
2010-03-23,0.05,24.27,175.02,3,-0.9486431986462874
2010-03-24,2.61,23.75,177.63,3,-0.9162349073127819
2010-03-25,5.58,23.71,183.14000000000001,3,-0.8488844140356894
2010-03-26,1.61,22.65,182.29,3,-0.8591820148034189
2010-03-27,0.36,24.46,182.56,3,-0.8559074245754854
2010-03-28,2.02,25.1,174.20999999999998,3,-0.9587689981300896
2010-03-29,9.9,22.24,183.68,3,-0.8423595426316093
2010-03-30,5.55,23.39,182.91,3,-0.8516675604549292
2010-03-31,8.26,23.71,188.07999999999998,3,-0.7896809831068883
2010-04-01,17.42,20.84,204.26000000000002,4,-0.23670849764148363
2010-04-02,15.28,20.66,217.17000000000002,4,-0.10380645374460583
2010-04-03,2.5,21.25,213.91000000000003,4,-0.13685218989171508
2010-04-04,3.48,21.2,216.11,4,-0.11451449264234669
2010-04-05,23.19,19.54,231.02,4,0.03298293725725125
2010-04-06,3.19,21.26,231.63,4,0.03887953843058564
2010-04-07,0.06,21.55,230.81,4,0.030950546763638256
2010-04-08,0.01,21.22,230.10999999999999,4,0.024166951054694432
2010-04-09,0.96,21.13,229.74,4,0.020575748893487362
2010-04-10,0.01,22.32,229.04999999999998,4,0.013868273676924628
2010-04-11,0.0,20.2,228.98999999999998,4,0.013284375208869305
2010-04-12,0.0,20.51,228.73,4,0.010752962626916013
2010-04-13,0.0,21.19,228.01999999999998,4,0.003830416772796294
2010-04-14,0.0,20.04,227.14999999999998,4,-0.004671876864379216
2010-04-15,0.0,19.79,225.5,4,-0.020857118724848547
2010-04-16,0.0,20.61,224.6,4,-0.029718956178677865
2010-04-17,0.0,21.14,218.82999999999998,4,-0.08710774855805652
2010-04-18,0.05,21.11,215.95,4,-0.11613387148171683
2010-04-19,2.47,19.52,213.04,4,-0.14572846749185825
2010-04-20,1.04,17.69,202.12,4,-0.25928307436065834
2010-04-21,0.03,17.12,191.28,4,-0.3761950261998266
2010-04-22,0.01,18.93,189.16000000000003,4,-0.39958315736146377
2010-04-23,20.22,16.77,207.82999999999998,4,-0.19940265498317375
2010-04-24,5.31,15.78,204.04999999999998,4,-0.23891665268284903
2010-04-25,7.6,14.12,207.74,4,-0.20033779198801602
2010-04-26,10.33,13.95,214.35999999999999,4,-0.13227056115490854
2010-04-27,22.13,15.16,235.91,4,0.07996286269017219
2010-04-28,7.35,17.41,243.2,4,0.14880663223904161
2010-04-29,0.2,18.88,242.06,4,0.13813267085913572
2010-04-30,2.83,18.44,244.05999999999997,4,0.15683685571980394
2010-05-01,4.43,18.82,248.25,5,0.8314931750354473
2010-05-02,0.04,18.95,247.23,5,0.822541262140676
2010-05-03,8.54,17.74,255.11,5,0.8910880457829118
2010-05-04,0.06,16.83,253.68,5,0.8787516974876677
2010-05-05,0.0,15.58,253.34,5,0.8758119545006859
2010-05-06,0.0,17.53,252.16,5,0.8655894381859794
2010-05-07,0.87,19.81,252.83999999999997,5,0.8714841553232039
2010-05-08,1.6,19.52,254.09,5,0.8822932885609992
2010-05-09,1.04,19.56,254.26,5,0.8837606674243227
2010-05-10,1.43,18.19,255.65,5,0.8957348768539558
2010-05-11,0.0,14.63,255.65,5,0.8957348768539558
2010-05-12,0.0,14.68,255.61,5,0.8953908852167114
2010-05-13,0.0,15.77,255.49,5,0.8943587011360085
2010-05-14,0.0,17.78,254.68,5,0.8873832339411544
2010-05-15,1.62,18.2,247.28,5,0.822980639710911
2010-05-16,0.05,16.74,247.04999999999998,5,0.8209590249714561
2010-05-17,0.0,15.9,246.41,5,0.8153272222313358
2010-05-18,0.0,15.6,245.79999999999998,5,0.8099505604500222
2010-05-19,0.0,15.87,245.14999999999998,5,0.8042117825914573
2010-05-20,0.0,15.2,244.76999999999998,5,0.8008522240730851
2010-05-21,0.0,15.25,242.81,5,0.7834699174234255
2010-05-22,0.0,15.08,241.98,5,0.7760815424785344
2010-05-23,0.0,15.12,240.6,5,0.7637606763804015
2010-05-24,0.0,16.42,233.94,5,0.7036429070209387
2010-05-25,0.0,15.77,233.23,5,0.6971684474165413
2010-05-26,0.0,16.23,228.23,5,0.6512051374509343
2010-05-27,0.0,15.45,226.88,5,0.6386824073020309
2010-05-28,0.0,14.37,222.73,5,0.5998785813504582
2010-05-29,1.15,14.32,222.75,5,0.6000667182738122
2010-05-30,2.54,12.93,225.26,5,0.6235906233675826
2010-05-31,0.0,12.42,225.25,5,0.6234972439956359
2010-06-01,0.0,12.57,224.39999999999998,6,1.5600097436438003
2010-06-02,0.0,12.27,223.97,6,1.5559992532820204
2010-06-03,0.0,11.94,223.48999999999998,6,1.5515167245697095
2010-06-04,0.0,13.42,223.14,6,1.5482444094802763
2010-06-05,0.0,12.99,223.14,6,1.5482444094802763
2010-06-06,0.0,13.98,223.14,6,1.5482444094802763
2010-06-07,0.0,14.14,223.14,6,1.5482444094802763
2010-06-08,0.0,13.73,223.14,6,1.5482444094802763
2010-06-09,0.0,11.44,223.14,6,1.5482444094802763
2010-06-10,0.0,12.91,223.11999999999998,6,1.548057322921076
2010-06-11,0.03,13.2,222.95,6,1.5464666626426364
2010-06-12,0.02,13.35,219.38,6,1.512885604680936
2010-06-13,0.0,14.08,216.85999999999999,6,1.4889743298792655
2010-06-14,0.0,12.29,216.19,6,1.4825876272067993
2010-06-15,0.0,6.32,216.10999999999999,6,1.4818242050869628
2010-06-16,0.0,4.49,215.8,6,1.4788642657076685
2010-06-17,0.0,4.59,207.18,6,1.3954638570181641
2010-06-18,0.0,5.78,206.41,6,1.3879083503186802
2010-06-19,0.0,7.61,206.15,6,1.385353125408874
2010-06-20,0.0,10.66,205.03,6,1.3743226924341063
2010-06-21,0.0,10.68,204.98,6,1.373829376594243
2010-06-22,0.0,12.18,202.37,6,1.3479720479377457
2010-06-23,0.0,10.94,196.79,6,1.2919749517304417
2010-06-24,0.0,11.04,195.18,6,1.2756315802935265
2010-06-25,0.0,12.79,194.82,6,1.2719654833269851
2010-06-26,0.0,12.75,192.8,6,1.2513145036242002
2010-06-27,0.0,11.7,182.9,6,1.1480638021691156
2010-06-28,0.0,11.3,177.35,6,1.0886162154004206
2010-06-29,0.0,11.2,169.09,6,0.9978965029632817
2010-06-30,0.0,13.33,151.67,6,0.7967764099128263
2010-07-01,0.0,12.48,136.39,7,1.6248656602055918
2010-07-02,0.0,12.28,133.89,7,1.5970644724088636
2010-07-03,0.0,12.69,130.41,7,1.557832158330218
2010-07-04,0.0,12.6,107.22,7,1.278285193328609
2010-07-05,0.0,12.76,104.03,7,1.2369866791236666
2010-07-06,0.0,14.36,103.97,7,1.2362023850925565
2010-07-07,0.0,13.9,103.96,7,1.2360716419459652
2010-07-08,0.0,11.78,103.0,7,1.2234835424438772
2010-07-09,0.0,11.7,102.99,7,1.2233520314399908
2010-07-10,0.0,12.32,102.99,7,1.2233520314399908
2010-07-11,0.0,10.7,102.99,7,1.2233520314399908
2010-07-12,0.0,5.43,102.99,7,1.2233520314399908
2010-07-13,0.0,6.23,102.99,7,1.2233520314399908
2010-07-14,0.0,9.1,102.99,7,1.2233520314399908
2010-07-15,0.0,9.03,102.99,7,1.2233520314399908
2010-07-16,0.0,6.25,102.99,7,1.2233520314399908
2010-07-17,0.0,8.68,102.94,7,1.22269435668513
2010-07-18,0.0,10.42,100.47,7,1.1899532491522495
2010-07-19,0.0,11.28,99.42999999999999,7,1.1760167457179949
2010-07-20,0.0,12.14,99.4,7,1.175613378481214
2010-07-21,0.0,11.35,99.39,7,1.1754789057746842
2010-07-22,0.0,12.02,79.17,7,0.8838718904511144
2010-07-23,0.0,13.67,73.86,7,0.7995563293883432
2010-07-24,0.0,15.99,66.26,7,0.6717824728896157
2010-07-25,0.0,16.12,55.93,7,0.4817581447792421
2010-07-26,0.0,15.98,33.8,7,-0.023609078409054542
2010-07-27,0.0,16.3,26.45,7,-0.24217820327964132
2010-07-28,0.0,15.36,26.25,7,-0.24869189075654596
2010-07-29,0.0,14.15,23.42,7,-0.34487475845144877
2010-07-30,0.0,13.05,18.990000000000002,7,-0.5137255176172175
2010-07-31,0.0,12.71,18.950000000000003,7,-0.5153740524965156
2010-08-01,0.0,14.95,10.41,8,-0.04616374182818235
2010-08-02,0.0,14.92,10.35,8,-0.05013202963789998
2010-08-03,0.0,15.32,10.35,8,-0.05013202963789998
2010-08-04,0.0,14.92,10.35,8,-0.05013202963789998
2010-08-05,0.0,16.45,9.48,8,-0.10960417868227548
2010-08-06,0.0,16.79,7.88,8,-0.2300990176245559
2010-08-07,0.0,14.41,6.84,8,-0.31832195543051384
2010-08-08,0.0,16.3,5.41,8,-0.45747730427764904
2010-08-09,0.0,12.87,5.41,8,-0.45747730427764904
2010-08-10,0.0,9.07,5.41,8,-0.45747730427764904
2010-08-11,0.0,9.0,5.41,8,-0.45747730427764904
2010-08-12,0.0,9.35,5.41,8,-0.45747730427764904
2010-08-13,0.0,11.47,3.79,8,-0.6537114169524295
2010-08-14,0.0,13.9,3.74,8,-0.6607180348325156
2010-08-15,0.0,15.43,3.74,8,-0.6607180348325156
2010-08-16,0.0,15.9,3.74,8,-0.6607180348325156
2010-08-17,0.0,14.67,3.74,8,-0.6607180348325156
2010-08-18,0.0,16.81,3.74,8,-0.6607180348325156
2010-08-19,0.0,17.61,3.74,8,-0.6607180348325156
2010-08-20,0.0,15.54,3.74,8,-0.6607180348325156
2010-08-21,0.0,14.04,3.74,8,-0.6607180348325156
2010-08-22,0.0,17.33,3.74,8,-0.6607180348325156
2010-08-23,0.0,15.58,3.74,8,-0.6607180348325156
2010-08-24,0.0,15.39,3.74,8,-0.6607180348325156
2010-08-25,0.0,16.59,3.74,8,-0.6607180348325156
2010-08-26,0.0,17.69,3.74,8,-0.6607180348325156
2010-08-27,0.0,19.13,2.59,8,-0.846513711685989
2010-08-28,0.0,20.8,0.05,8,-2.2592813344717184
2010-08-29,0.0,20.96,0.05,8,-2.2592813344717184
2010-08-30,0.0,18.94,0.05,8,-2.2592813344717184
2010-08-31,0.0,17.96,0.05,8,-2.2592813344717184
2010-09-01,0.0,19.48,0.05,9,-1.527796373753306
2010-09-02,0.0,21.63,0.05,9,-1.527796373753306
2010-09-03,0.0,21.1,0.05,9,-1.527796373753306
2010-09-04,0.0,20.95,0.05,9,-1.527796373753306
2010-09-05,0.0,22.58,0.05,9,-1.527796373753306
2010-09-06,0.0,21.12,0.05,9,-1.527796373753306
2010-09-07,0.0,23.37,0.05,9,-1.527796373753306
2010-09-08,0.0,21.16,0.05,9,-1.527796373753306
2010-09-09,0.0,21.64,0.02,9,-1.6549413674497453
2010-09-10,0.0,22.15,0.0,9,-1.9236047511127894
2010-09-11,0.0,20.28,0.0,9,-1.9236047511127894
2010-09-12,0.0,19.83,0.0,9,-1.9236047511127894
2010-09-13,0.0,22.53,0.0,9,-1.9236047511127894
2010-09-14,0.0,21.23,0.0,9,-1.9236047511127894
2010-09-15,0.0,21.2,0.0,9,-1.9236047511127894
2010-09-16,0.0,23.49,0.0,9,-1.9236047511127894
2010-09-17,0.0,20.77,0.0,9,-1.9236047511127894
2010-09-18,0.0,20.62,0.0,9,-1.9236047511127894
2010-09-19,0.0,22.65,0.0,9,-1.9236047511127894
2010-09-20,0.0,23.33,0.0,9,-1.9236047511127894
2010-09-21,0.0,19.65,0.0,9,-1.9236047511127894
2010-09-22,0.0,17.39,0.0,9,-1.9236047511127894
2010-09-23,0.0,20.42,0.0,9,-1.9236047511127894
2010-09-24,0.0,23.02,0.0,9,-1.9236047511127894
2010-09-25,0.0,23.06,0.0,9,-1.9236047511127894
2010-09-26,0.0,23.27,0.0,9,-1.9236047511127894
2010-09-27,0.0,21.58,0.0,9,-1.9236047511127894
2010-09-28,0.0,18.58,0.0,9,-1.9236047511127894
2010-09-29,0.0,19.12,0.0,9,-1.9236047511127894
2010-09-30,0.0,21.78,0.0,9,-1.9236047511127894
2010-10-01,0.0,24.14,0.0,10,-2.364293065886813
2010-10-02,0.0,26.17,0.0,10,-2.364293065886813
2010-10-03,0.0,27.9,0.0,10,-2.364293065886813
2010-10-04,0.04,27.26,0.04,10,-2.280838572181745
2010-10-05,0.23,25.1,0.27,10,-2.0152217759002378
2010-10-06,0.0,25.54,0.27,10,-2.0152217759002378
2010-10-07,0.0,26.48,0.27,10,-2.0152217759002378
2010-10-08,0.01,26.6,0.28,10,-2.006965915911562
2010-10-09,0.02,28.47,0.30000000000000004,10,-1.9909297376371722
2010-10-10,0.12,28.11,0.42000000000000004,10,-1.905632933606975
2010-10-11,0.0,25.81,0.42000000000000004,10,-1.905632933606975
2010-10-12,0.0,26.05,0.42000000000000004,10,-1.905632933606975
2010-10-13,0.2,24.68,0.62,10,-1.7920592108471314
2010-10-14,0.05,24.27,0.67,10,-1.7675309271360349
2010-10-15,0.0,17.93,0.67,10,-1.7675309271360349
2010-10-16,0.0,18.99,0.67,10,-1.7675309271360349
2010-10-17,0.0,20.34,0.67,10,-1.7675309271360349
2010-10-18,0.0,22.54,0.67,10,-1.7675309271360349
2010-10-19,0.05,24.61,0.72,10,-1.7441999783455315
2010-10-20,0.0,25.73,0.72,10,-1.7441999783455315
2010-10-21,0.0,27.2,0.72,10,-1.7441999783455315
2010-10-22,0.02,25.41,0.74,10,-1.7351743064671137
2010-10-23,0.13,26.19,0.87,10,-1.680238370678484
2010-10-24,0.09,26.15,0.96,10,-1.6454639728173146
2010-10-25,0.0,22.16,0.96,10,-1.6454639728173146
2010-10-26,0.0,23.52,0.96,10,-1.6454639728173146
2010-10-27,0.5,25.58,1.46,10,-1.485732247921164
2010-10-28,0.0,24.77,1.46,10,-1.485732247921164
2010-10-29,0.02,24.07,1.48,10,-1.4802296072009402
2010-10-30,0.03,26.47,1.51,10,-1.4720764388088952
2010-10-31,10.42,26.81,11.93,10,-0.35627540857741175
2010-11-01,12.73,23.3,24.66,11,-1.3647227799503663
2010-11-02,0.02,24.6,24.68,11,-1.3638272483812477
2010-11-03,0.1,25.67,24.78,11,-1.3593575953052237
2010-11-04,1.43,25.47,26.21,11,-1.2968479676676061
2010-11-05,0.0,26.09,26.21,11,-1.2968479676676061
2010-11-06,0.0,25.86,26.21,11,-1.2968479676676061
2010-11-07,4.69,26.0,30.9,11,-1.1079097711359671
2010-11-08,4.27,25.39,35.17,11,-0.9532196257247744
2010-11-09,4.47,22.93,39.64,11,-0.8051024641162008
2010-11-10,0.04,19.97,39.68,11,-0.8038320711005597
2010-11-11,0.0,22.19,39.68,11,-0.8038320711005597
2010-11-12,0.25,25.75,39.93,11,-0.7959126360816764
2010-11-13,0.0,26.5,39.93,11,-0.7959126360816764
2010-11-14,0.2,26.6,40.13,11,-0.7896023765155441
2010-11-15,0.01,23.71,40.14,11,-0.789287449555979
2010-11-16,2.49,22.95,42.63,11,-0.7125408658194718
2010-11-17,6.44,21.92,49.07,11,-0.5277115416803071
2010-11-18,15.65,19.06,64.72,11,-0.14001377051205252
2010-11-19,0.9,23.03,65.62,11,-0.11977604804521695
2010-11-20,0.0,26.43,65.62,11,-0.11977604804521695
2010-11-21,0.86,26.52,66.48,11,-0.10061345358435256
2010-11-22,3.31,26.11,69.79,11,-0.02839194149865619
2010-11-23,2.71,26.19,72.5,11,0.02903045100029069
2010-11-24,10.63,22.6,83.13,11,0.24126799919247474
2010-11-25,0.49,21.62,83.62,11,0.25060173796147234
2010-11-26,1.53,23.06,85.15,11,0.2795134969922496
2010-11-27,0.33,25.5,85.48,11,0.2857039638835178
2010-11-28,0.86,27.31,86.34,11,0.30176239591642945
2010-11-29,0.25,27.48,86.59,11,0.30641059426684286
2010-11-30,2.36,25.09,88.95,11,0.3498569343580831
2010-12-01,0.98,25.26,89.93,12,-0.9744940831829055
2010-12-02,0.81,25.16,90.74000000000001,12,-0.9585549432732692
2010-12-03,0.36,22.8,91.10000000000001,12,-0.9515028442492482
2010-12-04,0.0,25.47,91.10000000000001,12,-0.9515028442492482
2010-12-05,0.0,26.08,91.10000000000001,12,-0.9515028442492482
2010-12-06,0.35,26.12,91.45,12,-0.9446653077702439
2010-12-07,0.34,24.56,91.79,12,-0.9380406359619913
2010-12-08,0.27,25.21,92.06,12,-0.9327920812522599
2010-12-09,0.32,26.16,92.38,12,-0.926585489408389
2010-12-10,3.55,27.1,95.93,12,-0.8587175761254663
2010-12-11,0.27,28.47,96.2,12,-0.8536279403932139
2010-12-12,3.22,26.35,99.42,12,-0.7936819397727173
2010-12-13,3.24,25.07,102.66,12,-0.7347099730983802
2010-12-14,9.05,23.26,111.71000000000001,12,-0.5765344600534692
2010-12-15,21.96,21.8,133.67000000000002,12,-0.22627654706971556
2010-12-16,7.37,23.75,141.04,12,-0.11756576194757921
2010-12-17,0.0,25.96,141.04,12,-0.11756576194757921
2010-12-18,0.43,26.91,141.47,12,-0.11134274748635245
2010-12-19,2.62,26.01,144.09,12,-0.07369867026644916
2010-12-20,2.64,24.45,146.73000000000002,12,-0.03623057227070471
2010-12-21,1.71,24.52,148.44,12,-0.012202766724298365
2010-12-22,1.17,26.32,149.61,12,0.0041303798090022905
2010-12-23,0.88,28.19,150.49,12,0.01635873284492847
2010-12-24,3.71,27.6,154.20000000000002,12,0.06739165785623023
2010-12-25,1.67,27.73,155.87,12,0.09009513972090527
2010-12-26,0.99,25.29,156.86,12,0.10347735640973202
2010-12-27,3.02,25.01,159.88,12,0.14395439159735868
2010-12-28,0.0,26.84,159.88,12,0.14395439159735868
2010-12-29,2.1,27.37,161.98000000000002,12,0.1718007572564258
2010-12-30,3.65,26.84,165.63,12,0.21963328218521336
2010-12-31,1.5,25.47,167.13,12,0.239087077125173
2011-01-01,1.36,24.93,168.49,1,-1.0782869612399248
2011-01-02,10.94,23.69,179.39000000000001,1,-0.8749628145104235
2011-01-03,6.18,24.98,185.34,1,-0.7675183692309899
2011-01-04,3.87,24.52,189.21,1,-0.698889600776407
2011-01-05,11.49,25.21,200.7,1,-0.50058756771693
2011-01-06,1.82,22.76,202.51,1,-0.47005594243474796
2011-01-07,3.06,20.24,205.54999999999998,1,-0.41918861154417797
2011-01-08,1.62,20.55,207.05,1,-0.3942765900336164
2011-01-09,1.83,22.06,208.88000000000002,1,-0.364048242908156
2011-01-10,0.29,24.17,209.17000000000002,1,-0.3592743675366784
2011-01-11,2.51,24.45,211.48,1,-0.3214063058581458
2011-01-12,0.63,24.32,212.06000000000003,1,-0.3119421047661693
2011-01-13,2.3,23.55,214.36,1,-0.2745822625087565
2011-01-14,3.12,23.68,217.48000000000002,1,-0.2243312901093281
2011-01-15,4.87,23.71,222.35000000000002,1,-0.14685358935040516
2011-01-16,2.05,22.1,224.4,1,-0.11458013371073734
2011-01-17,12.68,23.11,237.03,1,0.08002642056319341
2011-01-18,14.99,22.59,252.02,1,0.3022216592158931
2011-01-19,4.19,24.37,256.21,1,0.3627526098499687
2011-01-20,5.1,25.25,261.29,1,0.4352676717344348
2011-01-21,5.12,24.59,266.28000000000003,1,0.505595548510873
2011-01-22,11.09,23.75,277.28,1,0.6576102013858697
2011-01-23,7.1,25.02,284.38,1,0.7536305478482092
2011-01-24,9.1,23.39,293.48,1,0.8744239613275726
2011-01-25,5.62,23.45,298.6,1,0.9413105490579705
2011-01-26,1.11,24.49,299.71,1,0.9557121788972988
2011-01-27,0.07,24.97,299.76,1,0.9563600792996435
2011-01-28,1.97,23.98,301.7,1,0.9814442497113073
2011-01-29,0.48,24.35,291.76000000000005,1,0.8517828786402298
2011-01-30,0.52,25.32,279.55,1,0.6884837206904314
2011-01-31,0.83,24.54,280.36,1,0.6994603278734435
2011-02-01,0.41,23.03,280.67,2,0.1225396411111246
2011-02-02,1.43,23.27,280.67,2,0.1225396411111246
2011-02-03,1.28,22.69,281.95,2,0.1377621007350765
2011-02-04,0.03,22.21,281.98,2,0.13811832439989857
2011-02-05,0.03,22.68,277.32,2,0.08247933455067072
2011-02-06,0.0,24.28,273.05,2,0.03094658268825229
2011-02-07,0.75,25.47,269.33,2,-0.014389023939374272
2011-02-08,2.33,24.38,271.62,2,0.013568318204761684
2011-02-09,3.06,25.34,274.68,2,0.050681392719341856
2011-02-10,1.37,25.49,275.8,2,0.0641962294177304
2011-02-11,0.02,24.27,275.82000000000005,2,0.06443723257969425
2011-02-12,0.37,26.7,275.99,2,0.06648528872120578
2011-02-13,7.23,25.33,283.21,2,0.15270181185172524
2011-02-14,2.0,25.09,282.71999999999997,2,0.14689719482724525
2011-02-15,1.77,24.12,278.05,2,0.09123627793112934
2011-02-16,3.3,24.57,265.7,2,-0.05903328493861618
2011-02-17,8.07,24.45,272.87,2,0.028762459047924387
2011-02-18,7.85,23.02,280.72,2,0.1231351356666666
2011-02-19,3.44,23.71,283.3,2,0.15376723882820462
2011-02-20,0.26,24.63,280.25,2,0.1175346934158495
2011-02-21,1.44,23.88,278.97999999999996,2,0.10237020203370265
2011-02-22,8.01,23.14,276.35999999999996,2,0.07093991426891416
2011-02-23,0.65,24.39,276.52000000000004,2,0.07286500625626506
2011-02-24,3.21,22.57,278.2,2,0.09303375013321667
2011-02-25,1.74,23.15,279.61,2,0.1098984841238308
2011-02-26,0.49,21.97,279.24,2,0.10547848429601323
2011-02-27,0.32,22.6,279.31,2,0.1063149998163516
2011-02-28,0.06,25.03,277.01,2,0.0787559810078369
2011-03-01,0.28,24.22,276.31,3,0.1242765691674202
2011-03-02,0.0,22.47,275.5,3,0.11685855636626079
2011-03-03,0.0,24.24,275.14,3,0.11355699039117556
2011-03-04,0.01,24.68,275.15000000000003,3,0.11364873947006592
2011-03-05,0.28,22.54,275.43,3,0.11621681076533028
2011-03-06,0.03,23.08,275.11,3,0.11328172980189069
2011-03-07,0.0,22.78,274.77000000000004,3,0.1101607088607298
2011-03-08,0.0,23.25,274.5,3,0.1076804144324677
2011-03-09,0.0,24.6,274.18,3,0.10473869668443216
2011-03-10,0.0,24.9,270.63000000000005,3,0.07194914410911253
2011-03-11,0.0,25.78,270.36,3,0.0694435603689382
2011-03-12,0.56,26.1,267.70000000000005,3,0.04466903122959746
2011-03-13,2.26,25.47,266.72,3,0.03550007970999386
2011-03-14,10.23,22.09,267.9,3,0.04653748596305354
2011-03-15,4.89,22.54,250.82999999999998,3,-0.11642502021284479
2011-03-16,6.88,22.17,250.34,3,-0.12121135979453775
2011-03-17,0.42,23.6,250.76000000000002,3,-0.1171083977349312
2011-03-18,2.37,24.21,252.70000000000002,3,-0.09821635801841384
2011-03-19,2.74,23.3,252.82,3,-0.09705098505972508
2011-03-20,7.5,21.43,257.68,3,-0.050162382126089984
2011-03-21,1.16,22.88,257.13,3,-0.05543874711741175
2011-03-22,0.03,24.36,255.98999999999998,3,-0.06639938459924251
2011-03-23,0.19,25.28,255.3,3,-0.07304938324225119
2011-03-24,0.05,25.95,251.64,3,-0.10852667869070473
2011-03-25,7.03,24.93,257.0,3,-0.056686994482688165
2011-03-26,11.82,23.33,267.83,3,0.04588363296684634
2011-03-27,5.83,22.69,270.64,3,0.07204191141852416
2011-03-28,1.14,23.25,271.78000000000003,3,0.08260240638888178
2011-03-29,0.37,25.24,270.05,3,0.06656471587657224
2011-03-30,0.27,25.16,266.67,3,0.035031672180579565
2011-03-31,0.02,24.35,265.19,3,0.021140110731942625
2011-04-01,2.4,23.91,266.23,4,0.3576559837950414
2011-04-02,0.65,23.42,255.94,4,0.2658869920324775
2011-04-03,0.33,24.35,250.09,4,0.2126189370319568
2011-04-04,0.26,23.99,246.48,4,0.17933278291445692
2011-04-05,19.77,18.02,254.76000000000002,4,0.2552079751611557
2011-04-06,1.15,18.74,254.09,4,0.24912983444131184
2011-04-07,0.01,20.81,251.04000000000002,4,0.22132524019051067
2011-04-08,0.23,18.68,249.65,4,0.20857908724567983
2011-04-09,0.03,19.42,247.85,4,0.1920029020262353
2011-04-10,0.0,21.31,247.56,4,0.18932480507671925
2011-04-11,0.26,19.15,245.31,4,0.16847512232700387
2011-04-12,1.18,18.67,245.85999999999999,4,0.17358343878074922
2011-04-13,4.27,19.77,247.83,4,0.19181827269629048
2011-04-14,5.28,19.28,249.99,4,0.21170120490334907
2011-04-15,12.98,19.26,258.1,4,0.2853506381082416
2011-04-16,5.18,17.55,261.22999999999996,4,0.313364045316617
2011-04-17,0.2,17.84,248.75,4,0.20030097551768525
2011-04-18,5.87,17.15,239.63,4,0.11526780411454092
2011-04-19,1.41,17.27,236.85,4,0.08891893382632676
2011-04-20,0.25,18.66,232.0,4,0.0424510995158985
2011-04-21,1.35,18.47,228.23,4,0.005879433820890935
2011-04-22,2.23,18.06,219.37,4,-0.08169402380818912
2011-04-23,8.52,16.96,220.79,4,-0.06750058739409756
2011-04-24,7.96,18.03,219.65,4,-0.0788904367600144
2011-04-25,3.79,18.58,217.82,4,-0.09725760253626375
2011-04-26,1.71,19.81,218.42,4,-0.09122417645854317
2011-04-27,0.65,16.21,219.0,4,-0.0854024592026445
2011-04-28,0.0,13.18,217.03,4,-0.10521870253847772
2011-04-29,0.1,14.47,216.65,4,-0.10905504450201957
2011-04-30,2.46,17.82,218.59,4,-0.08951673431667735
2011-05-01,1.15,18.03,218.91000000000003,5,0.5637394490612082
2011-05-02,0.07,16.96,218.57,5,0.5605028939262772
2011-05-03,0.0,18.28,217.14000000000001,5,0.5468540312543065
2011-05-04,0.01,18.59,215.87,5,0.5346827460907062
2011-05-05,0.06,17.58,215.9,5,0.5349707983643752
2011-05-06,1.8,18.23,217.67000000000002,5,0.5519195627787363
2011-05-07,0.39,17.41,218.06,5,0.5556418606465487
2011-05-08,0.04,17.4,217.35000000000002,5,0.5488620985421987
2011-05-09,7.2,16.66,222.22,5,0.5950773453568322
2011-05-10,2.44,16.11,221.6,5,0.5892308141033126
2011-05-11,0.0,17.1,220.23,5,0.5762737362825384
2011-05-12,0.0,17.55,220.21,5,0.5760841909974687
2011-05-13,0.0,16.98,219.84,5,0.572575564967223
2011-05-14,3.05,17.12,215.66000000000003,5,0.5326656434712949
2011-05-15,0.08,17.18,213.74,5,0.5141634342415101
2011-05-16,0.05,16.64,212.02,5,0.4974955210149322
2011-05-17,0.15,17.06,208.87,5,0.46673779203870935
2011-05-18,0.54,16.64,201.34,5,0.39195203211422885
2011-05-19,0.0,14.81,193.49,5,0.31199316341932043
2011-05-20,0.0,15.29,190.05,5,0.2762757605821635
2011-05-21,0.0,15.71,189.79000000000002,5,0.2735588020463603
2011-05-22,0.0,15.55,188.35,5,0.25846608496434637
2011-05-23,0.0,15.91,180.34,5,0.17308005001902774
2011-05-24,0.0,16.8,179.69,5,0.16604108814409899
2011-05-25,0.0,11.65,176.48000000000002,5,0.1310278849252461
2011-05-26,0.0,9.15,174.74,5,0.11187064750783277
2011-05-27,0.0,11.02,174.25,5,0.10645278562200385
2011-05-28,0.0,12.46,173.93,5,0.10290908574831596
2011-05-29,0.0,13.24,173.87,5,0.10224415642655314
2011-05-30,0.0,13.27,173.59,5,0.09913912084524108
2011-05-31,0.0,8.23,173.59,5,0.09913912084524108
2011-06-01,0.0,7.61,173.59,6,1.0476632300901492
2011-06-02,0.0,9.23,173.58,6,1.0475535593697158
2011-06-03,0.0,13.03,173.3,6,1.0444811351529004
2011-06-04,0.0,14.41,173.27,6,1.0441517583481403
2011-06-05,0.0,13.78,173.27,6,1.0441517583481403
2011-06-06,0.05,13.7,173.32,6,1.0447006994035417
2011-06-07,15.55,14.63,188.87,6,1.2107400998755653
2011-06-08,3.19,9.16,192.06,6,1.2437149478241185
2011-06-09,0.27,7.81,192.33,6,1.2464899085181127
2011-06-10,0.01,9.75,191.78,6,1.2408345939680858
2011-06-11,0.0,13.1,189.52,6,1.2174876540154551
2011-06-12,0.0,15.34,179.29,6,1.1095293657908711
2011-06-13,0.0,14.91,174.4,6,1.056533159378591
2011-06-14,0.0,12.37,167.52,6,0.9803337100542073
2011-06-15,0.0,12.75,167.1,6,0.9756174762599299
2011-06-16,0.0,11.61,164.73,6,0.9488606264121199
2011-06-17,0.0,8.18,161.99,6,0.9176160777199083
2011-06-18,0.0,8.4,154.49,6,0.8303111327615804
2011-06-19,0.0,12.01,153.33,6,0.8165650780748499
2011-06-20,0.0,11.89,153.3,6,0.816208685403236
2011-06-21,0.0,11.64,153.10999999999999,6,0.8139504828423089
2011-06-22,0.0,11.49,153.06,6,0.8133559175627056
2011-06-23,0.0,12.59,146.03,6,0.7284742765649567
2011-06-24,0.0,7.74,134.21,6,0.579549525532696
2011-06-25,0.0,4.78,128.38,6,0.5029204484540698
2011-06-26,0.0,6.94,127.24,6,0.4876706537836597
2011-06-27,0.0,9.54,126.87,6,0.4827018514617761
2011-06-28,0.0,11.64,126.6,6,0.47906994834147865
2011-06-29,0.0,12.21,126.58,6,0.4788007157966286
2011-06-30,0.0,11.09,124.17999999999999,6,0.4462873050786936
2011-07-01,0.0,8.81,123.53,7,1.4783387649503255
2011-07-02,0.0,10.31,123.2,7,1.4744582868994889
2011-07-03,0.0,10.04,122.94,7,1.4713964351610733
2011-07-04,0.0,9.86,103.17,7,1.2257180097653233
2011-07-05,0.08,8.68,102.1,7,1.2116154328229365
2011-07-06,0.0,7.12,102.09,7,1.2114831982024992
2011-07-07,0.0,8.13,101.86,7,1.2084395631294362
2011-07-08,0.0,8.52,101.83,7,1.2080422504184902
2011-07-09,0.0,8.46,101.83,7,1.2080422504184902
2011-07-10,0.07,8.45,101.64,7,1.2055242343948958
2011-07-11,0.29,8.96,100.75,7,1.1936899292852552
2011-07-12,0.0,10.7,96.47999999999999,7,1.1359808016765802
2011-07-13,0.0,9.72,91.2,7,1.0623550118988245
2011-07-14,0.38,10.27,78.60000000000001,7,0.8749983099337145
2011-07-15,0.0,10.31,73.42,7,0.7923970979778984
2011-07-16,0.0,10.5,73.22,7,0.7891337614881357
2011-07-17,0.0,10.54,67.35000000000001,7,0.6906720006395962
2011-07-18,0.0,10.28,65.94000000000001,7,0.6661985944072555
2011-07-19,0.0,11.33,65.69000000000001,7,0.6618239071648779
2011-07-20,0.0,13.13,64.34,7,0.6380112222292615
2011-07-21,0.0,15.33,62.11,7,0.59795157787151
2011-07-22,0.0,14.81,53.589999999999996,7,0.43555389962941343
2011-07-23,0.0,12.14,45.629999999999995,7,0.26751452810462867
2011-07-24,0.0,12.71,41.839999999999996,7,0.18051379237384407
2011-07-25,0.08,10.55,40.21,7,0.14145071712070093
2011-07-26,0.0,8.11,39.56,7,0.1255729005221073
2011-07-27,0.0,9.68,39.56,7,0.1255729005221073
2011-07-28,0.0,11.71,39.46,7,0.12311441424386686
2011-07-29,0.0,7.17,37.0,7,0.06124728759266441
2011-07-30,0.0,8.94,35.85,7,0.03135572393715895
2011-07-31,0.0,10.19,35.78,7,0.02951508725037107
2011-08-01,0.0,11.4,35.78,8,0.9918361126662689
2011-08-02,0.0,11.87,35.77,8,0.9915479404712176
2011-08-03,0.0,10.98,35.71,8,0.989817835447053
2011-08-04,0.0,12.19,33.910000000000004,8,0.9370335711740096
2011-08-05,0.0,13.06,33.52,8,0.9253636313289432
2011-08-06,0.0,10.71,33.480000000000004,8,0.9241618361141303
2011-08-07,0.0,11.2,26.28,8,0.690766014408911
2011-08-08,0.0,13.49,23.84,8,0.6023007407317446
2011-08-09,0.0,13.66,23.84,8,0.6023007407317446
2011-08-10,0.0,14.01,23.84,8,0.6023007407317446
2011-08-11,0.0,14.85,23.84,8,0.6023007407317446
2011-08-12,0.0,16.47,20.79,8,0.4828868723745368
2011-08-13,0.0,15.71,20.71,8,0.47960266334820756
2011-08-14,0.0,15.02,20.66,8,0.4775457352747936
2011-08-15,0.06,11.56,20.570000000000004,8,0.47383488214463654
2011-08-16,0.02,10.68,20.05,8,0.45217932625665724
2011-08-17,0.0,10.76,20.05,8,0.45217932625665724
2011-08-18,0.0,11.1,20.05,8,0.45217932625665724
2011-08-19,0.0,13.51,20.05,8,0.45217932625665724
2011-08-20,0.0,16.0,20.05,8,0.45217932625665724
2011-08-21,0.0,17.0,20.05,8,0.45217932625665724
2011-08-22,0.0,16.96,20.05,8,0.45217932625665724
2011-08-23,0.0,14.2,20.05,8,0.45217932625665724
2011-08-24,0.0,12.49,20.05,8,0.45217932625665724
2011-08-25,0.0,15.51,20.05,8,0.45217932625665724
2011-08-26,0.0,19.81,20.05,8,0.45217932625665724
2011-08-27,0.0,20.34,20.05,8,0.45217932625665724
2011-08-28,0.0,17.4,20.05,8,0.45217932625665724
2011-08-29,0.0,16.89,20.05,8,0.45217932625665724
2011-08-30,0.0,17.73,20.05,8,0.45217932625665724
2011-08-31,0.0,19.44,20.05,8,0.45217932625665724
2011-09-01,0.0,20.39,20.05,9,0.7863525026940346
2011-09-02,0.0,19.49,20.05,9,0.7863525026940346
2011-09-03,0.0,17.09,20.05,9,0.7863525026940346
2011-09-04,0.0,18.38,20.000000000000004,9,0.7843274607115656
2011-09-05,0.0,19.67,4.45,9,-0.174528375249537
2011-09-06,0.0,21.82,1.26,9,-0.7138370483593314
2011-09-07,0.0,22.16,0.99,9,-0.7989612157992498
2011-09-08,0.0,20.34,0.98,9,-0.8024386723009811
2011-09-09,0.0,20.91,0.98,9,-0.8024386723009811
2011-09-10,0.0,22.16,0.98,9,-0.8024386723009811
2011-09-11,0.0,19.85,0.98,9,-0.8024386723009811
2011-09-12,0.0,19.18,0.98,9,-0.8024386723009811
2011-09-13,0.0,20.3,0.98,9,-0.8024386723009811
2011-09-14,0.0,20.2,0.98,9,-0.8024386723009811
2011-09-15,0.0,20.35,0.98,9,-0.8024386723009811
2011-09-16,0.0,19.58,0.98,9,-0.8024386723009811
2011-09-17,0.0,17.52,0.98,9,-0.8024386723009811
2011-09-18,0.0,19.6,0.98,9,-0.8024386723009811
2011-09-19,0.0,20.42,0.98,9,-0.8024386723009811
2011-09-20,0.0,18.37,0.98,9,-0.8024386723009811
2011-09-21,0.0,19.58,0.98,9,-0.8024386723009811
2011-09-22,0.0,20.03,0.98,9,-0.8024386723009811
2011-09-23,0.0,20.36,0.98,9,-0.8024386723009811
2011-09-24,0.01,19.6,0.99,9,-0.7989612157992498
2011-09-25,0.0,19.45,0.99,9,-0.7989612157992498
2011-09-26,0.0,20.24,0.99,9,-0.7989612157992498
2011-09-27,0.0,23.88,0.99,9,-0.7989612157992498
2011-09-28,0.0,24.51,0.99,9,-0.7989612157992498
2011-09-29,0.0,23.88,0.99,9,-0.7989612157992498
2011-09-30,0.01,24.16,1.0,9,-0.7955104571713172
2011-10-01,3.09,21.72,4.09,10,-1.0085616558264818
2011-10-02,4.1,22.16,8.19,10,-0.6073141828161529
2011-10-03,0.0,16.86,8.11,10,-0.6135196587143815
2011-10-04,0.0,18.4,8.11,10,-0.6135196587143815
2011-10-05,0.0,18.94,8.11,10,-0.6135196587143815
2011-10-06,0.0,16.81,8.11,10,-0.6135196587143815
2011-10-07,0.0,17.17,8.11,10,-0.6135196587143815
2011-10-08,0.0,19.64,8.04,10,-0.6189860361170121
2011-10-09,0.0,20.83,7.75,10,-0.6420082811542107
2011-10-10,0.0,21.83,7.75,10,-0.6420082811542107
2011-10-11,0.0,22.65,7.75,10,-0.6420082811542107
2011-10-12,0.0,24.25,7.369999999999999,10,-0.6731450593680085
2011-10-13,0.0,24.21,7.369999999999999,10,-0.6731450593680085
2011-10-14,0.0,24.31,7.369999999999999,10,-0.6731450593680085
2011-10-15,0.0,25.22,7.369999999999999,10,-0.6731450593680085
2011-10-16,0.0,24.08,7.369999999999999,10,-0.6731450593680085
2011-10-17,0.01,24.29,7.379999999999999,10,-0.6723108423923027
2011-10-18,1.26,25.08,8.639999999999999,10,-0.5732045825858703
2011-10-19,0.13,23.64,8.77,10,-0.5635910111732303
2011-10-20,0.0,19.03,8.77,10,-0.5635910111732303
2011-10-21,0.0,20.66,8.77,10,-0.5635910111732303
2011-10-22,0.0,24.58,8.77,10,-0.5635910111732303
2011-10-23,0.0,27.7,8.69,10,-0.5694947432046218
2011-10-24,0.0,29.6,8.69,10,-0.5694947432046218
2011-10-25,0.01,28.82,8.7,10,-0.5687546309137194
2011-10-26,0.31,29.16,9.01,10,-0.5461103946367163
2011-10-27,0.0,28.09,9.01,10,-0.5461103946367163
2011-10-28,8.57,25.0,17.58,10,-0.06722319666480583
2011-10-29,4.88,24.33,22.46,10,0.13390126625005874
2011-10-30,2.22,24.31,24.68,10,0.21556298564534024
2011-10-31,0.0,24.33,24.68,10,0.21556298564534024
2011-11-01,0.37,20.69,25.05,11,-1.3473555421271597
2011-11-02,1.8,20.6,26.85,11,-1.2696808932317627
2011-11-03,0.0,22.12,26.85,11,-1.2696808932317627
2011-11-04,0.31,23.1,27.16,11,-1.2566920936321058
2011-11-05,0.01,21.02,27.17,11,-1.2562749104173183
2011-11-06,0.0,21.9,27.17,11,-1.2562749104173183
2011-11-07,0.0,23.53,27.17,11,-1.2562749104173183
2011-11-08,0.0,26.88,27.17,11,-1.2562749104173183
2011-11-09,0.01,29.09,27.18,11,-1.2558578395180056
2011-11-10,0.0,29.54,27.18,11,-1.2558578395180056
2011-11-11,0.03,29.39,27.21,11,-1.2546072999658386
2011-11-12,0.05,29.04,27.26,11,-1.2525253067273123
2011-11-13,0.0,28.78,27.200000000000003,11,-1.2550240343668948
2011-11-14,0.0,23.36,27.180000000000003,11,-1.2558578395180051
2011-11-15,0.0,24.24,27.180000000000003,11,-1.2558578395180051
2011-11-16,0.37,27.32,27.55,11,-1.240504497253813
2011-11-17,13.91,27.74,41.46,11,-0.7481960979360699
2011-11-18,2.04,26.05,43.5,11,-0.6864732096054387
2011-11-19,15.2,26.89,58.7,11,-0.28058129657392944
2011-11-20,7.74,25.02,66.44,11,-0.10150098841448321
2011-11-21,3.9,25.14,70.34,11,-0.016617626928377118
2011-11-22,8.2,24.77,78.54,11,0.15199809364328065
2011-11-23,12.12,21.21,90.66,11,0.38086201995348146
2011-11-24,2.36,20.98,93.02,11,0.42302378509805083
2011-11-25,0.0,20.37,93.02,11,0.42302378509805083
2011-11-26,0.06,22.05,93.08,11,0.4240864353724244
2011-11-27,0.66,23.18,93.74,11,0.43574586899240847
2011-11-28,1.1,22.26,94.84,11,0.4550585391764925
2011-11-29,1.89,23.52,96.73,11,0.48789950954365596
2011-11-30,0.7,22.28,97.43,11,0.49995563822402855
2011-12-01,2.97,21.92,100.4,12,-0.775705813219686
2011-12-02,2.76,23.84,103.16,12,-0.725724787862336
2011-12-03,0.14,25.48,103.3,12,-0.7232143430282624
2011-12-04,0.85,22.69,104.15,12,-0.708022706522736
2011-12-05,0.01,22.73,104.16,12,-0.7078444930270542
2011-12-06,0.02,24.96,104.18,12,-0.7074881015528663
2011-12-07,0.07,26.78,104.25,12,-0.7062411041117878
2011-12-08,3.77,25.35,108.02,12,-0.6399195494633235
2011-12-09,10.74,21.58,118.76,12,-0.4593264018395896
2011-12-10,0.67,21.49,119.43,12,-0.4484381935841553
2011-12-11,2.07,23.28,121.5,12,-0.41506019666930993
2011-12-12,0.0,25.81,121.5,12,-0.41506019666930993
2011-12-13,2.54,25.71,124.04,12,-0.3746301882886531
2011-12-14,14.86,23.92,138.9,12,-0.14872801832138066
2011-12-15,5.39,22.65,144.29,12,-0.07084408181651242
2011-12-16,0.02,23.61,144.31,12,-0.07055876952502144
2011-12-17,0.15,24.23,144.46,12,-0.06841977540737085
2011-12-18,0.0,24.94,144.46,12,-0.06841977540737085
2011-12-19,0.12,25.89,144.58,12,-0.06670965639180582
2011-12-20,0.38,26.72,144.96,12,-0.061300574415068206
2011-12-21,0.64,27.02,145.6,12,-0.05221207014852319
2011-12-22,1.27,25.36,146.87,12,-0.03425633238845702
2011-12-23,6.16,25.93,153.02,12,0.05125025300174841
2011-12-24,5.82,21.49,158.84,12,0.13007338213361805
2011-12-25,1.73,22.96,160.57000000000002,12,0.1531306828302782
2011-12-26,6.71,23.17,167.28,12,0.2410260607320132
2011-12-27,4.28,23.43,171.56,12,0.2958717205150327
2011-12-28,2.31,25.05,173.87,12,0.32509640730117945
2011-12-29,2.78,24.88,176.64,12,0.3598034805204276
2011-12-30,8.99,23.91,182.54,12,0.4325459240122742
2011-12-31,1.58,25.63,180.01999999999998,12,0.401669216911655
2012-01-01,0.61,26.09,180.63,1,-0.8523727666636669
2012-01-02,0.0,26.8,180.63,1,-0.8523727666636669
2012-01-03,0.0,27.41,180.63,1,-0.8523727666636669
2012-01-04,0.07,27.11,180.7,1,-0.8511006819197908
2012-01-05,0.45,27.84,181.15,1,-0.8429310115153523
2012-01-06,3.63,27.56,184.78,1,-0.7775296826296906
2012-01-07,0.58,27.05,185.35999999999999,1,-0.7671612034916271
2012-01-08,2.15,27.14,187.51,1,-0.7289178739536494
2012-01-09,3.77,25.55,191.28,1,-0.6625723180778371
2012-01-10,3.89,25.96,195.17,1,-0.5950393344120661
2012-01-11,0.7,25.48,195.87,1,-0.5829840251767379
2012-01-12,3.31,26.8,199.18,1,-0.5263715693216924
2012-01-13,1.16,26.47,200.34,1,-0.5066823337350309
2012-01-14,1.66,26.76,202.0,1,-0.4786400449509329
2012-01-15,2.72,22.91,204.71,1,-0.43319297555901837
2012-01-16,0.34,23.66,203.79000000000002,1,-0.448575681961971
2012-01-17,0.2,24.78,203.85999999999999,1,-0.44740361203929996
2012-01-18,0.81,24.05,204.67,1,-0.43386081701465107
2012-01-19,1.2,22.55,205.86999999999998,1,-0.41386377806566105
2012-01-20,0.13,23.6,206.0,1,-0.41170216013368044
2012-01-21,0.15,26.17,206.14999999999998,1,-0.4092091292494824
2012-01-22,4.16,27.06,210.31,1,-0.3405512128954228
2012-01-23,3.74,26.53,214.04,1,-0.27976394888876355
2012-01-24,4.0,26.21,217.73,1,-0.220325789780296
2012-01-25,4.57,24.43,222.29999999999998,1,-0.14764323405294177
2012-01-26,0.74,24.99,214.47,1,-0.2728022595717762
2012-01-27,0.44,25.13,210.03,1,-0.3451435344421853
2012-01-28,0.99,24.46,208.8,1,-0.3653659601930274
2012-01-29,0.84,25.66,209.64000000000001,1,-0.35154686170477134
2012-01-30,0.02,25.93,209.29,1,-0.357300275743098
2012-01-31,0.47,27.4,207.95999999999998,1,-0.3792225863920926
2012-02-01,0.08,26.75,208.04,2,-0.8309128804427113
2012-02-02,0.46,27.43,208.19,2,-0.8287267127389232
2012-02-03,0.08,26.63,208.26,2,-0.8277068694680559
2012-02-04,0.12,28.17,208.38,2,-0.8259591115051157
2012-02-05,4.93,27.48,213.31,2,-0.7547418016550357
2012-02-06,9.01,24.29,222.32,2,-0.6274323712298769
2012-02-07,4.22,24.33,226.53,2,-0.569146809111415
2012-02-08,2.19,25.7,228.72,2,-0.5391175502162815
2012-02-09,0.23,26.27,228.92000000000002,2,-0.5363848844473507
2012-02-10,4.04,23.64,232.91,2,-0.4822030803463306
2012-02-11,0.05,24.73,232.96,2,-0.4815281132127244
2012-02-12,0.0,22.19,232.96,2,-0.4815281132127244
2012-02-13,0.01,24.1,232.97,2,-0.48139313155409313
2012-02-14,0.13,25.72,232.73,2,-0.4846337745168489
2012-02-15,0.31,27.27,219.13,2,-0.6720978894704437
2012-02-16,1.35,28.25,218.44,2,-0.6818171781384074
2012-02-17,0.25,28.03,203.49,2,-0.8977451140456242
2012-02-18,0.78,28.15,196.53,2,-1.001985508634674
2012-02-19,0.44,27.9,193.07,2,-1.0547510751522595
2012-02-20,0.38,26.88,185.25,2,-1.176450843677887
2012-02-21,0.28,28.18,173.41,2,-1.3676526838634615
2012-02-22,0.12,29.93,171.17,2,-1.4048359549112246
2012-02-23,0.01,29.44,171.18,2,-1.4046692096645597
2012-02-24,1.69,26.51,172.81,2,-1.3775796453299933
2012-02-25,0.91,25.42,173.06,2,-1.3734405097735962
2012-02-26,1.24,25.33,173.2,2,-1.3711244057677436
2012-02-27,2.95,26.32,174.26000000000002,2,-1.353630192780453
2012-02-28,0.08,25.63,173.64,2,-1.3638536665933787
2012-02-29,0.28,26.24,170.95,2,-1.4085060631767277
2012-03-01,1.93,25.51,170.12,3,-1.0104031131834088
2012-03-02,0.14,25.67,170.12,3,-1.0104031131834088
2012-03-03,0.0,24.97,169.27,3,-1.0212418581484708
2012-03-04,0.0,27.99,169.26000000000002,3,-1.0213695976817037
2012-03-05,0.0,27.99,169.24,3,-1.0216250924862418
2012-03-06,0.13,26.18,169.3,3,-1.020858671018311
2012-03-07,0.04,26.42,165.57,3,-1.0688682779409562
2012-03-08,0.13,26.7,154.96,3,-1.209690013090818
2012-03-09,0.31,27.0,154.6,3,-1.2145847917522674
2012-03-10,2.88,27.49,155.41,3,-1.2035827228824076
2012-03-11,0.98,26.5,156.39000000000001,3,-1.1903251048280836
2012-03-12,2.68,25.43,156.53,3,-1.1884359088179401
2012-03-13,0.03,25.98,141.7,3,-1.3955226164628944
2012-03-14,0.09,25.0,136.4,3,-1.4732318787972836
2012-03-15,5.78,21.13,142.16,3,-1.3888754236888143
2012-03-16,9.44,21.25,151.45,3,-1.2577585586302331
2012-03-17,0.01,22.07,151.46,3,-1.257620507445854
2012-03-18,0.0,20.95,151.34,3,-1.259277543836365
2012-03-19,0.03,21.85,150.99,3,-1.2641158373942503
2012-03-20,0.06,22.93,150.41,3,-1.2721509355392269
2012-03-21,1.02,22.78,150.16,3,-1.2756210471097456
2012-03-22,0.0,23.5,144.0,3,-1.3624372675975598
2012-03-23,0.02,24.16,138.20000000000002,3,-1.446604564114306
2012-03-24,0.01,23.26,136.48,3,-1.4720431825610625
2012-03-25,0.01,22.68,129.78,3,-1.573356514153762
2012-03-26,0.0,22.73,125.5,3,-1.6400355359554446
2012-03-27,0.14,23.84,123.33000000000001,3,-1.674462527805181
2012-03-28,8.97,22.02,129.52,3,-1.5773621342240018
2012-03-29,3.51,22.1,124.03999999999999,3,-1.6631512080127406
2012-03-30,2.41,22.86,124.87,3,-1.6499864786231386
2012-03-31,0.04,17.9,124.3,3,-1.6590205816212702
2012-04-01,0.0,17.67,124.3,4,-1.2242078914096255
2012-04-02,0.0,17.67,124.3,4,-1.2242078914096255
2012-04-03,0.0,18.5,124.23,4,-1.2252452742561406
2012-04-04,0.0,19.53,123.78,4,-1.231924030716439
2012-04-05,0.0,20.31,120.15,4,-1.286436545370461
2012-04-06,0.0,19.17,119.57,4,-1.2952540123527507
2012-04-07,0.02,19.17,117.44000000000001,4,-1.3278975732940677
2012-04-08,0.09,20.99,113.76,4,-1.3852990265151455
2012-04-09,0.0,19.61,109.87,4,-1.4474292096407666
2012-04-10,0.0,16.87,109.17,4,-1.458775082117354
2012-04-11,0.0,18.32,105.86,4,-1.513139179221555
2012-04-12,0.0,19.12,104.7,4,-1.532478460853865
2012-04-13,0.03,18.18,103.07,4,-1.5599142139213418
2012-04-14,0.01,17.07,100.36,4,-1.606224404875634
2012-04-15,0.0,18.5,100.02000000000001,4,-1.612097624557484
2012-04-16,0.01,20.18,99.83000000000001,4,-1.6153859625168385
2012-04-17,0.0,19.93,99.02000000000001,4,-1.6294553020774363
2012-04-18,0.0,21.14,97.82000000000001,4,-1.650451570404186
2012-04-19,0.0,20.47,97.69000000000001,4,-1.6527372627665184
2012-04-20,0.0,22.15,97.54,4,-1.6553773201097957
2012-04-21,0.0,22.09,93.38000000000001,4,-1.7297887192952026
2012-04-22,0.27,21.0,89.91000000000001,4,-1.7937103537561732
2012-04-23,0.11,21.75,86.02000000000001,4,-1.8675291392500468
2012-04-24,3.36,20.37,84.81,4,-1.890984179337952
2012-04-25,0.14,17.87,84.21000000000001,4,-1.9027051115811706
2012-04-26,0.0,18.36,83.77000000000001,4,-1.9113391374897188
2012-04-27,0.0,20.38,82.78,4,-1.930887104473184
2012-04-28,0.02,21.8,81.96,4,-1.9472077234892138
2012-04-29,0.0,22.37,81.94,4,-1.9476072713988761
2012-04-30,0.0,23.33,81.47,4,-1.9570171872501134
2012-05-01,0.0,23.93,81.39,5,-1.1980779890783015
2012-05-02,0.0,23.62,80.93,5,-1.2067105737465207
2012-05-03,0.0,21.57,80.85,5,-1.2082154631844941
2012-05-04,0.0,22.92,80.73,5,-1.2104747905625286
2012-05-05,0.0,22.64,75.8,5,-1.3054452530186973
2012-05-06,0.0,20.88,66.78999999999999,5,-1.4911545926667586
2012-05-07,0.0,20.69,62.57,5,-1.5844239927156643
2012-05-08,0.14,19.11,60.52,5,-1.6313923289513448
2012-05-09,0.0,20.0,60.29,5,-1.636733993022022
2012-05-10,0.0,20.7,56.25,5,-1.733087977067349
2012-05-11,0.0,20.51,56.2,5,-1.734311795235
2012-05-12,0.01,19.06,56.21,5,-1.7340669676798544
2012-05-13,0.13,17.86,56.33,5,-1.7311315278235069
2012-05-14,0.0,18.67,56.2,5,-1.734311795235
2012-05-15,0.0,15.47,55.89,5,-1.741917363514596
2012-05-16,0.0,14.57,54.54,5,-1.7754044852145723
2012-05-17,0.0,15.84,54.29,5,-1.7816725280449721
2012-05-18,0.0,15.21,53.51,5,-1.8013664086713999
2012-05-19,0.0,16.55,53.07,5,-1.8125692366182462
2012-05-20,0.0,14.68,52.69,5,-1.8222996473284605
2012-05-21,0.0,11.75,52.410000000000004,5,-1.8295025993054022
2012-05-22,0.0,11.53,52.29,5,-1.8325982732732555
2012-05-23,0.0,14.66,52.28,5,-1.8328564826962934
2012-05-24,0.0,18.26,50.59,5,-1.8770280022081618
2012-05-25,0.0,16.78,49.68,5,-1.9012663442752924
2012-05-26,0.0,14.97,48.44,5,-1.9348297829332324
2012-05-27,0.0,16.1,45.49,5,-2.0173246377840344
2012-05-28,0.0,14.66,45.410000000000004,5,-2.0196165946050204
2012-05-29,0.0,15.76,45.13,5,-2.0276622398448
2012-05-30,0.0,16.81,43.2,5,-2.084158566600862
2012-05-31,0.0,14.65,43.06,5,-2.0883296420120865
2012-06-01,0.0,14.97,43.06,6,-1.073862473797065
2012-06-02,0.0,15.1,43.06,6,-1.073862473797065
2012-06-03,0.0,14.42,43.06,6,-1.073862473797065
2012-06-04,0.0,12.99,42.93,6,-1.0775471024467582
2012-06-05,0.0,13.1,42.89,6,-1.078682452577513
2012-06-06,0.0,14.26,42.76,6,-1.082377621896274
2012-06-07,0.0,11.89,42.45,6,-1.0912219966135799
2012-06-08,0.0,11.63,39.57,6,-1.1757083243693567
2012-06-09,0.0,7.52,38.59,6,-1.2054727182225793
2012-06-10,0.0,7.23,35.91,6,-1.289781458946619
2012-06-11,0.0,8.06,35.88,6,-1.2907508211381553
2012-06-12,0.0,11.58,35.79,6,-1.2936624685639977
2012-06-13,0.0,12.49,30.009999999999998,6,-1.4930979518131318
2012-06-14,0.0,10.47,20.57,6,-1.8917040930950477
2012-06-15,0.0,10.55,20.56,6,-1.8921938705706576
2012-06-16,0.0,11.04,20.56,6,-1.8921938705706576
2012-06-17,0.0,12.75,20.53,6,-1.8936642927482483
2012-06-18,0.0,13.85,20.47,6,-1.8966100555877057
2012-06-19,0.0,13.88,19.45,6,-1.9477258089062337
2012-06-20,0.0,13.53,19.45,6,-1.9477258089062337
2012-06-21,0.8,14.69,20.23,6,-1.9084593370663974
2012-06-22,0.58,15.39,20.800000000000004,6,-1.8804889411426662
2012-06-23,1.24,15.66,22.03,6,-1.82206299101798
2012-06-24,0.0,9.29,22.03,6,-1.82206299101798
2012-06-25,0.0,8.41,21.89,6,-1.82858622132348
2012-06-26,0.0,10.82,12.92,6,-2.3359432657803394
2012-06-27,0.0,13.66,9.41,6,-2.614030749814163
2012-06-28,0.0,12.37,7.0,6,-2.858127633008195
2012-06-29,0.0,13.79,6.96,6,-2.862720872359875
2012-06-30,0.0,15.47,6.96,6,-2.862720872359875
2012-07-01,0.0,15.23,6.96,7,-1.206243446090585
2012-07-02,0.0,14.92,6.96,7,-1.206243446090585
2012-07-03,0.0,15.1,6.96,7,-1.206243446090585
2012-07-04,0.0,14.43,6.96,7,-1.206243446090585
2012-07-05,0.0,15.61,6.96,7,-1.206243446090585
2012-07-06,0.0,13.36,6.94,7,-1.2080018539933413
2012-07-07,0.02,14.15,6.869999999999999,7,-1.21418764260911
2012-07-08,0.0,10.86,6.869999999999999,7,-1.21418764260911
2012-07-09,0.0,12.5,6.869999999999999,7,-1.21418764260911
2012-07-10,0.0,15.04,6.869999999999999,7,-1.21418764260911
2012-07-11,0.0,15.14,6.869999999999999,7,-1.21418764260911
2012-07-12,0.0,13.95,6.84,7,-1.2168537893019993
2012-07-13,0.02,14.27,6.85,7,-1.2159640593182457
2012-07-14,0.0,8.71,6.85,7,-1.2159640593182457
2012-07-15,0.0,6.91,6.84,7,-1.2168537893019993
2012-07-16,0.0,8.67,6.84,7,-1.2168537893019993
2012-07-17,0.0,10.34,6.84,7,-1.2168537893019993
2012-07-18,0.0,10.43,6.84,7,-1.2168537893019993
2012-07-19,0.0,12.83,6.84,7,-1.2168537893019993
2012-07-20,0.0,13.26,6.84,7,-1.2168537893019993
2012-07-21,0.0,13.89,6.57,7,-1.2412705943469597
2012-07-22,0.0,13.72,6.46,7,-1.251444076197621
2012-07-23,0.0,12.46,3.1,7,-1.6616333230978093
2012-07-24,0.0,13.77,2.96,7,-1.6855703977243137
2012-07-25,0.0,14.73,2.96,7,-1.6855703977243137
2012-07-26,0.0,14.04,2.96,7,-1.6855703977243137
2012-07-27,0.0,14.69,2.94,7,-1.6890653598733072
2012-07-28,0.0,13.4,2.94,7,-1.6890653598733072
2012-07-29,0.0,13.1,2.94,7,-1.6890653598733072
2012-07-30,0.0,13.61,2.94,7,-1.6890653598733072
2012-07-31,0.0,14.67,2.94,7,-1.6890653598733072
2012-08-01,0.0,12.6,2.94,8,-0.7841099231551583
2012-08-02,0.0,11.88,2.94,8,-0.7841099231551583
2012-08-03,0.0,13.68,2.94,8,-0.7841099231551583
2012-08-04,0.0,15.82,2.94,8,-0.7841099231551583
2012-08-05,0.0,17.22,2.94,8,-0.7841099231551583
2012-08-06,0.01,11.68,2.81,8,-0.8065712367129496
2012-08-07,0.02,5.29,2.83,8,-0.80306337647583
2012-08-08,0.03,7.21,2.8600000000000003,8,-0.7978378411204052
2012-08-09,0.0,10.32,2.8600000000000003,8,-0.7978378411204052
2012-08-10,0.0,13.25,2.85,8,-0.7995748940939533
2012-08-11,0.0,14.5,2.72,8,-0.8226033880044811
2012-08-12,0.0,8.31,2.72,8,-0.8226033880044811
2012-08-13,0.0,9.88,2.72,8,-0.8226033880044811
2012-08-14,0.0,12.32,2.72,8,-0.8226033880044811
2012-08-15,0.0,15.86,2.72,8,-0.8226033880044811
2012-08-16,0.0,12.19,2.72,8,-0.8226033880044811
2012-08-17,0.0,13.9,2.72,8,-0.8226033880044811
2012-08-18,0.16,14.24,2.88,8,-0.7943779573926811
2012-08-19,0.0,16.1,2.88,8,-0.7943779573926811
2012-08-20,0.0,19.97,2.88,8,-0.7943779573926811
2012-08-21,0.0,20.87,2.88,8,-0.7943779573926811
2012-08-22,0.0,21.53,2.88,8,-0.7943779573926811
2012-08-23,0.0,23.29,2.88,8,-0.7943779573926811
2012-08-24,0.0,22.83,2.88,8,-0.7943779573926811
2012-08-25,0.0,23.04,2.88,8,-0.7943779573926811
2012-08-26,0.0,20.78,2.88,8,-0.7943779573926811
2012-08-27,0.0,19.81,2.88,8,-0.7943779573926811
2012-08-28,0.0,19.37,2.88,8,-0.7943779573926811
2012-08-29,0.0,19.58,2.88,8,-0.7943779573926811
2012-08-30,0.0,20.08,2.88,8,-0.7943779573926811
2012-08-31,0.0,21.01,2.88,8,-0.7943779573926811
2012-09-01,0.0,18.18,2.88,9,-0.3807204875793131
2012-09-02,0.0,16.83,2.88,9,-0.3807204875793131
2012-09-03,0.0,18.41,2.88,9,-0.3807204875793131
2012-09-04,0.0,19.9,2.88,9,-0.3807204875793131
2012-09-05,0.35,18.24,3.23,9,-0.32869581525532854
2012-09-06,0.0,13.64,3.23,9,-0.32869581525532854
2012-09-07,0.01,13.69,3.24,9,-0.3272715989637694
2012-09-08,0.0,15.46,3.24,9,-0.3272715989637694
2012-09-09,0.0,18.21,3.24,9,-0.3272715989637694
2012-09-10,0.0,18.41,3.24,9,-0.3272715989637694
2012-09-11,0.0,18.76,3.24,9,-0.3272715989637694
2012-09-12,0.0,20.32,3.24,9,-0.3272715989637694
2012-09-13,0.02,20.58,3.2600000000000002,9,-0.3244328043305393
2012-09-14,0.0,19.97,3.2600000000000002,9,-0.3244328043305393
2012-09-15,0.57,18.01,3.83,9,-0.24840068524707765
2012-09-16,0.01,17.62,3.84,9,-0.24714276496649787
2012-09-17,0.0,17.34,3.84,9,-0.24714276496649787
2012-09-18,0.0,20.37,3.84,9,-0.24714276496649787
2012-09-19,0.0,22.75,3.0399999999999996,9,-0.35639209262849714
2012-09-20,0.49,23.97,2.95,9,-0.36995740271964156
2012-09-21,0.28,23.65,1.99,9,-0.5382261860105148
2012-09-22,0.07,22.37,2.06,9,-0.5241168702255662
2012-09-23,0.0,18.48,2.06,9,-0.5241168702255662
2012-09-24,0.0,19.25,2.06,9,-0.5241168702255662
2012-09-25,0.0,19.84,2.06,9,-0.5241168702255662
2012-09-26,0.0,21.92,2.06,9,-0.5241168702255662
2012-09-27,0.06,24.57,2.12,9,-0.5123059352266081
2012-09-28,0.01,19.71,2.13,9,-0.5103618185211517
2012-09-29,0.0,14.69,2.13,9,-0.5103618185211517
2012-09-30,0.0,18.49,2.13,9,-0.5103618185211517
2012-10-01,0.0,20.56,2.13,10,-1.3253283449051403
2012-10-02,0.0,22.0,2.13,10,-1.3253283449051403
2012-10-03,0.0,24.13,2.13,10,-1.3253283449051403
2012-10-04,0.0,26.94,2.13,10,-1.3253283449051403
2012-10-05,0.0,26.74,2.11,10,-1.3295315560935077
2012-10-06,0.0,25.96,2.11,10,-1.3295315560935077
2012-10-07,0.0,25.4,2.11,10,-1.3295315560935077
2012-10-08,0.0,24.82,2.11,10,-1.3295315560935077
2012-10-09,0.84,23.67,2.95,10,-1.1737935090363238
2012-10-10,3.0,25.67,5.95,10,-0.8010940448965455
2012-10-11,3.2,25.1,9.13,10,-0.5374960476243269
2012-10-12,5.2,22.25,14.330000000000002,10,-0.22377814335674645
2012-10-13,0.14,21.29,14.47,10,-0.21654825546442952
2012-10-14,0.0,21.15,14.47,10,-0.21654825546442952
2012-10-15,0.09,22.12,14.56,10,-0.21192635473015542
2012-10-16,2.86,24.9,17.42,10,-0.07443587626263264
2012-10-17,5.41,24.39,22.830000000000002,10,0.14787978605287153
2012-10-18,0.05,22.26,22.880000000000003,10,0.14975696037179284
2012-10-19,0.0,22.51,22.880000000000003,10,0.14975696037179284
2012-10-20,0.86,18.21,23.740000000000002,10,0.18161815754136756
2012-10-21,2.59,21.13,26.330000000000002,10,0.2730997553252488
2012-10-22,0.74,23.71,27.07,10,0.29811939173681956
2012-10-23,25.42,20.48,52.49,10,0.9724638269387902
2012-10-24,0.96,19.65,53.45,10,0.9932515619742575
2012-10-25,0.11,20.49,53.56,10,0.9956183991842515
2012-10-26,0.25,24.31,53.81,10,1.000986198185445
2012-10-27,0.77,24.95,54.580000000000005,10,1.017420924133511
2012-10-28,2.37,23.96,56.95,10,1.067108470139023
2012-10-29,1.54,23.43,58.49,10,1.098702748086529
2012-10-30,0.01,24.25,58.5,10,1.0989061929852852
2012-10-31,0.0,19.5,58.5,10,1.0989061929852852
2012-11-01,0.62,18.93,59.120000000000005,11,-0.2704620215481989
2012-11-02,0.0,18.84,59.120000000000005,11,-0.2704620215481989
2012-11-03,0.0,20.79,59.120000000000005,11,-0.2704620215481989
2012-11-04,0.03,23.75,59.14,11,-0.26998138406291056
2012-11-05,0.31,27.13,59.43,11,-0.26302464265137787
2012-11-06,0.02,28.29,59.42,11,-0.2632641420608026
2012-11-07,0.1,29.26,59.52,11,-0.2608703911245609
2012-11-08,2.37,25.8,61.89,11,-0.2049278780140638
2012-11-09,1.69,23.89,63.58,11,-0.16592531671443014
2012-11-10,3.66,24.4,67.24,11,-0.08381878849423142
2012-11-11,3.24,24.3,70.48,11,-0.01363047699730889
2012-11-12,3.99,23.78,74.47,11,0.06987001895478372
2012-11-13,2.67,26.0,77.14,11,0.12407703859151008
2012-11-14,3.17,24.65,80.31,11,0.18682521910961303
2012-11-15,1.62,24.79,81.93,11,0.2182539147704769
2012-11-16,0.02,26.59,81.79,11,0.215554324330316
2012-11-17,0.01,27.89,81.8,11,0.21574725444906573
2012-11-18,0.97,27.0,82.77000000000001,11,0.23438716727524012
2012-11-19,0.03,27.92,82.8,11,0.23496133108313658
2012-11-20,0.0,30.04,82.8,11,0.23496133108313658
2012-11-21,0.02,29.39,82.82000000000001,11,0.23534402990325454
2012-11-22,5.6,24.14,88.42,11,0.34016710450821275
2012-11-23,10.98,22.82,99.4,11,0.5335824156015163
2012-11-24,12.87,20.92,112.27000000000001,11,0.7431990362482757
2012-11-25,0.3,21.3,112.57000000000001,11,0.7478936581762871
2012-11-26,1.3,20.2,113.87,11,0.7681437291055568
2012-11-27,0.0,23.03,113.87,11,0.7681437291055568
2012-11-28,0.0,22.39,113.87,11,0.7681437291055568
2012-11-29,0.27,24.23,114.14,11,0.7723306814294542
2012-11-30,0.25,25.29,114.39,11,0.7762017672050651
2012-12-01,8.64,19.42,123.03,12,-0.390638398133724
2012-12-02,5.49,20.01,128.52,12,-0.30467494158878283
2012-12-03,7.11,22.29,135.63,12,-0.19697782068004138
2012-12-04,0.64,24.72,135.92000000000002,12,-0.19266719866740262
2012-12-05,5.43,24.67,141.35000000000002,12,-0.11307811788200355
2012-12-06,3.12,22.9,144.45999999999998,12,-0.06841977540737113
2012-12-07,2.52,24.19,146.98,12,-0.032706031230915145
2012-12-08,5.31,26.03,152.29,12,0.04122268316023042
2012-12-09,9.48,25.28,161.76999999999998,12,0.16902699469742657
2012-12-10,7.02,23.9,168.79,12,0.26048109716711415
2012-12-11,11.02,20.12,179.81,12,0.3990833044738414
2012-12-12,1.83,21.25,181.62,12,0.421306286281675
2012-12-13,6.92,20.48,188.54000000000002,12,0.5049470505811733
2012-12-14,1.49,22.99,189.46,12,0.5159137779598478
2012-12-15,0.57,24.71,190.01999999999998,12,0.522572034879646
2012-12-16,0.24,25.85,190.26,12,0.5254216232500417
2012-12-17,1.68,25.03,191.94,12,0.5453028764813669
2012-12-18,1.13,24.64,193.07,12,0.5586111450960737
2012-12-19,1.38,23.71,193.96,12,0.5690569110628363
2012-12-20,1.44,24.15,195.12,12,0.5826244935515519
2012-12-21,2.3,23.26,197.35,12,0.6085590903492815
2012-12-22,4.52,23.49,201.87,12,0.6605428375467958
2012-12-23,0.27,24.99,202.14,12,0.663623839543949
2012-12-24,0.74,26.0,202.88,12,0.6720542915217005
2012-12-25,0.82,27.05,203.7,12,0.68137268919063
2012-12-26,4.5,25.8,208.14,12,0.7314074058788185
2012-12-27,4.93,26.34,213.06,12,0.7860444045180752
2012-12-28,3.09,27.91,216.15,12,0.8199400717090273
2012-12-29,1.76,27.95,217.91,12,0.8391056073168895
2012-12-30,4.69,27.63,222.6,12,0.8896911464324392
2012-12-31,0.02,25.25,222.62,12,0.8899053743959137
2013-01-01,0.97,26.78,223.59,1,-0.12730837250672883
2013-01-02,9.08,24.72,232.67,1,0.013647385444378341
2013-01-03,1.45,24.68,234.12,1,0.03581444205097135
2013-01-04,0.0,25.19,234.12,1,0.03581444205097135
2013-01-05,1.3,23.63,235.42,1,0.055610554971747515
2013-01-06,0.24,23.54,235.66,1,0.05925723837039989
2013-01-07,0.72,26.53,235.54,1,0.057434206625043234
2013-01-08,0.52,26.49,233.06,1,0.0196186089107216
2013-01-09,0.15,27.5,230.01000000000002,1,-0.027258865317141546
2013-01-10,2.37,28.87,227.17999999999998,1,-0.0711282306928231
2013-01-11,2.71,26.96,229.75,1,-0.03127415365097333
2013-01-12,2.48,26.41,232.23,1,0.006902588078190034
2013-01-13,0.64,25.67,232.78,1,0.015332253177398497
2013-01-14,0.24,26.16,230.16000000000003,1,-0.02494373322734058
2013-01-15,3.05,26.91,227.79999999999998,1,-0.06148612965539011
2013-01-16,1.27,24.54,229.02,1,-0.04256411643933744
2013-01-17,1.65,23.47,230.67000000000002,1,-0.01707982172386712
2013-01-18,7.97,21.67,237.78,1,0.09136251056361855
2013-01-19,12.4,21.54,247.58999999999997,1,0.23749281564283695
2013-01-20,3.02,23.3,249.87,1,0.27090216959777524
2013-01-21,0.0,25.7,224.45,1,-0.11379544954456475
2013-01-22,0.27,26.12,223.76000000000002,1,-0.12463445465481228
2013-01-23,0.15,25.29,223.8,1,-0.12400549539982511
2013-01-24,0.04,25.67,223.59,1,-0.12730837250672883
2013-01-25,0.0,29.14,222.82,1,-0.13943674251178823
2013-01-26,1.19,26.85,221.64000000000001,1,-0.1580777250377381
2013-01-27,1.69,26.66,221.79,1,-0.15570442181082586
2013-01-28,1.48,27.07,223.26,1,-0.13250281147800388
2013-01-29,2.98,24.73,226.24,1,-0.08578055495330011
2013-01-30,0.85,25.53,226.47,1,-0.08219165107615992
2013-01-31,0.19,27.4,226.66,1,-0.07922874460844509
2013-02-01,2.39,25.18,229.05,2,-0.5346095195108712
2013-02-02,0.75,26.26,229.76999999999998,2,-0.5247890758303945
2013-02-03,0.51,28.08,229.97,2,-0.5220648769379221
2013-02-04,2.38,27.14,232.33,2,-0.490039877440246
2013-02-05,4.65,25.76,236.88,2,-0.42891295107325544
2013-02-06,2.04,24.45,236.55,2,-0.43331948721033675
2013-02-07,2.57,26.0,237.42999999999998,2,-0.42157793640100616
2013-02-08,0.35,27.46,234.11999999999998,2,-0.46589632571964446
2013-02-09,2.26,26.05,233.14000000000001,2,-0.4790990431824335
2013-02-10,0.14,25.13,229.29,2,-0.5313337163945319
2013-02-11,1.26,25.48,227.88000000000002,2,-0.5506124714852406
2013-02-12,0.84,25.59,225.54999999999998,2,-0.5826483646284094
2013-02-13,0.8,25.58,224.73,2,-0.5939762145933556
2013-02-14,0.72,27.29,225.43,2,-0.5843043506009329
2013-02-15,2.37,28.56,227.79,2,-0.5518457733787101
2013-02-16,2.96,25.78,229.78,2,-0.5246528277285804
2013-02-17,0.13,25.2,229.88,2,-0.523290567671267
2013-02-18,0.08,27.13,229.95999999999998,2,-0.5222010487428916
2013-02-19,0.45,28.39,230.39000000000001,2,-0.5163492806721252
2013-02-20,0.02,28.26,224.80999999999997,2,-0.5928698244615578
2013-02-21,0.27,26.53,214.1,2,-0.7434344140910765
2013-02-22,0.02,26.75,201.25,2,-0.93102332478756
2013-02-23,0.0,27.96,200.95000000000002,2,-0.9354994648745034
2013-02-24,0.0,27.5,199.65,2,-0.9549491752296809
2013-02-25,1.89,26.51,201.54,2,-0.9267007334469836
2013-02-26,1.78,26.49,203.32,2,-0.9002618699050929
2013-02-27,2.02,28.41,205.07,2,-0.8744226478297367
2013-02-28,0.69,28.87,205.51,2,-0.8679496831416249
2013-03-01,3.69,26.01,200.56,3,-0.6447377609387931
2013-03-02,0.53,23.65,195.6,3,-0.7015802607567541
2013-03-03,0.13,23.41,188.62,3,-0.7832746301586034
2013-03-04,0.08,24.28,188.06,3,-0.7899184986715052
2013-03-05,0.52,24.63,183.14999999999998,3,-0.8487634624376925
2013-03-06,0.42,26.83,180.45000000000002,3,-0.8815874658095681
2013-03-07,2.42,27.15,180.35,3,-0.8828096692536002
2013-03-08,0.2,28.05,175.24,3,-0.9458985931643323
2013-03-09,0.02,26.92,165.78,3,-1.0661454406180724
2013-03-10,1.65,24.36,160.41,3,-1.1365418212996108
2013-03-11,0.21,22.38,149.6,3,-1.2834088399629904
2013-03-12,2.79,23.01,150.56,3,-1.2700708113206662
2013-03-13,4.53,24.71,148.17,3,-1.3033888445807755
2013-03-14,8.05,21.65,154.73000000000002,3,-1.2128163130444527
2013-03-15,0.1,21.24,154.26000000000002,3,-1.2192149725641723
2013-03-16,0.04,24.07,154.06,3,-1.2219419480424794
2013-03-17,0.0,23.87,152.38,3,-1.244947052072106
2013-03-18,0.0,23.7,151.25,3,-1.2605209260862882
2013-03-19,0.0,25.09,149.87,3,-1.279651460904841
2013-03-20,0.0,24.43,148.43,3,-1.299746071796454
2013-03-21,0.0,25.2,146.13,3,-1.3321277062236576
2013-03-22,1.32,26.22,142.92999999999998,3,-1.3777824581985079
2013-03-23,2.51,25.4,145.17000000000002,3,-1.3457495915129298
2013-03-24,1.03,24.4,145.46,3,-1.3416279817060413
2013-03-25,0.48,24.91,145.12,3,-1.3464607994763633
2013-03-26,4.26,22.44,144.88,3,-1.3498770008531582
2013-03-27,38.26,20.16,178.20999999999998,3,-0.9090779110574221
2013-03-28,0.84,21.12,175.95999999999998,3,-0.9369329097698935
2013-03-29,2.19,21.27,176.39,3,-0.9315905222079472
2013-03-30,18.45,20.64,190.15,3,-0.7651916295732517
2013-03-31,0.05,20.08,190.17999999999998,3,-0.7648380640837849
2013-04-01,0.3,21.17,189.51,4,-0.39570964866323705
2013-04-02,0.9,22.66,181.33,4,-0.48754704782234987
2013-04-03,0.02,21.31,179.9,4,-0.5038907973317946
2013-04-04,0.0,17.78,179.9,4,-0.5038907973317946
2013-04-05,0.07,17.32,178.67000000000002,4,-0.5180199638629088
2013-04-06,0.0,19.71,178.43,4,-0.5207846314064866
2013-04-07,0.0,19.3,177.71,4,-0.5290939415893776
2013-04-08,0.0,21.3,177.19,4,-0.5351094602083275
2013-04-09,0.0,21.6,177.04,4,-0.5368469529525275
2013-04-10,0.0,19.18,174.67000000000002,4,-0.5644342339901868
2013-04-11,0.75,17.75,172.71,4,-0.5874436333132349
2013-04-12,2.1,18.28,172.33,4,-0.591925355903203
2013-04-13,1.8,17.03,173.49,4,-0.5782654726832793
2013-04-14,0.21,18.85,173.45999999999998,4,-0.5786179545765785
2013-04-15,0.04,22.63,170.45000000000002,4,-0.614198516398425
2013-04-16,0.0,21.96,169.18,4,-0.6293404648798295
2013-04-17,0.0,21.83,167.53,4,-0.6491302916575804
2013-04-18,0.03,19.05,159.59,4,-0.746286998265332
2013-04-19,18.26,15.94,165.45,4,-0.6742695669046037
2013-04-20,14.9,15.91,177.33,4,-0.5334887091994981
2013-04-21,0.0,14.01,177.33,4,-0.5334887091994981
2013-04-22,0.0,14.99,177.06,4,-0.5366152289964687
2013-04-23,0.0,16.26,176.91,4,-0.5383535960008068
2013-04-24,0.0,16.11,176.87,4,-0.5388173310799634
2013-04-25,0.0,16.55,176.87,4,-0.5388173310799634
2013-04-26,0.0,18.11,175.68,4,-0.5526464470581302
2013-04-27,0.0,17.5,173.99,4,-0.5723969225306969
2013-04-28,0.0,17.66,172.51000000000002,4,-0.589801589758821
2013-04-29,0.0,19.29,169.53,4,-0.6251597076705768
2013-04-30,0.0,17.36,168.68,4,-0.6353233063583668
2013-05-01,0.0,16.68,168.49,5,0.04198648436819719
2013-05-02,0.0,17.66,166.10000000000002,5,0.014803393381573724
2013-05-03,0.0,18.29,165.35000000000002,5,0.00621901575037633
2013-05-04,0.0,14.43,164.84,5,0.00036668083589071264
2013-05-05,0.0,11.97,162.46,5,-0.027106412837443625
2013-05-06,0.0,11.64,157.81,5,-0.08157502066584493
2013-05-07,0.0,12.3,155.77,5,-0.10581281956715971
2013-05-08,0.0,14.27,153.20000000000002,5,-0.13665490909680406
2013-05-09,0.0,16.16,152.85000000000002,5,-0.1408821965710065
2013-05-10,0.01,16.55,150.6,5,-0.16821527747911236
2013-05-11,0.06,15.06,150.52,5,-0.16919219631927068
2013-05-12,0.0,14.01,149.26,5,-0.18462529277693626
2013-05-13,0.0,14.75,148.42000000000002,5,-0.19496315511803136
2013-05-14,0.0,15.22,147.62,5,-0.20484570081001488
2013-05-15,0.0,14.86,146.9,5,-0.21377111431827128
2013-05-16,0.0,15.57,144.53,5,-0.24336213345777877
2013-05-17,0.07,16.15,141.64,5,-0.2798955822321071
2013-05-18,0.17,14.91,141.68,5,-0.27938648241484626
2013-05-19,0.06,14.52,141.66000000000003,5,-0.2796410200864309
2013-05-20,0.0,15.54,141.21,5,-0.2853745996211808
2013-05-21,0.0,15.99,141.19000000000003,5,-0.28562971405191484
2013-05-22,0.0,16.72,140.92000000000002,5,-0.2890761708830162
2013-05-23,0.0,16.58,140.9,5,-0.2893316428807935
2013-05-24,0.0,17.43,140.9,5,-0.2893316428807935
2013-05-25,0.0,17.27,140.9,5,-0.2893316428807935
2013-05-26,0.0,16.31,139.01000000000002,5,-0.3135861164809854
2013-05-27,0.0,16.02,137.23000000000002,5,-0.3366355005662
2013-05-28,0.0,16.27,135.21,5,-0.3630413297737398
2013-05-29,0.0,17.03,134.52,5,-0.3721229022537822
2013-05-30,0.0,17.93,130.83,5,-0.42123860500508237
2013-05-31,0.0,17.12,130.3,5,-0.4283708174964066
2013-06-01,0.0,16.45,130.17000000000002,6,0.5266867440745528
2013-06-02,0.0,16.47,130.09,6,0.525629161133495
2013-06-03,0.0,14.02,129.57000000000002,6,0.5187444416297593
2013-06-04,0.0,14.67,129.15,6,0.5131704477286261
2013-06-05,0.0,16.27,126.73,6,0.48081927800721475
2013-06-06,0.0,14.28,126.53,6,0.4781275119340479
2013-06-07,0.0,14.98,126.51,6,0.47785818136855984
2013-06-08,0.0,15.84,124.86,6,0.4555411570181164
2013-06-09,0.0,10.42,124.65,6,0.45268690204423323
2013-06-10,0.0,8.58,121.86,6,0.41446153188356055
2013-06-11,0.0,10.34,117.33,6,0.3511457898334611
2013-06-12,0.0,12.29,109.28,6,0.2345078324238192
2013-06-13,0.0,15.11,109.17999999999999,6,0.23302352422163924
2013-06-14,0.0,14.63,109.14,6,0.2324295471970424
2013-06-15,0.0,12.13,109.14,6,0.2324295471970424
2013-06-16,0.0,9.93,109.14,6,0.2324295471970424
2013-06-17,0.0,11.23,109.14,6,0.2324295471970424
2013-06-18,0.0,10.12,109.14,6,0.2324295471970424
2013-06-19,0.0,11.45,109.14,6,0.2324295471970424
2013-06-20,0.0,13.21,107.82,6,0.2127463211270381
2013-06-21,0.0,13.48,105.31,6,0.17487000315198947
2013-06-22,0.0,14.48,104.28,6,0.15915247952949435
2013-06-23,0.0,12.53,103.8,6,0.15179230849904984
2013-06-24,0.0,12.64,99.53999999999999,6,0.08544873007217052
2013-06-25,0.0,14.05,61.28,6,-0.621223148293414
2013-06-26,0.0,15.38,60.44,6,-0.639820647786445
2013-06-27,0.0,14.49,58.25,6,-0.6891750178888831
2013-06-28,0.0,12.98,39.8,6,-1.1688005021585863
2013-06-29,0.0,14.47,39.75,6,-1.17029973417677
2013-06-30,0.0,16.51,39.45,6,-1.1793239776011786
2013-07-01,0.0,16.61,38.55,7,0.10054437535550446
2013-07-02,0.0,16.2,38.53,7,0.10004426446027895
2013-07-03,0.0,16.05,38.53,7,0.10004426446027895
2013-07-04,0.0,15.13,38.46,7,0.0982924780107287
2013-07-05,0.07,14.47,38.53,7,0.10004426446027895
2013-07-06,0.02,14.82,38.550000000000004,7,0.10054437535550446
2013-07-07,0.0,14.79,38.550000000000004,7,0.10054437535550446
2013-07-08,0.0,16.47,38.550000000000004,7,0.10054437535550446
2013-07-09,0.0,17.13,38.550000000000004,7,0.10054437535550446
2013-07-10,0.0,15.31,37.800000000000004,7,0.08166744953275758
2013-07-11,0.0,12.63,35.7,7,0.027408466733874946
2013-07-12,0.0,11.74,33.900000000000006,7,-0.020875266967305524
2013-07-13,0.0,13.51,33.690000000000005,7,-0.02662273744984995
2013-07-14,0.0,13.5,33.650000000000006,7,-0.0277203004568985
2013-07-15,0.0,13.14,33.650000000000006,7,-0.0277203004568985
2013-07-16,0.0,13.23,33.650000000000006,7,-0.0277203004568985
2013-07-17,0.0,14.79,33.620000000000005,7,-0.028544065033517838
2013-07-18,0.0,12.32,15.360000000000001,7,-0.6749753394317867
2013-07-19,0.0,13.21,0.46,7,-2.5176294183852703
2013-07-20,0.0,11.54,0.46,7,-2.5176294183852703
2013-07-21,0.0,10.85,0.46,7,-2.5176294183852703
2013-07-22,0.0,10.6,0.46,7,-2.5176294183852703
2013-07-23,0.0,12.4,0.46,7,-2.5176294183852703
2013-07-24,0.0,14.25,0.46,7,-2.5176294183852703
2013-07-25,0.0,15.54,0.46,7,-2.5176294183852703
2013-07-26,0.0,15.63,0.46,7,-2.5176294183852703
2013-07-27,0.0,15.65,0.46,7,-2.5176294183852703
2013-07-28,0.0,14.38,0.46,7,-2.5176294183852703
2013-07-29,0.0,11.12,0.46,7,-2.5176294183852703
2013-07-30,0.0,11.29,0.46,7,-2.5176294183852703
2013-07-31,0.0,11.38,0.46,7,-2.5176294183852703
2013-08-01,0.0,11.13,0.46,8,-1.5637451366763258
2013-08-02,0.0,11.73,0.46,8,-1.5637451366763258
2013-08-03,0.0,12.54,0.46,8,-1.5637451366763258
2013-08-04,0.01,13.69,0.47000000000000003,8,-1.5560147958360766
2013-08-05,0.0,13.75,0.47000000000000003,8,-1.5560147958360766
2013-08-06,0.0,13.39,0.47000000000000003,8,-1.5560147958360766
2013-08-07,0.0,14.63,0.47000000000000003,8,-1.5560147958360766
2013-08-08,0.0,14.85,0.46,8,-1.5637451366763258
2013-08-09,0.22,13.08,0.62,8,-1.454235910475103
2013-08-10,0.0,12.55,0.62,8,-1.454235910475103
2013-08-11,0.3,13.92,0.92,8,-1.301474532718319
2013-08-12,0.0,11.82,0.92,8,-1.301474532718319
2013-08-13,0.0,15.14,0.92,8,-1.301474532718319
2013-08-14,0.0,13.6,0.92,8,-1.301474532718319
2013-08-15,0.0,12.87,0.8500000000000001,8,-1.3328919351300326
2013-08-16,0.0,13.09,0.68,8,-1.4193339403416751
2013-08-17,0.0,16.0,0.62,8,-1.454235910475103
2013-08-18,0.0,13.47,0.62,8,-1.454235910475103
2013-08-19,0.0,12.71,0.62,8,-1.454235910475103
2013-08-20,0.0,14.79,0.62,8,-1.454235910475103
2013-08-21,0.0,17.0,0.62,8,-1.454235910475103
2013-08-22,0.0,15.09,0.62,8,-1.454235910475103
2013-08-23,0.0,14.96,0.62,8,-1.454235910475103
2013-08-24,0.04,17.25,0.66,8,-1.4306681607743625
2013-08-25,0.0,19.0,0.66,8,-1.4306681607743625
2013-08-26,0.0,18.35,0.66,8,-1.4306681607743625
2013-08-27,0.0,18.91,0.66,8,-1.4306681607743625
2013-08-28,0.0,19.5,0.66,8,-1.4306681607743625
2013-08-29,0.0,19.64,0.66,8,-1.4306681607743625
2013-08-30,0.0,14.89,0.66,8,-1.4306681607743625
2013-08-31,0.0,8.97,0.66,8,-1.4306681607743625
2013-09-01,0.0,10.11,0.66,9,-0.9315710034786847
2013-09-02,0.0,13.16,0.66,9,-0.9315710034786847
2013-09-03,0.0,17.28,0.66,9,-0.9315710034786847
2013-09-04,0.0,18.93,0.66,9,-0.9315710034786847
2013-09-05,0.0,18.27,0.66,9,-0.9315710034786847
2013-09-06,0.0,18.63,0.66,9,-0.9315710034786847
2013-09-07,0.0,19.68,0.66,9,-0.9315710034786847
2013-09-08,0.0,20.58,0.66,9,-0.9315710034786847
2013-09-09,0.0,22.57,0.66,9,-0.9315710034786847
2013-09-10,0.0,22.86,0.66,9,-0.9315710034786847
2013-09-11,0.0,22.12,0.66,9,-0.9315710034786847
2013-09-12,0.0,22.29,0.66,9,-0.9315710034786847
2013-09-13,0.0,22.34,0.66,9,-0.9315710034786847
2013-09-14,0.0,22.64,0.66,9,-0.9315710034786847
2013-09-15,0.0,22.98,0.66,9,-0.9315710034786847
2013-09-16,0.0,22.29,0.66,9,-0.9315710034786847
2013-09-17,0.0,22.34,0.66,9,-0.9315710034786847
2013-09-18,0.0,24.34,0.66,9,-0.9315710034786847
2013-09-19,0.44,24.84,1.1,9,-0.7623732379757656
2013-09-20,1.08,22.48,2.18,9,-0.5007422273968382
2013-09-21,0.13,14.46,2.31,9,-0.4764795753122706
2013-09-22,13.12,14.54,15.43,9,0.58340758102035
2013-09-23,8.21,16.31,23.64,9,0.9240715644374169
2013-09-24,0.0,21.55,23.64,9,0.9240715644374169
2013-09-25,0.0,24.18,23.64,9,0.9240715644374169
2013-09-26,0.0,24.0,23.64,9,0.9240715644374169
2013-09-27,0.1,23.3,23.740000000000002,9,0.927711279934668
2013-09-28,0.01,21.5,23.75,9,0.9280747191912849
2013-09-29,0.16,18.43,23.91,9,0.9338766706350491
2013-09-30,4.52,15.16,28.43,9,1.088627258663143
2013-10-01,0.0,14.93,28.43,10,0.34293453961432036
2013-10-02,0.0,18.04,28.43,10,0.34293453961432036
2013-10-03,0.0,20.84,28.36,10,0.34066321160451773
2013-10-04,0.0,21.04,28.34,10,0.34001357490504486
2013-10-05,0.0,22.13,28.34,10,0.34001357490504486
2013-10-06,0.0,24.31,28.34,10,0.34001357490504486
2013-10-07,0.29,23.27,28.63,10,0.3494035949010921
2013-10-08,0.18,22.93,28.81,10,0.3552000739555595
2013-10-09,0.0,23.83,28.81,10,0.3552000739555595
2013-10-10,0.0,25.16,28.81,10,0.3552000739555595
2013-10-11,0.0,25.56,28.81,10,0.3552000739555595
2013-10-12,0.01,26.45,28.82,10,0.3555213931327214
2013-10-13,0.0,21.65,28.82,10,0.3555213931327214
2013-10-14,0.0,19.92,28.82,10,0.3555213931327214
2013-10-15,0.0,21.44,28.82,10,0.3555213931327214
2013-10-16,2.8,23.6,31.62,10,0.4427274139555719
2013-10-17,1.41,25.12,33.03,10,0.4847172027515609
2013-10-18,0.0,24.39,33.03,10,0.4847172027515609
2013-10-19,1.09,23.25,34.12,10,0.5163759801682553
2013-10-20,3.44,18.75,37.56,10,0.6121450798769449
2013-10-21,1.7,21.5,39.26,10,0.657370457965197
2013-10-22,0.0,18.31,39.26,10,0.657370457965197
2013-10-23,0.01,18.89,39.269999999999996,10,0.6576326937933212
2013-10-24,0.0,20.12,39.269999999999996,10,0.6576326937933212
2013-10-25,10.93,21.8,50.2,10,0.9218862560114464
2013-10-26,0.81,23.71,51.01,10,0.9399399756819858
2013-10-27,0.0,23.76,51.01,10,0.9399399756819858
2013-10-28,6.8,22.45,57.81,10,1.0848170885393287
2013-10-29,0.3,23.42,58.11,10,1.0909556526982298
2013-10-30,0.03,24.63,58.14,10,1.091568416553699
2013-10-31,0.0,22.01,58.14,10,1.091568416553699
2013-11-01,0.0,19.5,58.14,11,-0.2941513199662546
2013-11-02,0.0,21.37,58.13,11,-0.2943944564714083
2013-11-03,0.17,21.43,58.3,11,-0.2902650391367677
2013-11-04,0.0,23.07,58.3,11,-0.2902650391367677
2013-11-05,0.0,25.06,58.3,11,-0.2902650391367677
2013-11-06,0.33,25.57,58.63,11,-0.28227267199368106
2013-11-07,0.09,26.94,58.5,11,-0.28541748156360297
2013-11-08,0.0,25.55,58.5,11,-0.28541748156360297
2013-11-09,0.0,26.28,58.199999999999996,11,-0.2926931042554785
2013-11-10,0.0,27.25,58.199999999999996,11,-0.2926931042554785
2013-11-11,0.36,27.4,58.559999999999995,11,-0.28396543507877436
2013-11-12,1.14,27.63,59.699999999999996,11,-0.2565685825084414
2013-11-13,0.02,29.5,59.72,11,-0.256091153174538
2013-11-14,1.67,29.31,61.39,11,-0.21660641507288134
2013-11-15,2.01,28.5,63.4,11,-0.17004550433188903
2013-11-16,1.41,27.21,64.81,11,-0.1379814093379024
2013-11-17,0.0,25.8,64.81,11,-0.1379814093379024
2013-11-18,0.0,26.26,64.81,11,-0.1379814093379024
2013-11-19,4.96,24.52,69.77,11,-0.028821279424688262
2013-11-20,1.9,24.91,71.67,11,0.011599831393839216
2013-11-21,0.91,22.27,72.58,11,0.030703383527421777
2013-11-22,1.83,22.14,74.37,11,0.06781459008880464
2013-11-23,0.23,23.61,74.60000000000001,11,0.07253930181645102
2013-11-24,3.87,25.25,78.47,11,0.15060999801763453
2013-11-25,0.59,24.02,79.06,11,0.16228381377753678
2013-11-26,0.69,25.56,79.75,11,0.1758624979739298
2013-11-27,2.34,27.49,82.09,11,0.22133539414040085
2013-11-28,6.92,25.6,89.01,11,0.35095148302293355
2013-11-29,4.76,24.0,93.77000000000001,11,0.4362745546920121
2013-11-30,1.1,25.73,94.87,11,0.45558317514145147
2013-12-01,0.21,24.59,95.08,12,-0.8748059753214312
2013-12-02,4.51,23.11,99.59,12,-0.7905548375132718
2013-12-03,6.67,23.48,106.26,12,-0.6706788966447061
2013-12-04,0.08,25.65,106.34,12,-0.6692731428963922
2013-12-05,0.15,25.6,106.49000000000001,12,-0.6666393224845976
2013-12-06,3.31,23.68,109.80000000000001,12,-0.6091603621258651
2013-12-07,1.99,23.18,111.79,12,-0.5751763360245167
2013-12-08,0.58,24.5,112.37,12,-0.5653498749930257
2013-12-09,0.92,22.87,113.29,12,-0.5498343580640606
2013-12-10,16.24,19.15,129.53,12,-0.2891337562942838
2013-12-11,4.64,23.14,134.17000000000002,12,-0.21877488259259023
2013-12-12,11.36,23.4,145.53,12,-0.05320481448871473
2013-12-13,4.42,24.82,149.95000000000002,12,0.00886067761121388
2013-12-14,1.57,26.19,151.52,12,0.030610686497582112
2013-12-15,2.63,27.4,154.15,12,0.06670938128445728
2013-12-16,1.17,26.17,155.32,12,0.08263599848102665
2013-12-17,4.6,23.75,159.92000000000002,12,0.1444870713201583
2013-12-18,1.69,24.02,161.17000000000002,12,0.16108870594701902
2013-12-19,1.2,23.25,161.29,12,0.16267793832912758
2013-12-20,1.25,24.16,162.41,12,0.17747289531271424
2013-12-21,2.11,24.98,151.4,12,0.028953614949188033
2013-12-22,2.13,27.12,145.32,12,-0.056184976431277345
2013-12-23,5.01,26.27,150.32999999999998,12,0.014138971400050307
2013-12-24,3.87,24.79,154.2,12,0.06739165785622996
2013-12-25,3.88,24.71,158.07999999999998,12,0.11989114223772306
2013-12-26,5.11,22.16,163.09,12,0.18642239415633954
2013-12-27,4.11,22.9,167.19,12,0.23986280935411983
2013-12-28,4.04,24.05,171.07,12,0.289639041803809
2013-12-29,9.06,22.83,175.60999999999999,12,0.34694033643247874
2013-12-30,2.82,22.66,178.43,12,0.3820403143506321
2013-12-31,0.57,24.02,179.0,12,0.38909033465803483
2014-01-01,0.31,23.96,179.31,1,-0.8764238924010967
2014-01-02,0.3,24.96,179.60999999999999,1,-0.8709471426011233
2014-01-03,3.05,24.75,182.66,1,-0.8156179643023302
2014-01-04,0.63,24.74,183.29,1,-0.8042679604507675
2014-01-05,3.06,22.62,186.06,1,-0.7546768965968558
2014-01-06,0.85,23.95,186.73,1,-0.7427575390324661
2014-01-07,0.01,26.3,186.74,1,-0.7425798587714493
2014-01-08,0.24,25.56,186.98,1,-0.7383174733262883
2014-01-09,1.26,25.87,188.24,1,-0.7160007965643707
2014-01-10,0.0,25.58,188.23000000000002,1,-0.7161775124959334
2014-01-11,0.12,27.57,188.35,1,-0.7140573424886322
2014-01-12,0.58,26.41,188.93,1,-0.7038227804954054
2014-01-13,0.57,27.63,189.5,1,-0.6937854641754508
2014-01-14,2.42,24.9,189.12,1,-0.7004747242087692
2014-01-15,0.93,25.25,188.64,1,-0.7089373873069748
2014-01-16,0.42,27.52,189.06,1,-0.7015317580365773
2014-01-17,5.67,27.1,193.64,1,-0.6214912282462833
2014-01-18,0.48,26.79,190.68,1,-0.67307147368076
2014-01-19,1.27,26.3,190.25,1,-0.6806096799771485
2014-01-20,1.65,26.91,191.9,1,-0.6517466589102184
2014-01-21,0.18,26.3,192.07,1,-0.6487824821026877
2014-01-22,1.96,25.71,194.03,1,-0.6147351666160485
2014-01-23,1.05,27.03,184.15,1,-0.7888171398433242
2014-01-24,1.44,27.83,184.78,1,-0.7775296826296906
2014-01-25,6.07,28.05,190.85000000000002,1,-0.6700944375787485
2014-01-26,2.55,25.84,186.6,1,-0.7450679718454157
2014-01-27,1.11,24.23,187.41000000000003,1,-0.7306899986719949
2014-01-28,7.11,23.49,194.49,1,-0.6067783066778212
2014-01-29,9.49,22.09,203.98000000000002,1,-0.4453949816081452
2014-01-30,7.0,24.02,210.98000000000002,1,-0.3295791385362398
2014-01-31,9.56,23.81,220.54000000000002,1,-0.17551495803208841
2014-02-01,6.54,23.18,226.91,2,-0.5639221761072032
2014-02-02,2.48,24.58,229.39,2,-0.5299694843758321
2014-02-03,7.98,21.52,237.37,2,-0.42237756136885635
2014-02-04,20.93,21.42,257.97,2,-0.15548173228353132
2014-02-05,14.05,22.25,271.93,2,0.01734081445974172
2014-02-06,6.5,23.01,278.43,2,0.0957886192568176
2014-02-07,13.31,22.07,291.74,2,0.2526959681889725
2014-02-08,5.88,22.47,297.62,2,0.3204991701322762
2014-02-09,6.53,21.68,303.79,2,0.39069795718189243
2014-02-10,2.04,23.17,304.69,2,0.4008585026585325
2014-02-11,0.21,23.71,304.88,2,0.403000966448691
2014-02-12,0.0,23.16,303.21,2,0.3841394873917929
2014-02-13,0.18,22.96,301.38,2,0.3633917691666322
2014-02-14,0.91,23.0,300.88000000000005,2,0.35770848576549186
2014-02-15,2.47,22.9,303.35,2,0.3857233262492041
2014-02-16,1.19,22.63,304.54,2,0.39916645921587113
2014-02-17,0.19,22.74,299.77,2,0.34506919320069884
2014-02-18,0.25,23.83,298.12,2,0.32622360327155114
2014-02-19,0.63,23.94,297.84,2,0.3230187057430958
2014-02-20,2.25,24.56,298.26,2,0.32782530362629964
2014-02-21,2.52,24.89,300.55,2,0.35395409024795
2014-02-22,15.68,22.99,312.35999999999996,2,0.48665399767458634
2014-02-23,6.87,22.42,318.64,2,0.5558707492199668
2014-02-24,5.96,23.26,323.91,2,0.6132645750988648
2014-02-25,0.87,23.25,322.44,2,0.5973175428622249
2014-02-26,1.0,22.96,316.52000000000004,2,0.5326060496136507
2014-02-27,0.81,21.85,312.57000000000005,2,0.48898334340484356
2014-02-28,0.23,22.55,311.7,2,0.47932645634506527
2014-03-01,6.12,19.71,317.61,3,0.4847859776119412
2014-03-02,19.55,19.73,332.65,3,0.6083397774694098
2014-03-03,15.09,21.34,341.07,3,0.6759133060207857
2014-03-04,5.12,21.86,346.10999999999996,3,0.7158393003228364
2014-03-05,6.55,22.55,352.51,3,0.765994403506543
2014-03-06,3.96,22.33,353.16,3,0.7710548774482856
2014-03-07,3.18,21.58,354.34999999999997,3,0.7803036923332926
2014-03-08,3.83,21.54,357.6,3,0.8054601554910502
2014-03-09,5.66,21.78,362.34,3,0.8418837956301493
2014-03-10,19.65,21.01,365.75,3,0.8678955841805851
2014-03-11,16.2,21.28,377.31,3,0.9549190880824896
2014-03-12,5.81,22.37,371.76,3,0.9133585446906063
2014-03-13,14.44,20.48,381.78000000000003,3,0.9881042935369236
2014-03-14,2.08,18.19,382.29,3,0.9918744617266804
2014-03-15,1.97,19.65,381.63000000000005,3,0.9869947985015277
2014-03-16,2.51,21.23,382.97,3,0.9968962785572482
2014-03-17,0.38,22.76,378.75,3,0.9656373685726255
2014-03-18,1.22,22.8,378.28,3,0.962141955358643
2014-03-19,3.14,22.39,380.22,3,0.9765516811842763
2014-03-20,0.0,19.42,378.97,3,0.9672725514811434
2014-03-21,1.34,18.77,378.2,3,0.9615467105098376
2014-03-22,0.16,19.34,376.23,3,0.9468629245411695
2014-03-23,0.22,19.96,371.44,3,0.910949994390911
2014-03-24,0.01,20.06,367.58,3,0.8817898845590811
2014-03-25,0.12,20.05,363.82,3,0.8531928787324881
2014-03-26,0.52,21.24,359.23,3,0.8180209210361877
2014-03-27,0.54,21.34,355.65999999999997,3,0.7904617318481733
2014-03-28,3.23,19.29,354.85,3,0.7841836959783239
2014-03-29,0.52,19.41,346.31,3,0.7174157893865755
2014-03-30,0.6,19.87,344.09000000000003,3,0.6998832316616228
2014-03-31,3.12,19.99,346.64000000000004,3,0.7200156942264522
2014-04-01,3.1,19.56,349.43,4,1.0256882278829962
2014-04-02,0.09,20.05,349.22,4,1.0241405858992725
2014-04-03,0.0,18.82,346.17,4,1.001594742371043
2014-04-04,0.01,20.66,345.55,4,0.9969959479544684
2014-04-05,0.02,20.41,342.51,4,0.9743693605042333
2014-04-06,0.04,18.35,341.7,4,0.9683186353595152
2014-04-07,0.02,18.25,341.71,4,0.9683933922935597
2014-04-08,0.08,17.82,341.54999999999995,4,0.9671971112023119
2014-04-09,0.04,17.17,340.33,4,0.9580635043831758
2014-04-10,0.25,16.56,340.58,4,0.9599368716069901
2014-04-11,0.53,16.71,340.99,4,0.9630072654855554
2014-04-12,0.06,16.59,340.47,4,0.9591126998698717
2014-04-13,0.51,16.8,340.41,4,0.9586630789074313
2014-04-14,1.05,17.1,339.03999999999996,4,0.9483827254927658
2014-04-15,0.04,19.32,338.15,4,0.9416898087519411
2014-04-16,4.91,18.98,342.64000000000004,4,0.9753396009708407
2014-04-17,0.92,16.75,337.89,4,0.9397324190179458
2014-04-18,0.0,17.11,337.40999999999997,4,0.9361162084884642
2014-04-19,0.0,19.08,336.14,4,0.9265321949749542
2014-04-20,0.01,18.84,334.5,4,0.9141211648463647
2014-04-21,0.0,18.57,334.32000000000005,4,0.9127565754008423
2014-04-22,0.0,17.97,332.36,4,0.8978667414454229
2014-04-23,0.8,17.53,332.10999999999996,4,0.8959634313703904
2014-04-24,0.0,14.69,330.66999999999996,4,0.8849822062912507
2014-04-25,0.0,14.95,324.59999999999997,4,0.8383484704493601
2014-04-26,0.0,17.03,322.04999999999995,4,0.8185884382572967
2014-04-27,0.0,16.82,320.94,4,0.8099551843374018
2014-04-28,0.0,13.71,313.83,4,0.7541887991515371
2014-04-29,0.0,16.51,304.34,4,0.6784549054186183
2014-04-30,0.0,17.9,297.34,4,0.6215963101488721
2014-05-01,0.0,17.92,287.78,5,1.1615420673669812
2014-05-02,0.0,18.58,281.23999999999995,5,1.109047327102484
2014-05-03,0.0,18.47,278.76,5,1.0889362226233377
2014-05-04,0.0,17.78,270.78,5,1.0234322607748174
2014-05-05,0.0,18.4,249.85,5,0.8454874227268095
2014-05-06,0.03,15.82,235.83,5,0.720815497053292
2014-05-07,0.0,15.03,229.33,5,0.6613730840749632
2014-05-08,0.0,16.14,216.02,5,0.5361227446053625
2014-05-09,0.0,17.96,210.14000000000001,5,0.4791750245146371
2014-05-10,0.0,15.87,203.61,5,0.4146885748658203
2014-05-11,0.0,15.59,201.57000000000002,5,0.39426342035205986
2014-05-12,0.0,13.94,201.36,5,0.3921530916402914
2014-05-13,0.0,15.43,201.36,5,0.3921530916402914
2014-05-14,0.0,15.98,201.18,5,0.3903430805505386
2014-05-15,0.0,16.38,200.27,5,0.381176046386741
2014-05-16,0.0,15.47,197.8,5,0.35615443009185715
2014-05-17,0.0,16.34,196.61,5,0.3440256369140396
2014-05-18,1.04,14.61,197.46,5,0.35269400108687454
2014-05-19,0.01,14.11,197.22,5,0.3502489699728808
2014-05-20,1.09,14.23,197.68,5,0.3549335520934614
2014-05-21,0.01,16.59,195.44000000000003,5,0.33205320268360317
2014-05-22,0.07,14.77,192.99,5,0.3068279918465562
2014-05-23,0.01,15.13,177.32,5,0.14023103805499237
2014-05-24,0.0,14.78,170.45,5,0.0640864196076568
2014-05-25,0.0,15.66,164.49,5,-0.0036566740753785753
2014-05-26,0.0,16.3,163.62,5,-0.013682586599780177
2014-05-27,0.0,15.98,162.62,5,-0.025251023911772183
2014-05-28,0.0,15.38,161.81,5,-0.034656604928236655
2014-05-29,0.0,15.76,161.57999999999998,5,-0.0373331021506852
2014-05-30,0.0,16.29,155.46,5,-0.1095147436328796
2014-05-31,0.0,16.72,135.91,5,-0.35386046086011597
2014-06-01,0.0,16.29,120.82,6,0.40006491398379174
2014-06-02,0.0,16.15,115.7,6,0.3279677079482774
2014-06-03,0.0,16.12,109.14999999999999,6,0.2325780550560665
2014-06-04,0.0,16.39,105.19,6,0.17304414238339463
2014-06-05,0.0,11.95,102.00999999999999,6,0.1241422476078593
2014-06-06,0.0,6.5,98.17999999999999,6,0.06386785992141762
2014-06-07,0.0,7.48,92.52,6,-0.0281751112712834
2014-06-08,0.0,9.13,72.87,6,-0.38108917542906473
2014-06-09,0.0,11.26,56.67,6,-0.7255985552659471
2014-06-10,0.0,11.1,50.86,6,-0.8660520871521019
2014-06-11,0.0,10.16,36.42,6,-1.273392152078455
2014-06-12,0.0,12.24,34.339999999999996,6,-1.3413286207097208
2014-06-13,0.0,12.79,32.37,6,-1.4085160887879056
2014-06-14,0.0,13.7,29.860000000000003,6,-1.4986381095289452
2014-06-15,0.0,13.17,29.48,6,-1.512766154055924
2014-06-16,0.0,10.73,28.26,6,-1.5590590496490049
2014-06-17,0.0,13.71,25.12,6,-1.6854763262686543
2014-06-18,0.0,14.24,25.12,6,-1.6854763262686543
2014-06-19,0.0,11.32,23.78,6,-1.7430565890723726
2014-06-20,0.0,8.42,23.62,6,-1.7500939408117988
2014-06-21,0.0,9.84,23.400000000000002,6,-1.7598292644875275
2014-06-22,0.0,10.09,23.39,6,-1.760273417864917
2014-06-23,0.0,11.41,23.270000000000003,6,-1.7656144743257012
2014-06-24,0.0,12.99,22.75,6,-1.7890024560047293
2014-06-25,0.0,14.28,22.21,6,-1.8137220019339884
2014-06-26,0.0,15.62,18.98,6,-1.9719712143653498
2014-06-27,0.02,15.95,18.48,6,-1.998274487047309
2014-06-28,0.02,15.47,17.900000000000002,6,-2.0294796551937
2014-06-29,0.25,13.74,15.030000000000001,6,-2.196508953340906
2014-06-30,0.0,14.81,11.93,6,-2.40761437550282
2014-07-01,0.0,14.33,11.84,7,-0.8610120809389906
2014-07-02,0.0,12.73,11.84,7,-0.8610120809389906
2014-07-03,0.0,12.8,11.83,7,-0.8615963847714642
2014-07-04,0.0,13.46,11.81,7,-0.862766109552974
2014-07-05,0.0,12.56,11.770000000000001,7,-0.8651100437433069
2014-07-06,0.0,11.09,11.75,7,-0.8662842624373237
2014-07-07,0.0,9.51,11.67,7,-0.8709962572545973
2014-07-08,0.0,6.26,11.63,7,-0.873361393038818
2014-07-09,0.0,6.5,11.38,7,-0.8882842320561419
2014-07-10,0.0,7.09,10.850000000000001,7,-0.9207594375272743
2014-07-11,0.0,8.35,10.790000000000001,7,-0.9245110670054982
2014-07-12,0.0,11.09,10.280000000000001,7,-0.9570568807469729
2014-07-13,0.0,12.47,9.23,7,-1.0281449690477882
2014-07-14,0.0,12.73,9.190000000000001,7,-1.030972991280528
2014-07-15,0.0,11.68,4.28,7,-1.4887204010820008
2014-07-16,0.0,12.31,3.3600000000000003,7,-1.6194317493192805
2014-07-17,0.0,12.7,3.3600000000000003,7,-1.6194317493192805
2014-07-18,0.0,12.78,3.3600000000000003,7,-1.6194317493192805
2014-07-19,0.0,9.76,3.35,7,-1.6210047278590438
2014-07-20,0.0,10.72,3.35,7,-1.6210047278590438
2014-07-21,0.0,12.26,3.35,7,-1.6210047278590438
2014-07-22,0.0,11.93,2.5500000000000003,7,-1.761466919281473
2014-07-23,0.0,14.2,2.5500000000000003,7,-1.761466919281473
2014-07-24,0.0,14.99,2.5500000000000003,7,-1.761466919281473
2014-07-25,0.0,15.03,2.5500000000000003,7,-1.761466919281473
2014-07-26,0.0,11.57,2.5500000000000003,7,-1.761466919281473
2014-07-27,0.0,10.55,2.5500000000000003,7,-1.761466919281473
2014-07-28,0.0,12.44,2.5500000000000003,7,-1.761466919281473
2014-07-29,0.0,12.99,2.5500000000000003,7,-1.761466919281473
2014-07-30,0.0,12.21,2.5500000000000003,7,-1.761466919281473
2014-07-31,0.0,15.11,2.5500000000000003,7,-1.761466919281473
2014-08-01,0.0,16.04,2.5500000000000003,8,-0.8540607743372541
2014-08-02,0.0,14.59,2.5500000000000003,8,-0.8540607743372541
2014-08-03,0.0,13.15,2.5500000000000003,8,-0.8540607743372541
2014-08-04,0.0,13.51,2.52,8,-0.8597826012412632
2014-08-05,0.0,15.99,2.52,8,-0.8597826012412632
2014-08-06,0.08,17.35,2.6,8,-0.8446413164664852
2014-08-07,0.07,16.81,2.67,8,-0.8316909934967996
2014-08-08,0.14,16.4,2.81,8,-0.8065712367129496
2014-08-09,0.77,14.57,3.58,8,-0.6836351170079262
2014-08-10,0.01,16.45,3.59,8,-0.6821799114118008
2014-08-11,0.03,16.16,3.62,8,-0.6778329767049192
2014-08-12,0.0,16.28,3.62,8,-0.6778329767049192
2014-08-13,0.0,15.87,3.62,8,-0.6778329767049192
2014-08-14,0.0,17.92,3.62,8,-0.6778329767049192
2014-08-15,0.15,20.4,3.77,8,-0.6565054836404338
2014-08-16,0.2,17.01,2.9300000000000006,8,-0.7858098070597744
2014-08-17,0.08,16.1,3.0,8,-0.7740044545816309
2014-08-18,0.0,16.98,1.9100000000000001,8,-0.9898676777133638
2014-08-19,0.0,19.13,1.9000000000000001,8,-0.9922620418311398
2014-08-20,0.0,19.79,1.83,8,-1.009312190342203
2014-08-21,0.02,18.65,1.84,8,-1.0068446989101414
2014-08-22,0.0,13.17,1.84,8,-1.0068446989101414
2014-08-23,0.0,12.07,1.84,8,-1.0068446989101414
2014-08-24,0.0,12.87,1.84,8,-1.0068446989101414
2014-08-25,0.0,15.16,1.84,8,-1.0068446989101414
2014-08-26,0.0,16.58,1.84,8,-1.0068446989101414
2014-08-27,0.0,17.69,1.84,8,-1.0068446989101414
2014-08-28,0.0,16.37,1.84,8,-1.0068446989101414
2014-08-29,0.05,9.81,1.89,8,-0.9946665449294669
2014-08-30,0.0,11.11,1.89,8,-0.9946665449294669
2014-08-31,0.0,12.01,1.89,8,-0.9946665449294669
2014-09-01,0.0,13.76,1.89,9,-0.559042142756761
2014-09-02,0.0,15.26,1.89,9,-0.559042142756761
2014-09-03,0.0,15.18,1.89,9,-0.559042142756761
2014-09-04,0.0,15.67,1.89,9,-0.559042142756761
2014-09-05,0.0,15.7,1.89,9,-0.559042142756761
2014-09-06,0.0,18.73,1.89,9,-0.559042142756761
2014-09-07,0.0,20.81,1.89,9,-0.559042142756761
2014-09-08,0.0,21.38,1.89,9,-0.559042142756761
2014-09-09,0.0,20.81,1.89,9,-0.559042142756761
2014-09-10,0.0,21.1,1.89,9,-0.559042142756761
2014-09-11,0.0,22.32,1.89,9,-0.559042142756761
2014-09-12,0.0,23.51,1.89,9,-0.559042142756761
2014-09-13,0.0,23.78,1.89,9,-0.559042142756761
2014-09-14,0.0,22.2,1.89,9,-0.559042142756761
2014-09-15,0.0,21.91,1.89,9,-0.559042142756761
2014-09-16,0.0,22.67,1.89,9,-0.559042142756761
2014-09-17,0.0,23.19,1.89,9,-0.559042142756761
2014-09-18,0.0,22.84,1.89,9,-0.559042142756761
2014-09-19,0.0,17.34,1.89,9,-0.559042142756761
2014-09-20,0.39,19.1,2.2800000000000002,9,-0.48198651118624386
2014-09-21,0.0,18.89,2.2800000000000002,9,-0.48198651118624386
2014-09-22,0.0,19.97,2.2800000000000002,9,-0.48198651118624386
2014-09-23,0.0,20.69,2.2800000000000002,9,-0.48198651118624386
2014-09-24,0.0,22.32,2.2800000000000002,9,-0.48198651118624386
2014-09-25,0.0,23.0,2.26,9,-0.4856878665867788
2014-09-26,0.0,25.05,2.24,9,-0.48941371881687556
2014-09-27,0.01,24.78,2.0,9,-0.5361880477933311
2014-09-28,0.0,24.48,2.0,9,-0.5361880477933311
2014-09-29,0.44,23.7,2.44,9,-0.45321351292108136
2014-09-30,0.0,18.72,2.44,9,-0.45321351292108136
2014-10-01,0.0,17.58,2.44,10,-1.2636418362085802
2014-10-02,0.0,19.27,2.44,10,-1.2636418362085802
2014-10-03,0.0,19.75,2.44,10,-1.2636418362085802
2014-10-04,0.0,18.73,2.44,10,-1.2636418362085802
2014-10-05,0.0,19.03,2.44,10,-1.2636418362085802
2014-10-06,0.0,19.62,2.44,10,-1.2636418362085802
2014-10-07,0.0,21.83,2.44,10,-1.2636418362085802
2014-10-08,0.0,24.49,2.44,10,-1.2636418362085802
2014-10-09,0.0,25.4,2.44,10,-1.2636418362085802
2014-10-10,0.15,25.37,2.59,10,-1.2358691239811914
2014-10-11,2.81,22.64,5.4,10,-0.8567318557297293
2014-10-12,0.0,25.91,5.4,10,-0.8567318557297293
2014-10-13,0.0,27.52,5.4,10,-0.8567318557297293
2014-10-14,0.0,25.54,5.4,10,-0.8567318557297293
2014-10-15,2.99,24.87,8.39,10,-0.5919907497507172
2014-10-16,0.0,20.01,8.39,10,-0.5919907497507172
2014-10-17,0.0,18.63,8.39,10,-0.5919907497507172
2014-10-18,0.0,19.45,8.39,10,-0.5919907497507172
2014-10-19,0.0,22.74,8.39,10,-0.5919907497507172
2014-10-20,0.0,24.78,8.39,10,-0.5919907497507172
2014-10-21,0.03,24.84,8.42,10,-0.5897151625550167
2014-10-22,0.51,25.53,8.93,10,-0.5518994506967151
2014-10-23,1.11,23.26,10.040000000000001,10,-0.4746918317022869
2014-10-24,0.14,25.09,10.18,10,-0.46539748539847875
2014-10-25,0.06,24.96,10.24,10,-0.46144226742361
2014-10-26,0.0,23.94,10.24,10,-0.46144226742361
2014-10-27,0.0,21.88,10.24,10,-0.46144226742361
2014-10-28,0.0,22.82,10.24,10,-0.46144226742361
2014-10-29,0.0,24.64,10.24,10,-0.46144226742361
2014-10-30,0.15,27.56,10.39,10,-0.45162643508747524
2014-10-31,0.29,28.26,10.68,10,-0.43293347465347404
2014-11-01,1.87,26.55,12.55,11,-2.0510285935464405
2014-11-02,0.22,23.76,12.77,11,-2.034724206727855
2014-11-03,11.34,21.25,24.11,11,-1.3895625100995779
2014-11-04,2.77,22.4,26.8,11,-1.2717861285125498
2014-11-05,0.0,20.9,26.73,11,-1.2747382958421636
2014-11-06,0.0,21.97,26.59,11,-1.2806596629365723
2014-11-07,0.22,24.7,26.04,11,-1.3041458765531373
2014-11-08,0.51,25.34,26.54,11,-1.2827799730451066
2014-11-09,0.01,26.8,26.52,11,-1.2836289168351582
2014-11-10,0.05,24.79,26.569999999999997,11,-1.281507436058989
2014-11-11,5.05,21.96,31.619999999999997,11,-1.0807888770379515
2014-11-12,9.65,21.68,41.269999999999996,11,-0.7540531531232881
2014-11-13,1.2,23.8,42.32,11,-0.7219199918300073
2014-11-14,1.22,24.85,43.339999999999996,11,-0.6912395058680015
2014-11-15,0.11,25.19,43.37,11,-0.6903448821499447
2014-11-16,0.01,21.03,43.379999999999995,11,-0.69004677113861
2014-11-17,2.07,19.46,45.449999999999996,11,-0.6293515140017959
2014-11-18,0.01,18.47,45.46,11,-0.629063062063495
2014-11-19,0.04,20.78,45.480000000000004,11,-0.6284862917542654
2014-11-20,0.01,24.39,45.49,11,-0.6281979733483856
2014-11-21,0.05,26.99,45.54,11,-0.6267570481082602
2014-11-22,1.2,26.96,46.74,11,-0.5925028462342047
2014-11-23,0.13,24.37,46.870000000000005,11,-0.5888291159949299
2014-11-24,6.02,25.85,52.89,11,-0.42597748030317956
2014-11-25,0.0,26.76,52.89,11,-0.42597748030317956
2014-11-26,13.25,26.99,66.14,11,-0.10816910303518017
2014-11-27,11.08,21.08,77.17,11,0.12467889421083937
2014-11-28,0.0,24.32,77.17,11,0.12467889421083937
2014-11-29,0.33,24.6,77.5,11,0.13128897196295797
2014-11-30,1.14,22.23,78.64,11,0.15397965069584651
2014-12-01,0.36,23.58,79.0,12,-1.2001614443997664
2014-12-02,0.09,23.68,79.09,12,-1.198215885876197
2014-12-03,0.01,24.5,79.10000000000001,12,-1.1979998094682522
2014-12-04,0.01,26.93,79.11,12,-1.1977837523965251
2014-12-05,3.15,28.82,82.26,12,-1.1306657662681898
2014-12-06,0.11,25.64,82.37,12,-1.1283550195191374
2014-12-07,4.16,23.96,86.53,12,-1.04251896561955
2014-12-08,12.53,21.33,99.06,12,-0.8003163221022372
2014-12-09,4.43,23.63,103.49000000000001,12,-0.7198110764809822
2014-12-10,8.94,24.47,112.43,12,-0.5643353370356277
2014-12-11,3.09,24.56,115.52,12,-0.512581968431202
2014-12-12,2.09,23.14,117.61,12,-0.4781135581313814
2014-12-13,6.0,24.92,123.61,12,-0.38143465433723206
2014-12-14,11.7,21.77,135.31,12,-0.20174161466189622
2014-12-15,4.59,23.51,139.9,12,-0.13412617655639827
2014-12-16,4.9,22.78,144.8,12,-0.06357691800691587
2014-12-17,11.2,21.99,156.0,12,0.09185563620132556
2014-12-18,1.7,22.62,157.7,12,0.1147877562245794
2014-12-19,1.26,24.51,158.57,12,0.12645974149044875
2014-12-20,0.19,26.51,158.76,12,0.12900310172780216
2014-12-21,0.03,27.02,158.79,12,0.12940449907600818
2014-12-22,0.1,25.97,158.89,12,0.1307421246050679
2014-12-23,1.43,26.12,160.32,12,0.14980898476717033
2014-12-24,0.93,27.16,161.24999999999997,12,0.16214828184602895
2014-12-25,1.92,27.77,163.17,12,0.18747364062632615
2014-12-26,14.53,25.74,177.69,12,0.37286540596273177
2014-12-27,16.45,22.86,194.14,12,0.5711657100354421
2014-12-28,2.52,25.32,196.22,12,0.5954415013806611
2014-12-29,1.87,25.07,198.09,12,0.6171227107588539
2014-12-30,0.04,24.78,198.13,12,0.6175850114545212
2014-12-31,0.03,24.8,198.16,12,0.6179316968416011
2015-01-01,1.05,23.91,199.21,1,-0.5258613888937524
2015-01-02,0.2,25.26,199.41,1,-0.5224615141104811
2015-01-03,3.45,26.52,202.85999999999999,1,-0.4641733423627088
2015-01-04,0.03,26.72,202.89,1,-0.4636694387341927
2015-01-05,0.0,26.57,202.89,1,-0.4636694387341927
2015-01-06,0.02,27.1,202.91,1,-0.46333353095251695
2015-01-07,0.61,26.27,203.52,1,-0.4530990722775486
2015-01-08,1.21,26.04,204.57999999999998,1,-0.43536378259329744
2015-01-09,0.08,27.2,201.85,1,-0.48116756859217413
2015-01-10,1.25,26.67,203.1,1,-0.46014352228269134
2015-01-11,4.18,26.87,207.28,1,-0.3904675244679686
2015-01-12,0.19,25.56,207.47,1,-0.387323054854051
2015-01-13,0.02,25.64,204.5,1,-0.4367001268654094
2015-01-14,1.88,26.52,206.38,1,-0.40538885833118876
2015-01-15,5.59,24.95,211.97,1,-0.3134095443442557
2015-01-16,1.94,26.45,213.91,1,-0.28187049757332167
2015-01-17,0.0,25.53,213.91,1,-0.28187049757332167
2015-01-18,0.06,24.09,213.97,1,-0.28089813734694147
2015-01-19,0.27,25.3,214.21,1,-0.2770105296578043
2015-01-20,0.69,23.9,214.39,1,-0.27409674624354313
2015-01-21,0.01,24.01,213.29,1,-0.29192898149461777
2015-01-22,0.1,26.63,213.25,1,-0.29257859114763085
2015-01-23,0.02,27.6,213.20999999999998,1,-0.2932282828011361
2015-01-24,1.45,28.03,214.66,1,-0.26972915479907356
2015-01-25,0.03,27.6,214.69,1,-0.26924409498219604
2015-01-26,0.02,28.13,214.70999999999998,1,-0.2689207470956443
2015-01-27,0.28,29.52,214.98999999999998,1,-0.2643960020463519
2015-01-28,0.17,26.36,215.01000000000002,1,-0.264072957650687
2015-01-29,2.99,25.9,217.70999999999998,1,-0.22064611607459012
2015-01-30,2.58,24.87,218.42,1,-0.20928661454983222
2015-01-31,3.8,25.58,221.99999999999997,1,-0.152383605218268
2015-02-01,0.71,27.14,211.36999999999998,2,-0.7826310213808073
2015-02-02,0.0,25.71,208.6,2,-0.8227566737876504
2015-02-03,0.0,25.76,208.6,2,-0.8227566737876504
2015-02-04,0.0,27.35,208.6,2,-0.8227566737876504
2015-02-05,0.01,26.82,208.39,2,-0.8258134960530708
2015-02-06,0.0,26.56,207.88,2,-0.8332459802275124
2015-02-07,0.0,27.93,207.86999999999998,2,-0.8333918397038662
2015-02-08,2.03,29.23,209.85,2,-0.8046046635839617
2015-02-09,4.05,28.01,208.85,2,-0.8191203396644959
2015-02-10,0.0,29.34,199.2,2,-0.9617019942033146
2015-02-11,0.56,29.85,198.56,2,-0.9713240481408414
2015-02-12,0.05,28.82,197.39000000000001,2,-0.9889695125828405
2015-02-13,1.48,28.83,198.76,2,-0.9683148739942856
2015-02-14,0.39,27.74,199.14,2,-0.9626031602335255
2015-02-15,0.0,25.36,197.07,2,-0.9938081178548945
2015-02-16,3.78,24.28,200.83999999999997,2,-0.9371418636395163
2015-02-17,0.74,24.66,201.54,2,-0.9267007334469836
2015-02-18,0.0,26.25,201.53,2,-0.9268497173519313
2015-02-19,0.0,27.91,201.48,2,-0.9275947128635766
2015-02-20,0.01,29.34,200.29,2,-0.9453631186970172
2015-02-21,1.15,28.15,201.31,2,-0.9301286455443047
2015-02-22,0.09,28.43,195.38,2,-1.0194518748545893
2015-02-23,0.8,25.53,196.18,2,-1.007293912182324
2015-02-24,0.08,26.45,183.01,2,-1.211962206319746
2015-02-25,0.1,27.56,172.02999999999997,2,-1.3905205163229666
2015-02-26,1.99,26.99,174.01999999999998,2,-1.3575846693183986
2015-02-27,6.33,25.73,180.02,2,-1.259834466854515
2015-02-28,0.18,25.45,179.05999999999997,2,-1.2753213407917126
2015-03-01,1.61,24.58,180.31,3,-0.88329868183234
2015-03-02,2.28,23.37,182.5,3,-0.8566348220344704
2015-03-03,0.83,20.66,183.32,3,-0.8467079826407464
2015-03-04,0.0,21.52,183.30999999999997,3,-0.8468288567732933
2015-03-05,0.0,24.34,180.16,3,-0.8851331473581312
2015-03-06,0.01,26.01,180.06,3,-0.8863567112103939
2015-03-07,0.18,25.96,176.07999999999998,3,-0.9354411018986551
2015-03-08,0.53,26.53,164.07999999999998,3,-1.08825687009642
2015-03-09,1.91,24.41,161.56,3,-1.1213294931865938
2015-03-10,0.0,24.55,152.62,3,-1.241649760734298
2015-03-11,0.0,26.82,149.53,3,-1.2843837524204091
2015-03-12,0.14,25.22,147.57999999999998,3,-1.3116718306546735
2015-03-13,1.12,26.39,142.7,3,-1.3810915200023106
2015-03-14,3.35,26.36,134.35,3,-1.503861971984268
2015-03-15,0.47,25.42,130.23,3,-1.566437158721285
2015-03-16,0.09,26.94,125.42,3,-1.6412971725955081
2015-03-17,0.0,26.58,114.22,3,-1.8239046823392677
2015-03-18,24.88,22.5,137.4,3,-1.458408466777017
2015-03-19,2.76,24.16,138.9,3,-1.4363156970065982
2015-03-20,0.62,24.81,139.33,3,-1.430013542673085
2015-03-21,1.76,24.96,141.06,3,-1.40479624960146
2015-03-22,0.14,23.46,141.10000000000002,3,-1.4042157789529237
2015-03-23,0.0,22.52,139.67000000000002,3,-1.425040161440125
2015-03-24,0.75,21.07,139.49,3,-1.427672061666061
2015-03-25,5.15,23.31,142.72,3,-1.3808036263312382
2015-03-26,9.45,23.03,137.64000000000001,3,-1.4548622062884617
2015-03-27,0.05,24.02,121.24,3,-1.7080311807100372
2015-03-28,0.1,21.09,118.82,3,-1.7474205328270869
2015-03-29,0.29,21.53,117.24000000000001,3,-1.773448153022676
2015-03-30,0.74,20.56,117.94,3,-1.7618861494265665
2015-03-31,1.93,20.1,119.84,3,-1.7307491406986277
2015-04-01,2.11,21.25,120.9,4,-1.2750791774268646
2015-04-02,0.31,21.9,121.00999999999999,4,-1.2734176231135008
2015-04-03,0.01,18.42,117.57,4,-1.325893280321876
2015-04-04,0.0,19.71,117.53999999999999,4,-1.3263556700156196
2015-04-05,0.01,20.23,117.55,4,-1.3262015308259825
2015-04-06,0.0,21.23,117.53,4,-1.3265098184988657
2015-04-07,0.93,20.14,117.85,4,-1.3215816696598528
2015-04-08,0.88,19.64,117.52000000000001,4,-1.3266639762771346
2015-04-09,0.14,19.42,117.57999999999998,4,-1.3257391690045779
2015-04-10,0.01,18.8,116.33999999999999,4,-1.3449202547937975
2015-04-11,1.46,18.65,113.62,4,-1.3875086476480603
2015-04-12,0.58,19.74,114.01,4,-1.3813580754079784
2015-04-13,0.0,20.16,113.99,4,-1.3816731254309573
2015-04-14,0.0,21.32,112.11,4,-1.4114649075531118
2015-04-15,0.0,20.75,106.52,4,-1.5022033198598101
2015-04-16,0.23,20.62,104.80999999999999,4,-1.530638007458332
2015-04-17,1.19,19.72,106.0,4,-1.5108153891014886
2015-04-18,13.33,18.39,119.27,4,-1.2998266520536916
2015-04-19,3.62,19.11,122.61999999999999,4,-1.2492197693862577
2015-04-20,0.0,19.72,121.92999999999999,4,-1.2595626212075473
2015-04-21,0.0,20.57,121.91999999999999,4,-1.259712821229485
2015-04-22,0.13,19.42,121.95,4,-1.2592622472732913
2015-04-23,0.04,19.52,121.97,4,-1.258961908143358
2015-04-24,0.72,19.32,121.24,4,-1.2699469115773134
2015-04-25,0.07,20.23,121.28,4,-1.2693437848042737
2015-04-26,0.0,21.91,121.26,4,-1.2696453306111943
2015-04-27,0.0,21.53,120.98,4,-1.2738706683492709
2015-04-28,0.0,22.13,120.81,4,-1.2764394261766707
2015-04-29,0.0,22.04,117.82,4,-1.3220432805283582
2015-04-30,0.0,20.18,115.24,4,-1.3620574776604597
2015-05-01,0.0,18.05,111.44,5,-0.6963388465497858
2015-05-02,0.0,18.09,110.73,5,-0.7070208825181642
2015-05-03,0.0,19.85,110.73,5,-0.7070208825181642
2015-05-04,0.0,20.04,110.73,5,-0.7070208825181642
2015-05-05,0.0,20.2,110.73,5,-0.7070208825181642
2015-05-06,0.0,20.1,110.72,5,-0.7071716733002456
2015-05-07,0.0,17.99,110.72,5,-0.7071716733002456
2015-05-08,0.01,18.12,110.73,5,-0.7070208825181642
2015-05-09,0.0,18.96,108.7,5,-0.7378276788186644
2015-05-10,0.0,19.82,104.65,5,-0.800508023065299
2015-05-11,0.0,20.19,104.65,5,-0.800508023065299
2015-05-12,0.0,19.61,104.09,5,-0.8093074661409068
2015-05-13,0.0,18.71,104.04,5,-0.8100947379018821
2015-05-14,0.0,19.81,102.56,5,-0.8335187418336871
2015-05-15,0.0,20.32,102.17,5,-0.8397306091700301
2015-05-16,0.0,20.77,102.17,5,-0.8397306091700301
2015-05-17,0.0,20.11,98.39,5,-0.900816507155005
2015-05-18,0.0,17.75,97.65,5,-0.9129670686736389
2015-05-19,0.0,18.42,97.65,5,-0.9129670686736389
2015-05-20,0.0,19.11,97.65,5,-0.9129670686736389
2015-05-21,0.0,18.26,97.64,5,-0.9131317076623441
2015-05-22,0.0,18.19,96.49000000000001,5,-0.9321447634994352
2015-05-23,0.0,15.87,96.4,5,-0.9336394498681982
2015-05-24,0.0,17.46,95.60000000000001,5,-0.9469688894173404
2015-05-25,0.0,18.86,95.52000000000001,5,-0.9483061443761014
2015-05-26,0.0,19.96,95.42,5,-0.9499788220498058
2015-05-27,0.0,18.77,93.43,5,-0.9835248686315176
2015-05-28,0.0,19.23,87.10000000000001,5,-1.0937054935921204
2015-05-29,0.0,18.47,86.92,5,-1.0969203143578692
2015-05-30,0.0,17.68,85.31,5,-1.1258873498197528
2015-05-31,0.0,18.42,83.03,5,-1.1675810852469615
2015-06-01,0.0,16.62,82.2,6,-0.20633648678811
2015-06-02,2.04,16.93,84.24,6,-0.16995903539728946
2015-06-03,4.71,13.45,88.94999999999999,6,-0.08820438975670201
2015-06-04,0.02,9.82,88.96000000000001,6,-0.08803397990577387
2015-06-05,0.0,8.69,88.78,6,-0.09110334824276729
2015-06-06,0.0,8.78,88.25,6,-0.10016553112035902
2015-06-07,0.0,10.14,86.34,6,-0.13313362640724033
2015-06-08,0.0,11.73,86.34,6,-0.13313362640724033
2015-06-09,0.0,12.54,86.34,6,-0.13313362640724033
2015-06-10,0.0,11.72,86.2,6,-0.13556956353652688
2015-06-11,1.42,11.99,86.5,6,-0.13035298609832832
2015-06-12,0.02,11.57,83.17,6,-0.18896345311020596
2015-06-13,0.0,12.82,82.7,6,-0.19736393854562714
2015-06-14,0.0,14.27,82.61,6,-0.19897625788924173
2015-06-15,0.0,13.96,82.61,6,-0.19897625788924173
2015-06-16,0.0,14.54,57.730000000000004,6,-0.7010848727121947
2015-06-17,0.01,8.85,54.98,6,-0.7653591849743262
2015-06-18,0.0,9.44,54.36,6,-0.7801623329263021
2015-06-19,0.0,11.78,52.6,6,-0.8228458729920465
2015-06-20,0.0,10.99,52.46,6,-0.8262843686679746
2015-06-21,0.0,11.45,52.46,6,-0.8262843686679746
2015-06-22,0.0,13.26,51.71,6,-0.8448166133825121
2015-06-23,0.0,13.56,46.56,6,-0.9775380044174296
2015-06-24,0.0,13.51,37.11,6,-1.2514830798806413
2015-06-25,0.0,13.79,37.06,6,-1.2530606562176585
2015-06-26,0.0,13.61,36.96,6,-1.2562204725592385
2015-06-27,2.15,12.9,38.82,6,-1.1984383081116268
2015-06-28,0.04,13.31,38.12,6,-1.219942745959596
2015-06-29,0.0,12.01,36.19,6,-1.2807625059565155
2015-06-30,0.0,13.28,34.08,6,-1.350030979389598
2015-07-01,0.35,13.32,34.12,7,-0.014880441321872698
2015-07-02,0.0,14.42,34.11,7,-0.01515235309504493
2015-07-03,0.0,14.05,34.11,7,-0.01515235309504493
2015-07-04,0.0,15.07,34.1,7,-0.01542431994267673
2015-07-05,0.0,16.05,34.1,7,-0.01542431994267673
2015-07-06,0.0,15.7,33.17,7,-0.040962022426544516
2015-07-07,0.0,12.86,32.29,7,-0.06558744368425294
2015-07-08,0.0,14.5,32.15,7,-0.06954790204328379
2015-07-09,0.0,15.02,32.14,7,-0.06983124979349968
2015-07-10,0.0,13.97,30.68,7,-0.11187526959684994
2015-07-11,0.0,13.6,30.099999999999998,7,-0.12896479771184766
2015-07-12,0.0,14.92,30.099999999999998,7,-0.12896479771184766
2015-07-13,0.0,15.63,30.099999999999998,7,-0.12896479771184766
2015-07-14,0.0,15.48,30.099999999999998,7,-0.12896479771184766
2015-07-15,0.59,15.19,30.46,7,-0.1183307465139174
2015-07-16,0.0,15.5,29.270000000000003,7,-0.15382534684925012
2015-07-17,0.0,9.08,15.94,7,-0.64745539222327
2015-07-18,0.0,12.18,12.32,7,-0.8333922379305149
2015-07-19,0.0,14.97,12.32,7,-0.8333922379305149
2015-07-20,0.0,14.78,12.32,7,-0.8333922379305149
2015-07-21,0.0,14.26,12.19,7,-0.8407915491694955
2015-07-22,0.0,13.96,12.149999999999999,7,-0.8430801869206154
2015-07-23,1.43,15.0,12.86,7,-0.8032695699183904
2015-07-24,0.51,15.16,13.299999999999999,7,-0.7794178910197571
2015-07-25,0.0,8.47,13.299999999999999,7,-0.7794178910197571
2015-07-26,0.0,9.02,13.299999999999999,7,-0.7794178910197571
2015-07-27,0.0,9.86,13.299999999999999,7,-0.7794178910197571
2015-07-28,0.0,11.43,13.299999999999999,7,-0.7794178910197571
2015-07-29,0.0,13.81,13.299999999999999,7,-0.7794178910197571
2015-07-30,0.0,12.84,13.299999999999999,7,-0.7794178910197571
2015-07-31,0.0,9.31,13.299999999999999,7,-0.7794178910197571
2015-08-01,0.0,9.28,13.299999999999999,8,0.12840505713465658
2015-08-02,0.0,11.18,13.299999999999999,8,0.12840505713465658
2015-08-03,0.0,12.5,13.299999999999999,8,0.12840505713465658
2015-08-04,0.0,15.25,13.299999999999999,8,0.12840505713465658
2015-08-05,0.0,14.27,13.299999999999999,8,0.12840505713465658
2015-08-06,0.0,12.72,13.29,8,0.12784922967436246
2015-08-07,0.0,14.37,13.29,8,0.12784922967436246
2015-08-08,0.0,17.08,13.29,8,0.12784922967436246
2015-08-09,0.0,15.83,13.29,8,0.12784922967436246
2015-08-10,0.0,15.76,13.29,8,0.12784922967436246
2015-08-11,0.0,14.29,13.29,8,0.12784922967436246
2015-08-12,0.0,15.07,13.29,8,0.12784922967436246
2015-08-13,0.0,15.36,13.29,8,0.12784922967436246
2015-08-14,0.0,16.61,13.29,8,0.12784922967436246
2015-08-15,0.0,16.78,13.29,8,0.12784922967436246
2015-08-16,0.0,18.05,13.29,8,0.12784922967436246
2015-08-17,0.0,18.74,13.29,8,0.12784922967436246
2015-08-18,0.0,18.56,13.29,8,0.12784922967436246
2015-08-19,0.0,19.64,13.29,8,0.12784922967436246
2015-08-20,0.0,20.81,13.29,8,0.12784922967436246
2015-08-21,0.0,20.49,13.29,8,0.12784922967436246
2015-08-22,0.0,20.37,13.29,8,0.12784922967436246
2015-08-23,0.0,20.0,13.29,8,0.12784922967436246
2015-08-24,0.07,19.42,13.36,8,0.13173394006854272
2015-08-25,0.0,19.97,13.36,8,0.13173394006854272
2015-08-26,0.0,21.04,13.36,8,0.13173394006854272
2015-08-27,0.0,21.6,13.36,8,0.13173394006854272
2015-08-28,0.0,22.5,13.36,8,0.13173394006854272
2015-08-29,0.0,22.73,13.36,8,0.13173394006854272
2015-08-30,0.0,22.75,13.36,8,0.13173394006854272
2015-08-31,0.0,22.64,11.319999999999999,8,0.012126665292734694
2015-09-01,0.0,19.56,6.609999999999999,9,0.036066600775578335
2015-09-02,0.0,16.5,6.59,9,0.03435949163725644
2015-09-03,0.44,17.41,7.03,9,0.07110848654699085
2015-09-04,41.85,15.0,48.88,9,1.645654207096223
2015-09-05,5.98,13.67,54.86,9,1.7807621614623967
2015-09-06,0.1,14.12,54.96,9,1.7829460179092573
2015-09-07,0.0,16.89,54.96,9,1.7829460179092573
2015-09-08,0.0,19.11,54.96,9,1.7829460179092573
2015-09-09,0.0,20.58,53.54,9,1.751713916245914
2015-09-10,0.0,21.96,53.52,9,1.7512705794753043
2015-09-11,0.0,21.4,53.52,9,1.7512705794753043
2015-09-12,0.07,18.81,53.59,9,1.7528218331917338
2015-09-13,0.0,18.37,53.59,9,1.7528218331917338
2015-09-14,0.0,17.11,53.59,9,1.7528218331917338
2015-09-15,0.0,17.22,53.58,9,1.7526002983414875
2015-09-16,0.0,20.33,53.58,9,1.7526002983414875
2015-09-17,0.0,21.64,53.58,9,1.7526002983414875
2015-09-18,0.0,21.73,53.58,9,1.7526002983414875
2015-09-19,0.0,19.71,53.58,9,1.7526002983414875
2015-09-20,0.9,18.97,54.48,9,1.7724421750447434
2015-09-21,0.7,19.68,55.18,9,1.7877423269969765
2015-09-22,0.12,22.83,55.3,9,1.790353778766777
2015-09-23,0.0,23.56,55.3,9,1.790353778766777
2015-09-24,0.0,24.06,55.3,9,1.790353778766777
2015-09-25,0.0,24.38,53.15,9,1.743051247258756
2015-09-26,0.0,23.81,53.11,9,1.7421606612945937
2015-09-27,0.0,23.04,53.11,9,1.7421606612945937
2015-09-28,0.0,24.82,53.11,9,1.7421606612945937
2015-09-29,0.0,26.77,52.76,9,1.7343511747839744
2015-09-30,0.0,25.1,52.76,9,1.7343511747839744
2015-10-01,0.0,20.85,52.76,10,0.9783344706295094
2015-10-02,0.0,20.36,52.76,10,0.9783344706295094
2015-10-03,0.0,24.14,52.76,10,0.9783344706295094
2015-10-04,0.0,26.34,52.76,10,0.9783344706295094
2015-10-05,0.0,26.75,52.76,10,0.9783344706295094
2015-10-06,0.0,26.53,52.76,10,0.9783344706295094
2015-10-07,0.0,26.64,52.76,10,0.9783344706295094
2015-10-08,0.0,27.55,52.76,10,0.9783344706295094
2015-10-09,0.01,27.51,52.77,10,0.9785515370964266
2015-10-10,0.0,26.45,52.77,10,0.9785515370964266
2015-10-11,0.0,27.22,52.77,10,0.9785515370964266
2015-10-12,0.0,27.12,52.77,10,0.9785515370964266
2015-10-13,0.0,26.95,52.18000000000001,10,0.9656998827899597
2015-10-14,9.56,25.23,61.74000000000001,10,1.1637113537849424
2015-10-15,0.01,21.81,61.75000000000001,10,1.1639080452250807
2015-10-16,0.0,21.09,61.75000000000001,10,1.1639080452250807
2015-10-17,0.11,21.38,61.86000000000001,10,1.1660703429033663
2015-10-18,0.13,22.71,61.99000000000001,10,1.1686227007069843
2015-10-19,0.0,24.32,61.99000000000001,10,1.1686227007069843
2015-10-20,0.0,24.06,61.99000000000001,10,1.1686227007069843
2015-10-21,0.0,25.58,60.56,10,1.1403609110234636
2015-10-22,0.0,26.59,60.05,10,1.1301809288066167
2015-10-23,0.0,25.24,60.05,10,1.1301809288066167
2015-10-24,0.0,26.56,60.05,10,1.1301809288066167
2015-10-25,0.0,27.21,60.05,10,1.1301809288066167
2015-10-26,0.13,28.19,60.18,10,1.1327809351011546
2015-10-27,1.04,24.23,61.22,10,1.1534559237539748
2015-10-28,0.0,24.41,61.22,10,1.1534559237539748
2015-10-29,0.0,24.36,61.22,10,1.1534559237539748
2015-10-30,0.0,25.96,61.22,10,1.1534559237539748
2015-10-31,0.0,29.06,61.22,10,1.1534559237539748
2015-11-01,0.0,29.54,61.22,11,-0.2205919370074041
2015-11-02,0.0,20.83,61.22,11,-0.2205919370074041
2015-11-03,0.0,18.88,61.22,11,-0.2205919370074041
2015-11-04,0.0,19.38,61.22,11,-0.2205919370074041
2015-11-05,0.0,19.47,61.22,11,-0.2205919370074041
2015-11-06,0.0,21.0,61.22,11,-0.2205919370074041
2015-11-07,0.0,23.89,61.22,11,-0.2205919370074041
2015-11-08,0.0,28.7,61.22,11,-0.2205919370074041
2015-11-09,0.0,30.83,61.22,11,-0.2205919370074041
2015-11-10,0.0,30.72,61.22,11,-0.2205919370074041
2015-11-11,0.0,31.43,61.22,11,-0.2205919370074041
2015-11-12,0.0,31.17,61.22,11,-0.2205919370074041
2015-11-13,0.0,29.92,61.22,11,-0.2205919370074041
2015-11-14,0.0,27.33,61.22,11,-0.2205919370074041
2015-11-15,0.0,26.14,61.22,11,-0.2205919370074041
2015-11-16,0.02,26.12,61.24,11,-0.2201226593080854
2015-11-17,11.47,25.02,72.71000000000001,11,0.033419248671835385
2015-11-18,25.62,24.24,98.33,11,0.5153730038867678
2015-11-19,5.05,23.84,103.38,11,0.6002081358611402
2015-11-20,9.47,24.0,112.85,11,0.7522679833651789
2015-11-21,0.0,20.93,112.85,11,0.7522679833651789
2015-11-22,0.0,19.08,112.78,11,0.7511750630947532
2015-11-23,0.0,20.9,112.78,11,0.7511750630947532
2015-11-24,0.0,24.68,112.78,11,0.7511750630947532
2015-11-25,0.0,25.27,112.78,11,0.7511750630947532
2015-11-26,0.0,26.48,112.78,11,0.7511750630947532
2015-11-27,0.0,25.18,112.78,11,0.7511750630947532
2015-11-28,35.36,19.8,148.14000000000001,11,1.2555840719901419
2015-11-29,0.21,22.39,148.35,11,1.2583359546564945
2015-11-30,0.0,24.49,148.35,11,1.2583359546564945
2015-12-01,0.01,26.84,148.36,12,-0.013322716048342785
2015-12-02,5.24,25.09,153.16,12,0.05316968388943277
2015-12-03,2.12,24.75,113.43,12,-0.5474809010709827
2015-12-04,0.0,26.25,107.45,12,-0.649843253901998
2015-12-05,0.0,28.41,107.35000000000001,12,-0.6515879983627861
2015-12-06,0.0,29.44,107.35000000000001,12,-0.6515879983627861
2015-12-07,0.01,30.47,107.36,12,-0.6514134734457797
2015-12-08,0.41,28.88,107.77000000000001,12,-0.6442675916467598
2015-12-09,1.19,27.46,108.96000000000001,12,-0.6236327568468059
2015-12-10,0.0,30.11,108.96000000000001,12,-0.6236327568468059
2015-12-11,0.31,29.05,109.19999999999999,12,-0.6194899630612501
2015-12-12,10.15,26.92,119.35,12,-0.4497360772996063
2015-12-13,0.06,26.87,119.41,12,-0.44876260873879725
2015-12-14,0.0,25.74,119.41,12,-0.44876260873879725
2015-12-15,0.0,25.43,119.41,12,-0.44876260873879725
2015-12-16,0.0,27.05,119.41,12,-0.44876260873879725
2015-12-17,51.29,28.13,170.7,12,0.2849248794109193
2015-12-18,1.2,26.14,171.9,12,0.3001894993344321
2015-12-19,0.0,27.68,171.0,12,0.2887476925653263
2015-12-20,0.07,28.86,170.37,12,0.2807146313469008
2015-12-21,0.0,29.14,170.25,12,0.27918229001969425
2015-12-22,0.0,28.92,170.25,12,0.27918229001969425
2015-12-23,0.0,28.71,170.25,12,0.27918229001969425
2015-12-24,0.14,29.7,170.39,12,0.28096995190749025
2015-12-25,0.16,28.87,170.54999999999998,12,0.28301180061818804
2015-12-26,1.3,27.46,171.85,12,0.2995548873553497
2015-12-27,0.28,26.81,172.13,12,0.3031071386025195
2015-12-28,1.36,27.78,173.49,12,0.3203066459418463
2015-12-29,0.56,29.31,174.05,12,0.3273628206565039
2015-12-30,0.03,27.76,174.07999999999998,12,0.3277404052038889
2015-12-31,0.0,27.76,174.07999999999998,12,0.3277404052038889
2016-01-01,0.49,30.59,174.57,1,-0.9637996378661088
2016-01-02,2.45,28.93,177.02,1,-0.9184373629442177
2016-01-03,0.01,28.33,177.03,1,-0.918253093081759
2016-01-04,0.0,29.14,177.03,1,-0.918253093081759
2016-01-05,0.0,29.22,177.03,1,-0.918253093081759
2016-01-06,0.0,31.16,177.03,1,-0.918253093081759
2016-01-07,0.0,33.61,177.02,1,-0.9184373629442177
2016-01-08,0.3,31.87,177.32,1,-0.9129123587760382
2016-01-09,3.08,28.97,180.4,1,-0.8565548435153859
2016-01-10,0.2,28.33,180.6,1,-0.8529180488088114
2016-01-11,0.86,27.58,181.46,1,-0.8373110666506683
2016-01-12,26.75,27.03,198.65,1,-0.5353933450369932
2016-01-13,30.88,25.71,229.52,1,-0.03482867323342845
2016-01-14,6.45,24.03,235.97000000000003,1,0.06396387172548947
2016-01-15,0.61,24.6,236.47,1,0.07154653026558418
2016-01-16,7.77,21.3,244.11,1,0.18610306747435887
2016-01-17,0.66,21.9,244.77,1,0.19588666287853157
2016-01-18,0.0,22.25,244.77,1,0.19588666287853157
2016-01-19,0.01,24.28,244.78,1,0.19603476413202892
2016-01-20,0.2,25.37,244.98000000000002,1,0.1989959444332821
2016-01-21,0.2,25.63,245.18,1,0.20195551722090171
2016-01-22,7.73,24.29,252.91,1,0.3151345807198313
2016-01-23,1.05,24.39,253.96,1,0.3303302264517573
2016-01-24,0.86,24.12,254.69,1,0.34087028270535213
2016-01-25,0.0,26.2,253.64999999999998,1,0.32584823486967013
2016-01-26,0.01,25.44,253.66,1,0.32599287192734494
2016-01-27,1.38,25.89,255.04,1,0.34591663162617775
2016-01-28,0.36,27.32,255.39999999999998,1,0.35110237494721186
2016-01-29,0.38,26.79,255.78,1,0.3565709617536258
2016-01-30,0.0,25.95,255.78,1,0.3565709617536258
2016-01-31,0.0,25.95,255.78,1,0.3565709617536258
2016-02-01,0.01,25.43,255.79,2,-0.18303173540028586
2016-02-02,0.0,26.81,255.79,2,-0.18303173540028586
2016-02-03,0.01,27.56,255.79999999999998,2,-0.18290499997093185
2016-02-04,1.14,28.35,256.94,2,-0.16847891706510235
2016-02-05,0.05,26.99,256.99,2,-0.16784717883232042
2016-02-06,0.0,27.39,256.99,2,-0.16784717883232042
2016-02-07,0.01,29.25,257.0,2,-0.1677208410883865
2016-02-08,25.81,28.1,282.81,2,0.1479638509784966
2016-02-09,1.07,25.42,283.88,2,0.16062792331999295
2016-02-10,11.82,24.0,295.7,2,0.29845788418262625
2016-02-11,0.05,25.52,295.75,2,0.2990330781555908
2016-02-12,0.0,27.13,295.75,2,0.2990330781555908
2016-02-13,0.0,27.48,295.75,2,0.2990330781555908
2016-02-14,0.01,28.0,295.74,2,0.2989180445229259
2016-02-15,0.0,26.69,284.27,2,0.16523589632185726
2016-02-16,1.22,28.56,259.86999999999995,2,-0.1315974240587289
2016-02-17,1.25,27.58,256.07,2,-0.1794844004540638
2016-02-18,0.08,28.04,246.68,2,-0.2998996491733511
2016-02-19,0.02,28.94,246.7,2,-0.2996399227757957
2016-02-20,0.0,29.87,246.7,2,-0.2996399227757957
2016-02-21,0.0,28.38,246.7,2,-0.2996399227757957
2016-02-22,0.0,27.93,246.7,2,-0.2996399227757957
2016-02-23,2.07,26.09,248.76999999999998,2,-0.27283457864461336
2016-02-24,1.12,25.45,249.89,2,-0.2583937706274416
2016-02-25,3.55,27.04,253.44,2,-0.21290733849129787
2016-02-26,1.5,24.46,219.58,2,-0.6657704366351379
2016-02-27,0.41,26.13,219.78,2,-0.6629610668532079
2016-02-28,1.38,23.7,221.16,2,-0.6436236489198919
2016-02-29,0.35,24.19,221.5,2,-0.6388719612770754
2016-03-01,0.12,25.69,216.38,3,-0.4696281588149103
2016-03-02,0.0,26.91,214.26,3,-0.4925757349911764
2016-03-03,0.02,26.57,214.28,3,-0.492358527144228
2016-03-04,0.01,26.18,214.29,3,-0.49224992840228815
2016-03-05,0.01,25.26,214.29999999999998,3,-0.4921413331143254
2016-03-06,0.0,26.23,214.29,3,-0.49224992840228815
2016-03-07,0.0,26.95,213.88,3,-0.4967053123539419
2016-03-08,33.97,23.34,246.66000000000003,3,-0.15736079315845874
2016-03-09,109.58,22.18,356.24,3,0.794951381710286
2016-03-10,8.01,23.04,363.94,3,0.8541085162834541
2016-03-11,0.66,22.13,354.45,3,0.7810799789919304
2016-03-12,3.64,21.51,358.03000000000003,3,0.8087773535924279
2016-03-13,1.16,21.43,359.19000000000005,3,0.8177131269774022
2016-03-14,0.86,22.77,360.05,3,0.824325778047082
2016-03-15,6.22,22.45,366.27000000000004,3,0.871848287606945
2016-03-16,9.53,22.18,324.51,3,0.541937003212147
2016-03-17,23.26,21.62,346.57,3,0.7194643346535513
2016-03-18,0.03,22.14,346.6,3,0.7197006405360552
2016-03-19,0.0,22.97,346.53000000000003,3,0.7191492393201075
2016-03-20,0.0,21.07,346.53000000000003,3,0.7191492393201075
2016-03-21,0.0,19.84,346.53000000000003,3,0.7191492393201075
2016-03-22,0.0,18.52,346.53000000000003,3,0.7191492393201075
2016-03-23,0.06,20.24,346.45,3,0.7185189772406502
2016-03-24,0.0,20.87,346.29,3,0.7172581672975926
2016-03-25,0.0,21.05,344.99,3,0.7069999245250161
2016-03-26,0.41,20.62,345.11999999999995,3,0.7080268862349627
2016-03-27,0.0,20.07,343.76,3,0.6972707239933177
2016-03-28,0.0,20.14,343.2,3,0.6928336168151097
2016-03-29,0.0,21.35,343.16999999999996,3,0.6925957808764611
2016-03-30,0.0,21.74,343.16999999999996,3,0.6925957808764611
2016-03-31,0.0,22.25,342.67999999999995,3,0.6887091980344954
2016-04-01,0.0,23.28,340.22999999999996,4,0.9573139077524889
2016-04-02,0.0,25.51,340.21999999999997,4,0.9572389402356165
2016-04-03,0.0,24.99,340.21999999999997,4,0.9572389402356165
2016-04-04,0.05,22.76,340.27,4,0.9576137635388834
2016-04-05,0.43,22.5,340.7,4,0.960835771312472
2016-04-06,2.16,22.01,342.86,4,0.9769810032923721
2016-04-07,1.01,17.65,343.57,4,0.9822736074271033
2016-04-08,2.48,16.01,342.97,4,0.9778014486264404
2016-04-09,0.18,16.83,342.95,4,0.9776522894265162
2016-04-10,0.0,18.6,342.09,4,0.9712331060908465
2016-04-11,0.0,20.33,315.34,4,0.7661006748820076
2016-04-12,0.0,21.8,284.46,4,0.5146380008202277
2016-04-13,0.0,21.76,278.01,4,0.4598757069694314
2016-04-14,0.0,21.96,277.4,4,0.454653469975126
2016-04-15,0.0,21.45,269.63,4,0.3874608673193529
2016-04-16,0.03,21.37,269.0,4,0.38195703812800563
2016-04-17,0.5,23.79,269.5,4,0.38632585332105
2016-04-18,0.73,22.27,270.22,4,0.3926075429033119
2016-04-19,0.0,22.88,270.02000000000004,4,0.39086374012208985
2016-04-20,0.0,23.14,269.82000000000005,4,0.38911908332182515
2016-04-21,0.23,20.92,262.32,4,0.3230672470139036
2016-04-22,0.0,21.43,261.27,4,0.31372059996772556
2016-04-23,0.0,21.03,260.40999999999997,4,0.30604668476570956
2016-04-24,0.0,21.93,260.40999999999997,4,0.30604668476570956
2016-04-25,0.02,22.22,260.42,4,0.30613601282072794
2016-04-26,0.02,23.56,259.06,4,0.29396645363103896
2016-04-27,0.29,21.1,258.99,4,0.2933389337510542
2016-04-28,0.0,21.64,258.61,4,0.289930432420645
2016-04-29,0.0,20.69,258.61,4,0.289930432420645
2016-04-30,0.0,18.85,258.61,4,0.289930432420645
2016-05-01,0.0,15.49,258.6,5,0.9210088376416301
2016-05-02,0.0,17.79,258.6,5,0.9210088376416301
2016-05-03,0.0,18.72,258.59000000000003,5,0.9209234791330825
2016-05-04,0.0,16.61,257.45000000000005,5,0.9111785779192385
2016-05-05,0.0,16.03,257.40000000000003,5,0.9107505314479027
2016-05-06,0.0,17.52,257.40000000000003,5,0.9107505314479027
2016-05-07,0.0,17.78,257.39000000000004,5,0.9106649156974179
2016-05-08,1.76,15.16,233.34,5,0.6981723738021315
2016-05-09,0.02,16.32,232.29,5,0.6885768102471831
2016-05-10,0.0,16.56,220.47,5,0.5785473997580971
2016-05-11,0.01,19.06,220.42999999999998,5,0.5781685685936264
2016-05-12,0.0,19.17,220.42999999999998,5,0.5781685685936264
2016-05-13,5.05,18.36,225.48,5,0.6256442834870455
2016-05-14,18.56,15.13,244.03,5,0.7943001855291962
2016-05-15,2.31,13.84,246.34,5,0.8147106677053805
2016-05-16,0.54,15.22,245.66,5,0.8087153498556222
2016-05-17,0.0,16.48,244.41,5,0.7976663564039607
2016-05-18,0.0,15.84,244.32999999999998,5,0.7969579716968516
2016-05-19,0.0,15.66,244.31,5,0.7967808519652467
2016-05-20,0.0,16.78,244.31,5,0.7967808519652467
2016-05-21,0.35,14.81,244.66,5,0.7998790877815567
2016-05-22,0.0,15.49,244.66,5,0.7998790877815567
2016-05-23,0.0,15.37,242.59,5,0.7815131549583817
2016-05-24,0.0,15.69,241.47,5,0.7715335178511838
2016-05-25,0.0,15.3,237.92,5,0.7397011456818221
2016-05-26,0.16,13.18,236.57999999999998,5,0.727605145230841
2016-05-27,0.0,13.29,236.17,5,0.7238952123738942
2016-05-28,0.0,14.62,234.79,5,0.7113771828420962
2016-05-29,0.0,14.03,234.44,5,0.7081946965664511
2016-05-30,0.0,14.75,234.32,5,0.7071028450509282
2016-05-31,0.0,15.08,234.32,5,0.7071028450509282
2016-06-01,0.0,15.85,234.29999999999998,6,1.6510448606942751
2016-06-02,0.0,14.07,234.29,6,1.6509541308324878
2016-06-03,0.0,15.08,234.28,6,1.65086339855363
2016-06-04,0.0,15.73,234.28,6,1.65086339855363
2016-06-05,0.0,14.49,234.28,6,1.65086339855363
2016-06-06,0.0,12.71,200.31,6,1.3274143913804928
2016-06-07,0.0,13.0,90.73,6,-0.05807382579839138
2016-06-08,0.0,13.71,82.72,6,-0.19700580807349627
2016-06-09,0.0,14.11,82.06,6,-0.20885547815877353
2016-06-10,0.0,15.31,78.42,6,-0.27540723862114197
2016-06-11,0.0,13.9,77.26,6,-0.2970601075758356
2016-06-12,0.29,10.82,76.69,6,-0.3077817428829585
2016-06-13,11.65,9.92,82.12,6,-0.20777555119724692
2016-06-14,0.0,11.25,72.59,6,-0.38656574612442285
2016-06-15,0.0,13.09,49.33,6,-0.9049210731774602
2016-06-16,0.0,13.11,49.3,6,-0.9056917419122736
2016-06-17,0.0,12.7,49.3,6,-0.9056917419122736
2016-06-18,0.02,12.73,49.32,6,-0.9051779256165153
2016-06-19,0.0,14.68,49.32,6,-0.9051779256165153
2016-06-20,0.0,13.8,49.32,6,-0.9051779256165153
2016-06-21,0.0,12.21,49.26,6,-0.9067198205530591
2016-06-22,0.21,12.03,49.47,6,-0.9013290306255861
2016-06-23,0.05,12.31,49.519999999999996,6,-0.9000479145125979
2016-06-24,0.0,13.74,49.11,6,-0.9105804258240182
2016-06-25,0.0,12.91,49.11,6,-0.9105804258240182
2016-06-26,0.0,13.23,49.11,6,-0.9105804258240182
2016-06-27,0.0,12.62,49.11,6,-0.9105804258240182
2016-06-28,0.0,12.13,49.11,6,-0.9105804258240182
2016-06-29,0.0,11.96,49.11,6,-0.9105804258240182
2016-06-30,0.0,12.98,49.11,6,-0.9105804258240182
2016-07-01,0.0,13.65,49.11,7,0.34321079765900864
2016-07-02,0.0,11.05,49.11,7,0.34321079765900864
2016-07-03,0.0,10.39,49.059999999999995,7,0.3421490856254288
2016-07-04,0.0,11.67,48.629999999999995,7,0.33298835083502787
2016-07-05,0.0,10.69,46.47,7,0.2861315071570748
2016-07-06,0.0,13.06,45.459999999999994,7,0.2637188098281627
2016-07-07,0.0,12.06,42.98,7,0.20722424217202834
2016-07-08,0.0,11.99,42.8,7,0.20303896855856726
2016-07-09,0.0,13.54,42.8,7,0.20303896855856726
2016-07-10,0.0,11.22,42.8,7,0.20303896855856726
2016-07-11,0.0,12.1,42.8,7,0.20303896855856726
2016-07-12,0.0,13.06,42.8,7,0.20303896855856726
2016-07-13,0.0,11.87,42.8,7,0.20303896855856726
2016-07-14,0.0,11.38,42.8,7,0.20303896855856726
2016-07-15,0.0,13.35,42.769999999999996,7,0.20234026529253038
2016-07-16,0.0,14.35,42.269999999999996,7,0.1906460356512953
2016-07-17,0.0,12.59,41.54,7,0.1734028852038737
2016-07-18,0.0,13.7,41.54,7,0.1734028852038737
2016-07-19,0.0,14.49,41.54,7,0.1734028852038737
2016-07-20,0.0,14.46,41.309999999999995,7,0.16792754899161935
2016-07-21,0.0,14.92,41.309999999999995,7,0.16792754899161935
2016-07-22,0.0,14.98,41.309999999999995,7,0.16792754899161935
2016-07-23,0.0,11.87,41.309999999999995,7,0.16792754899161935
2016-07-24,0.0,12.56,41.29,7,0.16745045552205448
2016-07-25,3.97,12.71,45.239999999999995,7,0.2587924911389522
2016-07-26,0.01,8.8,44.96,7,0.25249923758582166
2016-07-27,0.0,6.9,44.96,7,0.25249923758582166
2016-07-28,0.0,9.24,44.96,7,0.25249923758582166
2016-07-29,0.0,11.31,44.96,7,0.25249923758582166
2016-07-30,0.0,12.4,44.96,7,0.25249923758582166
2016-07-31,0.0,13.02,44.96,7,0.25249923758582166
2016-08-01,0.0,11.04,44.96,8,1.2375776080013274
2016-08-02,0.0,11.92,44.96,8,1.2375776080013274
2016-08-03,0.0,11.34,44.96,8,1.2375776080013274
2016-08-04,0.0,9.94,44.96,8,1.2375776080013274
2016-08-05,0.0,12.92,44.96,8,1.2375776080013274
2016-08-06,0.0,15.76,43.2,8,1.1930765667531167
2016-08-07,0.0,17.66,43.18,8,1.1925644605110581
2016-08-08,0.0,17.6,43.18,8,1.1925644605110581
2016-08-09,0.0,13.75,43.17,8,1.1923083520763282
2016-08-10,0.0,16.15,43.17,8,1.1923083520763282
2016-08-11,0.0,16.1,38.12,8,1.0579171506439802
2016-08-12,0.0,14.73,19.560000000000002,8,0.4314266332577115
2016-08-13,0.0,15.21,17.250000000000004,8,0.32857522869838757
2016-08-14,0.0,17.55,16.71,8,0.3032029753483852
2016-08-15,0.0,17.77,16.71,8,0.3032029753483852
2016-08-16,0.0,16.63,16.71,8,0.3032029753483852
2016-08-17,0.0,15.86,16.71,8,0.3032029753483852
2016-08-18,0.0,15.29,16.71,8,0.3032029753483852
2016-08-19,0.0,17.82,16.360000000000003,8,0.2864587313155734
2016-08-20,0.0,19.78,16.360000000000003,8,0.2864587313155734
2016-08-21,0.0,19.51,16.360000000000003,8,0.2864587313155734
2016-08-22,0.0,15.26,16.360000000000003,8,0.2864587313155734
2016-08-23,0.0,13.06,16.360000000000003,8,0.2864587313155734
2016-08-24,0.0,14.8,16.200000000000003,8,0.2787228528332364
2016-08-25,0.0,17.7,16.200000000000003,8,0.2787228528332364
2016-08-26,0.0,19.27,16.200000000000003,8,0.2787228528332364
2016-08-27,0.0,16.64,16.200000000000003,8,0.2787228528332364
2016-08-28,0.0,16.76,16.200000000000003,8,0.2787228528332364
2016-08-29,0.0,18.22,16.200000000000003,8,0.2787228528332364
2016-08-30,0.0,18.96,16.200000000000003,8,0.2787228528332364
2016-08-31,0.0,18.6,16.200000000000003,8,0.2787228528332364
2016-09-01,0.0,17.74,16.200000000000003,9,0.6197443257010676
2016-09-02,0.0,18.69,16.200000000000003,9,0.6197443257010676
2016-09-03,0.0,20.39,16.200000000000003,9,0.6197443257010676
2016-09-04,0.0,20.26,16.200000000000003,9,0.6197443257010676
2016-09-05,0.0,20.56,16.200000000000003,9,0.6197443257010676
2016-09-06,0.0,21.54,16.200000000000003,9,0.6197443257010676
2016-09-07,0.0,23.4,16.200000000000003,9,0.6197443257010676
2016-09-08,0.0,24.84,16.200000000000003,9,0.6197443257010676
2016-09-09,0.0,23.59,16.200000000000003,9,0.6197443257010676
2016-09-10,0.0,23.69,15.91,9,0.6061944240364996
2016-09-11,0.14,21.15,4.4,9,-0.18019953484976495
2016-09-12,0.0,22.16,4.4,9,-0.18019953484976495
2016-09-13,0.0,22.96,4.4,9,-0.18019953484976495
2016-09-14,0.1,21.58,4.5,9,-0.16890291258624995
2016-09-15,0.0,23.21,4.5,9,-0.16890291258624995
2016-09-16,0.0,22.25,4.48,9,-0.17114767226722288
2016-09-17,0.0,16.87,4.48,9,-0.17114767226722288
2016-09-18,0.02,16.6,4.500000000000001,9,-0.16890291258624995
2016-09-19,0.53,17.48,5.03,9,-0.11186588546108416
2016-09-20,0.0,19.35,4.82,9,-0.13392473458212992
2016-09-21,0.0,21.73,4.77,9,-0.1392779358097301
2016-09-22,0.0,24.1,4.77,9,-0.1392779358097301
2016-09-23,0.0,22.71,4.77,9,-0.1392779358097301
2016-09-24,0.0,21.96,4.77,9,-0.1392779358097301
2016-09-25,0.0,22.8,4.77,9,-0.1392779358097301
2016-09-26,0.24,23.42,5.01,9,-0.11393802428358792
2016-09-27,0.0,21.77,5.01,9,-0.11393802428358792
2016-09-28,0.01,20.27,5.02,9,-0.11290121742449437
2016-09-29,0.0,20.43,5.02,9,-0.11290121742449437
2016-09-30,0.0,22.33,5.02,9,-0.11290121742449437
2016-10-01,0.0,23.28,5.02,10,-0.897668602967953
2016-10-02,0.0,20.41,5.02,10,-0.897668602967953
2016-10-03,0.0,16.94,5.02,10,-0.897668602967953
2016-10-04,0.0,17.85,5.02,10,-0.897668602967953
2016-10-05,0.0,20.8,5.02,10,-0.897668602967953
2016-10-06,0.0,25.16,5.02,10,-0.897668602967953
2016-10-07,0.0,25.84,5.02,10,-0.897668602967953
2016-10-08,0.08,25.11,5.1,10,-0.8888644955141588
2016-10-09,0.23,22.07,5.33,10,-0.8641091161441418
2016-10-10,0.0,21.23,5.33,10,-0.8641091161441418
2016-10-11,0.0,25.16,5.33,10,-0.8641091161441418
2016-10-12,0.0,26.71,5.33,10,-0.8641091161441418
2016-10-13,0.0,25.57,5.33,10,-0.8641091161441418
2016-10-14,0.0,25.31,5.33,10,-0.8641091161441418
2016-10-15,0.01,25.26,5.34,10,-0.8630508558413611
2016-10-16,0.0,27.89,5.34,10,-0.8630508558413611
2016-10-17,0.0,25.57,5.34,10,-0.8630508558413611
2016-10-18,3.33,22.95,8.67,10,-0.5709768195709972
2016-10-19,2.95,21.22,11.620000000000001,10,-0.37473172581716163
2016-10-20,7.97,20.89,19.59,10,0.01975024190241809
2016-10-21,12.68,23.74,32.269999999999996,10,0.462234502831164
2016-10-22,0.0,25.53,32.269999999999996,10,0.462234502831164
2016-10-23,0.0,25.61,28.3,10,0.3387133846056625
2016-10-24,0.0,24.51,28.29,10,0.3383881457343661
2016-10-25,0.0,24.69,28.29,10,0.3383881457343661
2016-10-26,0.0,25.73,28.29,10,0.3383881457343661
2016-10-27,0.0,27.46,28.29,10,0.3383881457343661
2016-10-28,0.0,28.88,28.29,10,0.3383881457343661
2016-10-29,0.0,28.75,28.29,10,0.3383881457343661
2016-10-30,0.0,29.87,28.29,10,0.3383881457343661
2016-10-31,0.0,30.56,28.29,10,0.3383881457343661
2016-11-01,0.0,29.75,28.29,11,-1.2102441081939277
2016-11-02,0.0,29.01,28.29,11,-1.2102441081939277
2016-11-03,11.12,26.02,39.41,11,-0.8124249397075717
2016-11-04,0.08,26.87,39.489999999999995,11,-0.8098745585099442
2016-11-05,1.24,25.78,40.73,11,-0.7708043807087803
2016-11-06,0.12,26.06,40.85,11,-0.7670683597043294
2016-11-07,2.04,25.75,42.89,11,-0.7047115397982366
2016-11-08,0.22,25.6,43.11,11,-0.6981128274275396
2016-11-09,0.6,26.27,43.71,11,-0.6802361493120083
2016-11-10,1.9,27.89,45.61,11,-0.6247416166131965
2016-11-11,5.28,24.66,50.89,11,-0.4785796199587518
2016-11-12,1.16,25.25,52.05,11,-0.44789928462780704
2016-11-13,0.0,24.64,52.05,11,-0.44789928462780704
2016-11-14,0.04,25.27,52.089999999999996,11,-0.4468498471314821
2016-11-15,5.91,23.23,58.0,11,-0.2975578507486137
2016-11-16,0.66,23.35,58.66,11,-0.2815476270667367
2016-11-17,0.01,26.69,58.67,11,-0.28130600202386524
2016-11-18,0.0,26.21,58.67,11,-0.28130600202386524
2016-11-19,1.41,23.45,60.08,11,-0.24751611104811605
2016-11-20,0.24,24.73,60.32,11,-0.2418189659917576
2016-11-21,3.83,23.39,64.15,11,-0.15293031005861005
2016-11-22,0.18,25.43,64.33,11,-0.1488429840575185
2016-11-23,3.58,23.55,67.91,11,-0.06911952160829768
2016-11-24,9.89,22.15,77.8,11,0.13728177487959856
2016-11-25,2.09,22.62,79.89,11,0.1786079922472614
2016-11-26,1.84,23.86,81.73,11,0.21439641286330535
2016-11-27,0.35,23.41,82.08,11,0.22114291915043882
2016-11-28,0.0,25.49,82.08,11,0.22114291915043882
2016-11-29,0.0,28.05,82.08,11,0.22114291915043882
2016-11-30,0.0,29.63,82.08,11,0.22114291915043882
2016-12-01,0.0,30.82,82.08,12,-1.1344516959683395
2016-12-02,0.0,29.08,82.08,12,-1.1344516959683395
2016-12-03,0.0,28.26,82.08,12,-1.1344516959683395
2016-12-04,2.22,29.6,84.3,12,-1.088161389190403
2016-12-05,8.35,24.64,92.65,12,-0.9213603555292442
2016-12-06,0.52,25.16,93.17,12,-0.9113270361097137
2016-12-07,0.07,23.01,93.24,12,-0.9099793866188592
2016-12-08,0.0,25.68,93.24,12,-0.9099793866188592
2016-12-09,0.01,25.1,93.25,12,-0.9097869229527563
2016-12-10,0.0,28.77,93.11,12,-0.9124827272215528
2016-12-11,0.29,25.12,93.4,12,-0.9069016961216118
2016-12-12,2.98,23.88,96.38,12,-0.8502403758542982
2016-12-13,0.46,24.55,96.74000000000001,12,-0.8434784430719806
2016-12-14,2.59,23.6,99.33000000000001,12,-0.7953389685298872
2016-12-15,5.64,22.27,104.97,12,-0.6934483418679226
2016-12-16,0.56,25.62,105.53,12,-0.6835403081565458
2016-12-17,2.0,26.58,107.50999999999999,12,-0.648796945137803
2016-12-18,4.51,25.9,111.49,12,-0.5802727547543608
2016-12-19,0.03,27.21,111.52,12,-0.579762688601514
2016-12-20,0.03,28.82,111.55,12,-0.5792527168528766
2016-12-21,3.12,29.6,114.66999999999999,12,-0.5267225887841959
2016-12-22,0.01,29.88,114.67999999999999,12,-0.5265558110460156
2016-12-23,0.02,30.44,114.69999999999999,12,-0.5262222855167209
2016-12-24,0.23,27.88,114.92999999999999,12,-0.5223896080227814
2016-12-25,18.8,22.53,133.49,12,-0.22898180048917655
2016-12-26,4.79,19.99,138.28,12,-0.1578168488901883
2016-12-27,21.22,22.45,159.49,12,0.1387560967007236
2016-12-28,5.18,24.57,164.67000000000002,12,0.20712126273737272
2016-12-29,0.06,25.17,164.73000000000002,12,0.20790468422634492
2016-12-30,5.6,23.0,170.33,12,0.2802039305329794
2016-12-31,1.05,23.74,171.38,12,0.2935835391674207
2017-01-01,0.01,25.66,171.39000000000001,1,-1.0233324657324059
2017-01-02,0.1,26.64,171.49,1,-1.0214488926639476
2017-01-03,2.27,26.31,173.76,1,-0.9788927118665997
2017-01-04,7.02,23.75,180.78,1,-0.8496472824193302
2017-01-05,1.1,24.15,181.88,1,-0.8297073840816938
2017-01-06,11.34,24.24,193.14,1,-0.6301663625906757
2017-01-07,46.78,21.66,239.69,1,0.1201244970127169
2017-01-08,21.85,21.54,261.54,1,0.4388121423962345
2017-01-09,2.24,21.25,263.78000000000003,1,0.4704710688026504
2017-01-10,1.32,22.1,265.1,1,0.48904406949368934
2017-01-11,3.45,22.58,268.55,1,0.5373003892708332
2017-01-12,1.38,23.63,269.93,1,0.5564883205031027
2017-01-13,2.69,23.74,272.61,1,0.5935677805836876
2017-01-14,2.31,23.27,274.92,1,0.6253357130803783
2017-01-15,0.67,23.52,275.59000000000003,1,0.6345168706570997
2017-01-16,1.28,25.45,273.53999999999996,1,0.6063787192418376
2017-01-17,0.6,22.26,271.19,1,0.5739512955013081
2017-01-18,1.19,21.49,264.41,1,0.4793430988922046
2017-01-19,0.0,23.18,251.73000000000002,1,0.2980075432821053
2017-01-20,0.03,26.0,251.76000000000002,1,0.2984436356573641
2017-01-21,7.46,25.73,259.22,1,0.40583288311931215
2017-01-22,9.0,23.11,268.22,1,0.5327023346977229
2017-01-23,4.07,22.86,272.29,1,0.5891530550405695
2017-01-24,6.58,24.21,278.87,1,0.6792526263171337
2017-01-25,5.64,23.33,284.51,1,0.7553738975397968
2017-01-26,26.81,23.65,311.32,1,1.104298879241317
2017-01-27,25.92,20.68,337.24,1,1.4234700840968033
2017-01-28,0.32,22.34,337.56,1,1.427309251930471
2017-01-29,0.0,22.16,337.56,1,1.427309251930471
2017-01-30,1.38,20.48,338.94,1,1.4438387278321558
2017-01-31,15.44,21.5,354.38,1,1.6258799239250468
2017-02-01,4.73,21.11,347.99,2,0.8679798285695309
2017-02-02,1.25,23.22,349.16,2,0.8800573526479513
2017-02-03,26.51,22.52,374.43,2,1.1347021914956288
2017-02-04,5.85,21.51,380.16,2,1.1908749143734771
2017-02-05,12.39,22.53,390.51,2,1.2909610398021036
2017-02-06,17.0,21.82,407.29,2,1.4496369712281607
2017-02-07,13.23,22.53,419.92,2,1.5663042124372282
2017-02-08,1.34,22.98,419.36,2,1.5611796202926347
2017-02-09,1.0,24.56,415.08,2,1.5218666612871774
2017-02-10,3.21,22.25,417.13,2,1.540728906240365
2017-02-11,0.97,22.51,418.1,2,1.5496331450554683
2017-02-12,2.36,23.6,420.42,2,1.5708760220894706
2017-02-13,3.52,24.3,418.03000000000003,2,1.5489910171289156
2017-02-14,5.18,24.04,422.55,2,1.5903127935332484
2017-02-15,22.01,22.7,444.55,2,1.7874796670586985
2017-02-16,3.65,23.25,448.20000000000005,2,1.819581456538727
2017-02-17,4.34,22.62,451.13,2,1.8452298434625376
2017-02-18,11.23,21.15,462.12,2,1.9404942754650645
2017-02-19,8.86,21.98,467.15,2,1.9836128142721896
2017-02-20,39.07,21.88,506.03999999999996,2,2.3074087168466804
2017-02-21,39.05,21.8,541.51,2,2.5892286367305974
2017-02-22,0.9,20.3,532.52,2,2.5189318233092988
2017-02-23,21.05,19.58,551.48,2,2.666332979183319
2017-02-24,15.13,19.33,564.77,2,2.767760148728605
2017-02-25,7.15,20.99,571.57,2,2.8190769407615894
2017-02-26,0.14,22.51,571.71,2,2.82012942348755
2017-02-27,0.81,20.59,572.5200000000001,2,2.8262156133375385
2017-02-28,0.09,19.91,572.61,2,2.8268915228430993
2017-03-01,0.07,21.45,572.6800000000001,3,2.2203563193490132
2017-03-02,1.31,22.79,573.99,3,2.227830571611311
2017-03-03,4.69,22.68,578.6800000000001,3,2.2545021640263943
2017-03-04,5.8,22.55,582.26,3,2.274770229882469
2017-03-05,3.12,23.77,577.03,3,2.2451342751539745
2017-03-06,0.49,22.32,577.0,3,2.244963794551287
2017-03-07,1.9,21.78,578.8299999999999,3,2.255352959553232
2017-03-08,0.78,21.76,579.61,3,2.2597748700519547
2017-03-09,0.28,20.74,579.88,3,2.2613046623478796
2017-03-10,0.42,18.83,580.3,3,2.2636834521930504
2017-03-11,0.25,17.52,580.26,3,2.2634569472757704
2017-03-12,0.02,20.12,577.3,3,2.2466683505677443
2017-03-13,0.0,21.25,576.8399999999999,3,2.244054470796582
2017-03-14,0.0,21.48,574.25,3,2.2293127380031916
2017-03-15,0.23,22.7,568.84,3,2.198385055120341
2017-03-16,0.06,22.83,568.34,3,2.1955173711225573
2017-03-17,0.39,21.67,566.73,3,2.1862726531400787
2017-03-18,0.1,23.0,562.32,3,2.160865399622196
2017-03-19,0.2,20.31,562.49,3,2.1618471326074644
2017-03-20,1.0,19.39,563.46,3,2.167445222187689
2017-03-21,0.04,20.14,560.38,3,2.1496488619024356
2017-03-22,0.01,20.88,560.38,3,2.1496488619024356
2017-03-23,0.02,22.13,560.38,3,2.1496488619024356
2017-03-24,0.46,22.3,560.6099999999999,3,2.150979931381307
2017-03-25,0.0,20.4,541.81,3,2.041024651814979
2017-03-26,0.09,18.92,537.11,3,2.0131615378907064
2017-03-27,0.01,20.4,515.9,3,1.8854690186330523
2017-03-28,0.0,22.32,510.71999999999997,3,1.8537809406535792
2017-03-29,0.0,23.54,510.65999999999997,3,1.85341270768022
2017-03-30,0.0,21.4,505.06,3,1.8189229021480218
2017-03-31,0.0,22.64,504.01,3,1.8124291176916982
2017-04-01,0.0,24.0,504.0,4,2.033729601137391
2017-04-02,0.0,23.28,503.9,4,2.033146027672918
2017-04-03,0.0,23.1,501.63,4,2.019879324446035
2017-04-04,0.49,23.29,495.09999999999997,4,1.9815043052249517
2017-04-05,0.53,22.36,494.53000000000003,4,1.9781395279815763
2017-04-06,0.3,23.23,483.49,4,1.912482548519417
2017-04-07,6.49,20.7,443.2,4,1.664512097354836
2017-04-08,2.16,20.55,423.51,4,1.5381128919017826
2017-04-09,0.35,20.92,421.62,4,1.5257852095120912
2017-04-10,1.14,21.3,421.44,4,1.5246093116428188
2017-04-11,8.68,19.98,426.67,4,1.5586463087173144
2017-04-12,2.44,20.5,427.73,4,1.565512430701383
2017-04-13,6.74,19.06,431.78000000000003,4,1.5916470480467106
2017-04-14,0.6,20.46,430.07,4,1.5806315152895531
2017-04-15,0.4,19.7,429.8,4,1.578889678069895
2017-04-16,0.43,17.29,428.95,4,1.573401571611436
2017-04-17,0.01,18.55,428.36,4,1.569588114813667
2017-04-18,0.01,18.65,427.18,4,1.5619511723782433
2017-04-19,0.0,18.49,427.18,4,1.5619511723782433
2017-04-20,0.0,17.48,427.15000000000003,4,1.561756838102205
2017-04-21,0.0,17.54,419.69,4,1.5131602702102063
2017-04-22,0.28,17.67,410.96999999999997,4,1.4556532205463233
2017-04-23,1.35,17.69,408.25,4,1.4375562313372012
2017-04-24,1.0,16.09,402.67,4,1.4001884240119358
2017-04-25,1.2,15.33,398.23,4,1.370217838296053
2017-04-26,0.03,14.91,371.45,4,1.184747160845294
2017-04-27,0.0,15.85,345.53,4,0.9968475108573289
2017-04-28,0.0,16.87,345.21,4,0.9944717605242264
2017-04-29,0.0,16.06,345.21,4,0.9944717605242264
2017-04-30,0.06,16.02,343.89,4,0.9846566908152301
2017-05-01,0.17,16.48,328.62,5,1.4732537559138812
2017-05-02,0.08,16.67,323.96999999999997,5,1.439053918941662
2017-05-03,0.01,17.28,322.73,5,1.429881433449725
2017-05-04,0.0,17.9,296.22,5,1.2281696818331704
2017-05-05,0.0,18.74,290.37,5,1.1821197585027106
2017-05-06,0.0,19.46,277.98,5,1.0825872008536335
2017-05-07,0.0,19.38,260.98,5,0.9412637606563814
2017-05-08,0.37,18.66,248.12,5,0.830353574238957
2017-05-09,0.09,17.61,246.87,5,0.8193760390410408
2017-05-10,0.07,17.28,245.94,5,0.8111853140859078
2017-05-11,0.0,17.58,242.73,5,0.7827585008941335
2017-05-12,0.27,17.8,242.03,5,0.7765270914820727
2017-05-13,0.18,13.77,239.85,5,0.7570452561857937
2017-05-14,0.22,11.32,236.55,5,0.7273338288945264
2017-05-15,0.0,15.0,231.37,5,0.6801459691606431
2017-05-16,0.0,15.17,209.36,5,0.47154229476920534
2017-05-17,0.0,14.2,205.71,5,0.43557382878230644
2017-05-18,0.0,15.16,201.37,5,0.392253616454424
2017-05-19,0.0,14.71,190.14000000000001,5,0.2772156710505516
2017-05-20,0.0,15.99,181.28,5,0.18322959912579265
2017-05-21,0.0,15.81,142.21,5,-0.2726501308000285
2017-05-22,0.0,15.57,103.16,5,-0.8239942153231155
2017-05-23,0.0,15.4,102.25999999999999,5,-0.8382956303856245
2017-05-24,0.0,16.09,81.21,5,-1.2014518026131142
2017-05-25,0.0,16.86,66.08,5,-1.5065415403617504
2017-05-26,0.0,18.27,58.92999999999999,5,-1.6686275040040575
2017-05-27,0.0,16.72,58.79,5,-1.6719411000379245
2017-05-28,0.0,12.6,57.98,5,-1.6912268227087885
2017-05-29,0.0,12.9,57.88999999999999,5,-1.693381831876395
2017-05-30,0.0,12.08,57.81999999999999,5,-1.6950596472291344
2017-05-31,0.0,14.18,56.51,5,-1.726736961478442
2017-06-01,0.0,14.17,51.81999999999999,6,-0.8420866609670243
2017-06-02,0.0,14.59,46.019999999999996,6,-0.9920522892289926
2017-06-03,0.0,15.09,42.9,6,-1.0783985434921826
2017-06-04,0.0,15.65,42.41,6,-1.0923665974213619
2017-06-05,0.0,15.31,40.51,6,-1.1476573279706137
2017-06-06,0.0,13.43,39.73,6,-1.1708998100368668
2017-06-07,0.02,15.39,39.47,6,-1.1787208149094888
2017-06-08,0.0,11.15,39.05,6,-1.1914341236851624
2017-06-09,0.0,9.23,38.8,6,-1.1990487914101506
2017-06-10,0.0,11.57,38.78,6,-1.1996595034676112
2017-06-11,0.0,14.04,38.78,6,-1.1996595034676112
2017-06-12,0.0,15.59,38.78,6,-1.1996595034676112
2017-06-13,0.0,17.1,38.55,6,-1.20669920334685
2017-06-14,0.0,16.57,38.49,6,-1.2085406674097767
2017-06-15,0.0,16.68,38.1,6,-1.2205613646481663
2017-06-16,0.0,15.31,38.0,6,-1.2236580086503204
2017-06-17,0.0,15.34,37.8,6,-1.2298691397440202
2017-06-18,0.0,15.47,36.8,6,-1.261289178125398
2017-06-19,0.0,14.63,36.76,6,-1.2625588666800074
2017-06-20,0.0,15.71,36.75,6,-1.2628764463690731
2017-06-21,0.0,15.95,36.73,6,-1.2635117950247463
2017-06-22,0.0,14.83,36.269999999999996,6,-1.2781950331170706
2017-06-23,0.0,13.5,36.269999999999996,6,-1.2781950331170706
2017-06-24,0.01,11.74,36.19,6,-1.2807625059565155
2017-06-25,0.0,12.92,36.18,6,-1.2810837315831745
2017-06-26,0.03,13.37,36.21,6,-1.2801202492451327
2017-06-27,0.01,14.0,36.22,6,-1.2797992180956408
2017-06-28,0.0,13.62,36.22,6,-1.2797992180956408
2017-06-29,0.0,13.27,36.22,6,-1.2797992180956408
2017-06-30,0.01,14.15,36.230000000000004,6,-1.2794782517071441
2017-07-01,0.0,16.75,36.230000000000004,7,0.04130486871108103
2017-07-02,0.0,16.57,36.230000000000004,7,0.04130486871108103
2017-07-03,0.0,17.2,35.74,7,0.02846218249396217
2017-07-04,0.0,14.84,35.21,7,0.014434002374026889
2017-07-05,0.0,15.01,34.910000000000004,7,0.006428965011769678
2017-07-06,0.0,15.04,28.419999999999998,7,-0.1798019435244931
2017-07-07,0.08,13.38,26.34,7,-0.24575640767985385
2017-07-08,0.54,14.37,26.529999999999998,7,-0.23958246929010346
2017-07-09,0.0,15.48,25.389999999999997,7,-0.2771076801553546
2017-07-10,0.0,17.12,16.71,7,-0.612036970228981
2017-07-11,0.0,16.98,14.27,7,-0.7288448390591463
2017-07-12,0.0,16.54,7.53,7,-1.1577104784865742
2017-07-13,0.0,16.61,6.930000000000001,7,-1.2088825433663035
2017-07-14,0.0,16.49,6.53,7,-1.244954470025684
2017-07-15,0.0,14.93,6.1000000000000005,7,-1.2857201972590537
2017-07-16,0.0,13.43,6.09,7,-1.2866947942237061
2017-07-17,0.0,10.72,6.08,7,-1.2876706529870545
2017-07-18,0.0,12.33,6.08,7,-1.2876706529870545
2017-07-19,0.0,14.29,6.08,7,-1.2876706529870545
2017-07-20,0.0,13.94,6.08,7,-1.2876706529870545
2017-07-21,0.0,13.09,5.8,7,-1.315523100966276
2017-07-22,0.0,14.17,4.45,7,-1.4671078877853012
2017-07-23,0.0,14.73,3.45,7,-1.6054439381324912
2017-07-24,0.0,12.57,2.25,7,-1.8236769802820376
2017-07-25,0.0,13.92,2.2199999999999998,7,-1.8302702301981506
2017-07-26,0.0,15.63,2.2199999999999998,7,-1.8302702301981506
2017-07-27,0.0,13.43,2.2199999999999998,7,-1.8302702301981506
2017-07-28,0.0,13.99,2.2199999999999998,7,-1.8302702301981506
2017-07-29,0.0,13.3,2.16,7,-1.8436821963129968
2017-07-30,0.0,15.2,1.99,7,-1.8834448592369315
2017-07-31,0.0,13.98,1.91,7,-1.9031469246062052
2017-08-01,0.0,14.46,1.9,8,-0.9922620418311398
2017-08-02,0.01,16.0,1.91,8,-0.9898676777133638
2017-08-03,0.0,16.4,1.91,8,-0.9898676777133638
2017-08-04,0.0,15.68,1.91,8,-0.9898676777133638
2017-08-05,0.0,17.01,1.91,8,-0.9898676777133638
2017-08-06,0.0,15.31,1.54,8,-1.086105975946366
2017-08-07,0.0,16.08,1.45,8,-1.1123234469602785
2017-08-08,0.0,15.82,1.38,8,-1.1336475378118904
2017-08-09,0.0,16.06,1.38,8,-1.1336475378118904
2017-08-10,0.0,15.84,1.1099999999999999,8,-1.225243400726563
2017-08-11,0.0,17.42,0.9299999999999999,8,-1.2971504200500634
2017-08-12,0.0,18.05,0.71,8,-1.4028488795123513
2017-08-13,0.0,18.84,0.71,8,-1.4028488795123513
2017-08-14,0.0,18.32,0.71,8,-1.4028488795123513
2017-08-15,0.0,17.75,0.71,8,-1.4028488795123513
2017-08-16,0.0,17.54,0.71,8,-1.4028488795123513
2017-08-17,0.0,9.84,0.71,8,-1.4028488795123513
2017-08-18,0.0,10.31,0.71,8,-1.4028488795123513
2017-08-19,0.0,11.61,0.71,8,-1.4028488795123513
2017-08-20,0.0,12.01,0.71,8,-1.4028488795123513
2017-08-21,0.0,14.32,0.71,8,-1.4028488795123513
2017-08-22,0.0,16.85,0.71,8,-1.4028488795123513
2017-08-23,0.0,12.77,0.71,8,-1.4028488795123513
2017-08-24,0.0,14.49,0.71,8,-1.4028488795123513
2017-08-25,0.0,15.53,0.71,8,-1.4028488795123513
2017-08-26,0.0,14.73,0.71,8,-1.4028488795123513
2017-08-27,0.0,17.41,0.71,8,-1.4028488795123513
2017-08-28,0.0,18.56,0.71,8,-1.4028488795123513
2017-08-29,0.0,19.0,0.71,8,-1.4028488795123513
2017-08-30,0.0,20.0,0.71,8,-1.4028488795123513
2017-08-31,0.0,21.81,0.71,8,-1.4028488795123513
2017-09-01,0.0,19.04,0.71,9,-0.9086109791887936
2017-09-02,0.0,15.88,0.71,9,-0.9086109791887936
2017-09-03,0.0,17.33,0.71,9,-0.9086109791887936
2017-09-04,0.0,15.94,0.71,9,-0.9086109791887936
2017-09-05,0.0,16.43,0.69,9,-0.9176416359794418
2017-09-06,0.0,20.39,0.69,9,-0.9176416359794418
2017-09-07,0.0,23.4,0.69,9,-0.9176416359794418
2017-09-08,0.0,24.17,0.69,9,-0.9176416359794418
2017-09-09,0.0,23.66,0.69,9,-0.9176416359794418
2017-09-10,0.0,23.23,0.69,9,-0.9176416359794418
2017-09-11,0.0,24.48,0.69,9,-0.9176416359794418
2017-09-12,0.0,22.38,0.69,9,-0.9176416359794418
2017-09-13,0.0,21.83,0.69,9,-0.9176416359794418
2017-09-14,0.0,23.78,0.69,9,-0.9176416359794418
2017-09-15,0.0,22.39,0.69,9,-0.9176416359794418
2017-09-16,0.0,23.3,0.69,9,-0.9176416359794418
2017-09-17,0.0,23.15,0.69,9,-0.9176416359794418
2017-09-18,0.0,21.17,0.69,9,-0.9176416359794418
2017-09-19,0.0,21.35,0.69,9,-0.9176416359794418
2017-09-20,0.0,22.81,0.69,9,-0.9176416359794418
2017-09-21,0.0,22.77,0.69,9,-0.9176416359794418
2017-09-22,0.0,22.87,0.6799999999999999,9,-0.9222323146953281
2017-09-23,0.0,26.23,0.6799999999999999,9,-0.9222323146953281
2017-09-24,0.23,22.31,0.88,9,-0.8387959743288341
2017-09-25,0.0,24.14,0.87,9,-0.8426025655359937
2017-09-26,0.01,20.41,0.88,9,-0.8387959743288341
2017-09-27,0.0,20.14,0.88,9,-0.8387959743288341
2017-09-28,0.02,21.57,0.89,9,-0.8350222971123803
2017-09-29,10.34,18.38,11.23,9,0.36052464466706835
2017-09-30,0.02,21.91,11.25,9,0.36170840181274794
2017-10-01,1.19,22.32,12.440000000000001,10,-0.32663970114970625
2017-10-02,0.11,23.02,12.55,10,-0.32036111917472215
2017-10-03,0.02,23.93,12.57,10,-0.31922375221732824
2017-10-04,0.01,24.36,12.58,10,-0.3186555494045952
2017-10-05,40.61,17.52,53.11,10,0.9859163977577964
2017-10-06,3.58,19.66,56.15,10,1.0504841065874715
2017-10-07,4.12,20.99,60.27,10,1.1345788861545565
2017-10-08,0.24,21.57,60.51,10,1.1393652447636524
2017-10-09,0.01,19.38,60.52,10,1.1395644190712648
2017-10-10,0.0,15.13,60.52,10,1.1395644190712648
2017-10-11,0.0,17.12,60.52,10,1.1395644190712648
2017-10-12,0.0,20.73,60.52,10,1.1395644190712648
2017-10-13,0.0,19.93,60.52,10,1.1395644190712648
2017-10-14,0.0,21.38,60.52,10,1.1395644190712648
2017-10-15,0.0,22.88,60.52,10,1.1395644190712648
2017-10-16,0.0,21.35,60.52,10,1.1395644190712648
2017-10-17,0.0,18.91,60.52,10,1.1395644190712648
2017-10-18,0.0,19.78,60.52,10,1.1395644190712648
2017-10-19,0.0,23.0,60.52,10,1.1395644190712648
2017-10-20,0.0,23.95,60.52,10,1.1395644190712648
2017-10-21,0.69,24.23,61.21,10,1.1532581729252223
2017-10-22,0.74,22.01,61.95,10,1.1678377151398998
2017-10-23,0.43,24.7,62.38,10,1.1762598379451688
2017-10-24,0.03,26.37,62.410000000000004,10,1.176846077633765
2017-10-25,0.0,27.84,62.410000000000004,10,1.176846077633765
2017-10-26,0.0,28.6,62.410000000000004,10,1.176846077633765
2017-10-27,0.03,25.22,62.44,10,1.1774321419879605
2017-10-28,0.1,19.26,62.54,10,1.1793844253783798
2017-10-29,0.0,18.31,62.54,10,1.1793844253783798
2017-10-30,0.0,20.67,62.54,10,1.1793844253783798
2017-10-31,0.0,23.62,62.53,10,1.1791892844829075
2017-11-01,0.0,23.14,62.53,11,-0.190073098517307
2017-11-02,0.0,23.71,62.53,11,-0.190073098517307
2017-11-03,0.0,24.58,62.53,11,-0.190073098517307
2017-11-04,0.0,25.75,62.53,11,-0.190073098517307
2017-11-05,0.0,25.61,62.53,11,-0.190073098517307
2017-11-06,0.0,27.17,62.53,11,-0.190073098517307
2017-11-07,0.0,29.1,62.53,11,-0.190073098517307
2017-11-08,0.0,27.06,62.53,11,-0.190073098517307
2017-11-09,0.19,24.85,62.72,11,-0.18568309468489055
2017-11-10,0.0,26.95,62.72,11,-0.18568309468489055
2017-11-11,0.01,25.47,62.730000000000004,11,-0.1854522936026138
2017-11-12,1.25,26.38,63.980000000000004,11,-0.1567977464906153
2017-11-13,0.19,26.85,64.17,11,-0.15247577702760984
2017-11-14,0.27,27.41,64.44,11,-0.1463490091443792
2017-11-15,0.05,22.08,64.49000000000001,11,-0.14521634305471032
2017-11-16,0.13,14.75,64.62,11,-0.14227420849672373
2017-11-17,0.0,18.08,64.62,11,-0.14227420849672373
2017-11-18,0.0,21.34,64.62,11,-0.14227420849672373
2017-11-19,0.0,24.67,64.62,11,-0.14227420849672373
2017-11-20,0.0,28.09,64.62,11,-0.14227420849672373
2017-11-21,5.07,25.92,69.69,11,-0.03053946446074713
2017-11-22,3.66,25.66,73.35000000000001,11,0.04674214838192974
2017-11-23,10.03,24.48,83.38,11,0.24603467769074225
2017-11-24,10.66,22.08,94.04,11,0.44102771383331923
2017-11-25,12.56,18.36,106.60000000000001,11,0.6528936190674612
2017-11-26,0.24,19.62,106.84,11,0.6567786528369154
2017-11-27,0.41,22.52,107.25,11,0.663402441870348
2017-11-28,0.1,21.88,107.35000000000001,11,0.665015495075022
2017-11-29,0.01,23.91,107.36,11,0.6651767465157902
2017-11-30,1.01,24.92,108.37,11,0.6814129844206432
2017-12-01,0.16,24.54,108.53,12,-0.6310710235594318
2017-12-02,5.28,24.66,113.81,12,-0.5411029902077302
2017-12-03,0.0,27.12,113.81,12,-0.5411029902077302
2017-12-04,2.72,25.48,116.53,12,-0.49587207653820714
2017-12-05,9.08,20.46,125.61,12,-0.349921669937126
2017-12-06,2.14,22.56,127.75,12,-0.3165790455251835
2017-12-07,4.63,21.0,132.38,12,-0.24571907508753743
2017-12-08,3.59,21.11,135.97,12,-0.1919246171920587
2017-12-09,0.23,24.25,136.2,12,-0.1885111201634682
2017-12-10,0.09,27.22,136.29,12,-0.18717646558411416
2017-12-11,0.5,26.13,136.79,12,-0.17977255412433976
2017-12-12,5.82,26.11,142.61,12,-0.09490601748266564
2017-12-13,1.15,24.97,143.76,12,-0.07841457976037447
2017-12-14,0.0,24.19,143.76,12,-0.07841457976037447
2017-12-15,0.0,23.66,143.76,12,-0.07841457976037447
2017-12-16,0.02,24.72,143.78,12,-0.0781285596639057
2017-12-17,0.0,26.51,143.78,12,-0.0781285596639057
2017-12-18,0.02,28.32,143.8,12,-0.07784256636033958
2017-12-19,3.03,25.06,146.83,12,-0.03482027178408474
2017-12-20,3.43,25.23,150.26,12,0.013167327336705503
2017-12-21,1.28,26.32,151.54,12,0.030886779534118863
2017-12-22,2.57,26.63,154.11,12,0.06616345334591953
2017-12-23,0.01,27.79,153.89000000000001,12,0.06315915264336817
2017-12-24,0.02,27.53,153.91000000000003,12,0.06343238967143275
2017-12-25,0.0,28.1,153.9,12,0.06329577412932912
2017-12-26,0.11,26.39,154.01,12,0.06479821832927059
2017-12-27,0.29,25.3,154.28,12,0.06848299237983896
2017-12-28,0.0,27.83,143.94,12,-0.07584136288654288
2017-12-29,0.04,28.91,143.96,12,-0.07555558369051799
2017-12-30,0.01,28.77,142.78,12,-0.09246252293984894
2017-12-31,0.0,29.03,142.67,12,-0.09404338361515589
2018-01-01,0.0,28.57,142.65,1,-1.5993790310970508
2018-01-02,0.0,26.14,142.64,1,-1.5995928882942203
2018-01-03,0.21,24.82,102.24,1,-2.5666487637678794
2018-01-04,0.0,25.01,98.66,1,-2.664715233529283
2018-01-05,0.0,27.84,94.53999999999999,1,-2.7807833076390605
2018-01-06,0.0,31.09,94.3,1,-2.787655683833406
2018-01-07,0.0,30.71,94.28999999999999,1,-2.787942305679455
2018-01-08,0.03,29.78,94.32,1,-2.787082505713904
2018-01-09,0.02,28.52,94.34,1,-2.7865094149967637
2018-01-10,0.53,25.02,94.87,1,-2.771354243395439
2018-01-11,0.92,24.6,95.78999999999999,1,-2.7451910306527183
2018-01-12,0.09,25.85,95.88,1,-2.742641295300218
2018-01-13,0.0,28.17,95.88,1,-2.742641295300218
2018-01-14,0.0,29.32,95.88,1,-2.742641295300218
2018-01-15,0.0,30.06,95.88,1,-2.742641295300218
2018-01-16,0.29,28.06,96.17,1,-2.7344371567753827
2018-01-17,0.0,26.86,96.17,1,-2.7344371567753827
2018-01-18,0.51,28.28,96.67999999999999,1,-2.7200521766779557
2018-01-19,1.67,27.76,97.66,1,-2.6925626133143785
2018-01-20,0.01,27.77,96.93,1,-2.713020604481449
2018-01-21,0.0,28.98,96.5,1,-2.7251229940771884
2018-01-22,0.0,27.49,96.47,1,-2.7259687903033245
2018-01-23,1.23,27.93,97.7,1,-2.6914448019993227
2018-01-24,3.93,26.35,101.63,1,-2.5831828518506357
2018-01-25,3.32,27.35,104.92,1,-2.4948307758636226
2018-01-26,3.52,26.03,108.34,1,-2.405057850811518
2018-01-27,7.67,25.64,116.01,1,-2.2108136349203473
2018-01-28,1.92,25.73,117.93,1,-2.1636205374556288
2018-01-29,1.66,25.23,119.59,1,-2.1232538469301954
2018-01-30,3.61,24.86,123.2,1,-2.036814059467412
2018-01-31,3.37,25.41,126.57000000000001,1,-1.9577160603535657
2018-02-01,0.01,27.46,126.58,2,-2.228371696704557
2018-02-02,1.1,28.64,127.68,2,-2.205763798773234
2018-02-03,1.22,27.6,128.9,2,-2.180851000970488
2018-02-04,0.1,26.82,129.0,2,-2.1788164117085747
2018-02-05,0.09,26.8,129.09,2,-2.176986239330325
2018-02-06,1.41,26.94,130.5,2,-2.1484311530669
2018-02-07,3.56,27.26,133.87,2,-2.0810586301570737
2018-02-08,38.16,20.78,172.03,2,-1.390520516322966
2018-02-09,0.52,23.27,172.54000000000002,2,-1.3820545814589669
2018-02-10,1.31,24.69,172.60000000000002,2,-1.3810597314689372
2018-02-11,4.35,24.21,176.76,2,-1.312660484051729
2018-02-12,5.02,24.49,181.51,2,-1.2359102649517593
2018-02-13,0.65,24.51,182.10999999999999,2,-1.2263146934145972
2018-02-14,0.25,23.74,182.23,2,-1.224398201419096
2018-02-15,0.16,23.72,182.39,2,-1.2218442345947509
2018-02-16,0.01,24.86,182.4,2,-1.2216846630690104
2018-02-17,0.0,25.44,182.4,2,-1.2216846630690104
2018-02-18,45.32,22.34,227.72,2,-0.5528052366775651
2018-02-19,1.85,23.11,224.5,2,-0.597158576568101
2018-02-20,0.23,24.75,221.07,2,-0.6448822797986515
2018-02-21,1.21,23.76,212.25,2,-0.7699586949462566
2018-02-22,1.87,20.41,203.46,2,-0.8981891428074108
2018-02-23,3.69,20.09,194.59,2,-1.031491466985055
2018-02-24,0.55,21.33,194.9,2,-1.0267630738685554
2018-02-25,0.03,23.64,194.52,2,-1.0325598848938833
2018-02-26,2.06,21.29,196.48,2,-1.0027434543684157
2018-02-27,3.0,20.84,199.46999999999997,2,-0.9576490490722934
2018-02-28,2.07,22.57,200.53,2,-0.9417737614317466
2018-03-01,0.37,23.94,200.74,3,-0.6426931468005789
2018-03-02,0.1,23.23,195.56,3,-0.7020426675077845
2018-03-03,0.0,22.91,195.56,3,-0.7020426675077845
2018-03-04,0.81,24.43,193.65,3,-0.7241986297071833
2018-03-05,0.67,24.55,185.23999999999998,3,-0.8235839880950256
2018-03-06,22.27,24.21,205.37,3,-0.5905272403166566
2018-03-07,2.0,24.58,202.74,3,-0.620059273222044
2018-03-08,0.62,23.12,199.77,3,-0.6537262487592217
2018-03-09,0.0,22.54,199.54000000000002,3,-0.6563477291042075
2018-03-10,0.01,23.45,199.46,3,-0.6572600339639549
2018-03-11,5.76,22.38,204.72,3,-0.5978018440275827
2018-03-12,0.18,23.91,199.07999999999998,3,-0.6615969118008832
2018-03-13,1.38,23.37,199.31,3,-0.6589712820402857
2018-03-14,0.26,24.12,199.57,3,-0.6560056794373591
2018-03-15,0.0,25.33,199.57,3,-0.6560056794373591
2018-03-16,1.26,26.39,200.81,3,-0.6418983583924963
2018-03-17,4.93,22.89,205.74,3,-0.5863933437695574
2018-03-18,4.23,21.0,209.95,3,-0.5397102542602994
2018-03-19,1.29,22.67,208.20999999999998,3,-0.5589261945302131
2018-03-20,0.01,24.56,204.79000000000002,3,-0.5970176666406874
2018-03-21,2.42,23.74,205.93,3,-0.5842725076042714
2018-03-22,11.67,20.63,215.02999999999997,3,-0.4842231871152849
2018-03-23,1.74,21.21,216.76,3,-0.4655311185662781
2018-03-24,0.01,22.59,216.74999999999997,3,-0.4656388727296691
2018-03-25,0.08,22.5,216.82999999999998,3,-0.46477693418165544
2018-03-26,0.0,21.43,216.72,3,-0.4659621555314289
2018-03-27,0.14,21.04,216.57,3,-0.46757902678676
2018-03-28,0.16,21.61,216.73000000000002,3,-0.4658543912119683
2018-03-29,2.91,22.54,219.6,3,-0.43506487663645316
2018-03-30,21.19,22.34,240.78,3,-0.2158830793583987
2018-03-31,1.49,23.12,242.26999999999998,3,-0.20096308678455976
2018-04-01,6.67,21.62,248.94,4,0.20205023488202925
2018-04-02,1.45,20.93,250.39,4,0.2153706693010966
2018-04-03,0.11,21.63,250.29,4,0.2144536690601419
2018-04-04,1.16,21.88,251.45,4,0.2250759274138019
2018-04-05,2.07,22.01,253.51999999999998,4,0.24395048942651795
2018-04-06,0.01,21.93,253.52999999999997,4,0.2440414217865746
2018-04-07,0.02,21.68,253.54999999999998,4,0.24422327935588373
2018-04-08,0.1,22.56,253.61999999999998,4,0.24485970578231026
2018-04-09,32.51,20.6,286.11,4,0.528515382101781
2018-04-10,0.38,20.83,285.96,4,0.5272559811842733
2018-04-11,0.39,20.93,285.43,4,0.5228026142416704
2018-04-12,3.65,17.88,288.98999999999995,4,0.5526121342901416
2018-04-13,0.58,18.63,289.57,4,0.5574458334576589
2018-04-14,0.93,20.14,290.5,4,0.5651831588692148
2018-04-15,0.65,20.27,291.15,4,0.5705813105635847
2018-04-16,2.08,19.29,292.94,4,0.5854061984691427
2018-04-17,2.23,18.87,295.17,4,0.6037922397196542
2018-04-18,0.14,19.67,294.79999999999995,4,0.6007479632933788
2018-04-19,0.0,21.1,293.13,4,0.5869762947223909
2018-04-20,0.0,18.78,293.12,4,0.5868936747356268
2018-04-21,0.0,18.33,293.12,4,0.5868936747356268
2018-04-22,0.0,18.46,293.12,4,0.5868936747356268
2018-04-23,0.0,19.69,291.89,4,0.5767172719224058
2018-04-24,0.0,21.3,287.96,4,0.5440124114378224
2018-04-25,0.0,19.4,284.64,4,0.5161544665968599
2018-04-26,0.0,19.23,281.12,4,0.48638378827882306
2018-04-27,0.0,20.12,273.45,4,0.42065260530696763
2018-04-28,0.0,19.32,271.53,4,0.4040084119709167
2018-04-29,0.0,19.06,269.87,4,0.3895553276466073
2018-04-30,0.16,17.54,266.42,4,0.3593281724463458
2018-05-01,2.5,17.8,265.55,5,0.979824487950709
2018-05-02,0.12,17.76,265.66,5,0.9807473452113029
2018-05-03,0.03,19.18,264.59,5,0.9717599683956998
2018-05-04,0.0,17.43,263.37,5,0.961484005094422
2018-05-05,0.0,15.66,263.27,5,0.9606403511677707
2018-05-06,0.0,16.69,263.18,5,0.9598808856668811
2018-05-07,0.0,16.4,261.77,5,0.9479606277384649
2018-05-08,0.0,16.88,258.21,5,0.9176782723640775
2018-05-09,0.0,18.7,220.04999999999998,5,0.5745674221384951
2018-05-10,0.0,18.89,219.52999999999997,5,0.5696329222350474
2018-05-11,0.0,17.28,218.21999999999997,5,0.5571676931624654
2018-05-12,0.0,16.4,213.86999999999998,5,0.5154196278638806
2018-05-13,0.0,13.65,208.85,5,0.46654153225360034
2018-05-14,1.55,12.88,209.75,5,0.4753609961048234
2018-05-15,0.0,12.93,209.5,5,0.4729136492355377
2018-05-16,0.0,13.2,209.34,5,0.4713463376886024
2018-05-17,0.0,14.31,209.32999999999998,5,0.4712483545242712
2018-05-18,0.0,14.2,209.32999999999998,5,0.4712483545242712
2018-05-19,0.45,14.23,164.45999999999998,5,-0.004001800795893133
2018-05-20,1.2,15.56,163.81,5,-0.011489964931150993
2018-05-21,0.01,16.94,163.59,5,-0.01402894656202852
2018-05-22,0.0,17.7,162.38,5,-0.028034568555958657
2018-05-23,0.0,17.15,160.51,5,-0.049818483547543674
2018-05-24,0.0,17.79,156.82,5,-0.09331089335069603
2018-05-25,0.0,16.48,156.26999999999998,5,-0.09985244672607804
2018-05-26,0.0,16.78,156.23999999999998,5,-0.10020970557011949
2018-05-27,0.0,17.88,154.18,5,-0.12485315074788339
2018-05-28,0.0,16.49,151.18,5,-0.1611431077575735
2018-05-29,1.14,16.34,150.25,5,-0.1724918968915737
2018-05-30,0.0,15.67,149.88,5,-0.1770202409974126
2018-05-31,4.71,14.71,154.48999999999998,5,-0.12113050508993653
2018-06-01,0.0,14.35,154.48999999999998,6,0.8303111327615804
2018-06-02,0.0,14.92,153.67999999999998,6,0.8207196620934216
2018-06-03,0.0,14.91,153.01,6,0.8127612265423076
2018-06-04,0.0,13.26,130.73999999999998,6,0.5342097009841354
2018-06-05,0.06,11.13,128.79999999999998,6,0.508516349367886
2018-06-06,0.0,13.09,128.17999999999998,6,0.5002515041105093
2018-06-07,0.0,12.32,128.17999999999998,6,0.5002515041105093
2018-06-08,0.0,13.85,128.17,6,0.500117985058064
2018-06-09,0.0,14.95,122.41,6,0.4220423476377418
2018-06-10,0.0,14.42,122.22999999999999,6,0.4195638330677869
2018-06-11,0.0,12.08,120.85,6,0.40048134534167085
2018-06-12,0.02,11.9,120.61,6,0.3971479796090755
2018-06-13,0.02,12.63,120.63,6,0.39742592741128474
2018-06-14,0.0,12.57,119.36999999999999,6,0.3798553727579227
2018-06-15,0.0,13.65,114.44,6,0.30990207308453127
2018-06-16,0.0,11.81,110.21,6,0.24826874190657305
2018-06-17,0.0,11.67,108.92,6,0.22916007674806618
2018-06-18,0.01,14.19,108.92,6,0.22916007674806618
2018-06-19,0.0,16.07,106.5,6,0.19290162282348186
2018-06-20,0.0,16.3,94.83,6,0.00983672219510736
2018-06-21,0.01,14.11,93.1,6,-0.018571265358225692
2018-06-22,0.0,16.14,93.08999999999999,6,-0.01873650577069853
2018-06-23,0.0,15.07,93.00999999999999,6,-0.02005886116582938
2018-06-24,0.0,15.35,93.00999999999999,6,-0.02005886116582938
2018-06-25,0.0,13.59,92.86999999999999,6,-0.02237483420237818
2018-06-26,0.09,12.31,92.8,6,-0.023533705818582492
2018-06-27,0.0,13.38,89.89,6,-0.0722423299512662
2018-06-28,0.0,15.33,68.69999999999999,6,-0.4642080080748673
2018-06-29,0.0,14.68,67.21,6,-0.49475472365090695
2018-06-30,0.0,15.34,60.53999999999999,6,-0.6375971980985534
2018-07-01,0.0,15.48,59.089999999999996,7,0.542170168156913
2018-07-02,0.0,10.21,58.98,7,0.5401034325316805
2018-07-03,0.0,7.28,57.81999999999999,7,0.5181527752485243
2018-07-04,0.0,9.24,55.74999999999999,7,0.4782498918585603
2018-07-05,0.0,10.22,55.739999999999995,7,0.4780547695922159
2018-07-06,0.0,9.28,55.72,7,0.4776644556462016
2018-07-07,0.05,9.99,55.669999999999995,7,0.4766882655303401
2018-07-08,0.74,12.33,23.9,7,-0.32799988697162413
2018-07-09,1.26,12.43,24.78,7,-0.297679235516038
2018-07-10,0.44,12.41,24.83,7,-0.29597960620932556
2018-07-11,0.01,13.7,21.19,7,-0.42669038548620714
2018-07-12,0.0,13.21,20.61,7,-0.44897712585383776
2018-07-13,0.0,13.74,19.68,7,-0.48567691481027603
2018-07-14,0.35,13.85,19.380000000000003,7,-0.4977828991154044
2018-07-15,0.08,12.94,17.38,7,-0.5821801548879876
2018-07-16,0.01,12.11,15.159999999999998,7,-0.6846427625521523
2018-07-17,0.0,10.01,15.02,7,-0.6914662001103499
2018-07-18,0.0,9.45,15.02,7,-0.6914662001103499
2018-07-19,0.0,10.09,15.02,7,-0.6914662001103499
2018-07-20,0.09,10.77,15.11,7,-0.6870743343911238
2018-07-21,0.0,11.42,15.11,7,-0.6870743343911238
2018-07-22,0.0,12.05,15.11,7,-0.6870743343911238
2018-07-23,0.09,11.97,15.2,7,-0.6827017703200224
2018-07-24,0.0,13.13,15.2,7,-0.6827017703200224
2018-07-25,0.0,15.18,15.2,7,-0.6827017703200224
2018-07-26,0.0,14.34,15.2,7,-0.6827017703200224
2018-07-27,0.0,14.88,15.2,7,-0.6827017703200224
2018-07-28,0.0,16.29,15.2,7,-0.6827017703200224
2018-07-29,0.0,17.14,15.04,7,-0.6904885511726527
2018-07-30,0.0,17.68,12.54,7,-0.8210028028014429
2018-07-31,0.0,17.76,12.419999999999998,7,-0.8277402638620909
2018-08-01,0.0,17.08,12.389999999999999,8,0.07658473963860704
2018-08-02,0.0,17.28,12.389999999999999,8,0.07658473963860704
2018-08-03,0.0,18.27,12.389999999999999,8,0.07658473963860704
2018-08-04,0.0,18.46,12.389999999999999,8,0.07658473963860704
2018-08-05,0.0,18.75,12.389999999999999,8,0.07658473963860704
2018-08-06,0.0,16.13,12.389999999999999,8,0.07658473963860704
2018-08-07,0.0,16.86,12.389999999999999,8,0.07658473963860704
2018-08-08,0.0,17.44,12.389999999999999,8,0.07658473963860704
2018-08-09,0.08,18.31,12.469999999999999,8,0.08124479505915361
2018-08-10,0.01,13.18,12.48,8,0.08182583150627908
2018-08-11,0.0,11.51,12.48,8,0.08182583150627908
2018-08-12,0.0,15.58,10.93,8,-0.012433421123001208
2018-08-13,0.0,19.03,10.93,8,-0.012433421123001208
2018-08-14,0.0,20.07,10.93,8,-0.012433421123001208
2018-08-15,0.0,20.82,10.93,8,-0.012433421123001208
2018-08-16,0.0,21.07,10.93,8,-0.012433421123001208
2018-08-17,0.0,19.83,10.48,8,-0.04155454405674809
2018-08-18,0.0,15.31,9.280000000000001,8,-0.12382333605671095
2018-08-19,0.1,15.87,9.370000000000001,8,-0.11739781777717055
2018-08-20,0.0,19.31,9.370000000000001,8,-0.11739781777717055
2018-08-21,0.0,20.88,9.370000000000001,8,-0.11739781777717055
2018-08-22,0.0,18.33,9.370000000000001,8,-0.11739781777717055
2018-08-23,0.0,17.96,9.370000000000001,8,-0.11739781777717055
2018-08-24,0.0,18.93,9.370000000000001,8,-0.11739781777717055
2018-08-25,0.2,20.13,9.57,8,-0.10327557383693997
2018-08-26,0.0,18.42,9.57,8,-0.10327557383693997
2018-08-27,0.0,12.98,8.43,8,-0.18683692323714854
2018-08-28,0.0,14.78,8.43,8,-0.18683692323714854
2018-08-29,0.0,15.73,3.72,8,-0.6635408673760945
2018-08-30,0.0,16.84,3.72,8,-0.6635408673760945
2018-08-31,0.0,18.07,3.72,8,-0.6635408673760945
2018-09-01,0.0,20.08,3.72,9,-0.26239791561438675
2018-09-02,0.0,20.23,3.72,9,-0.26239791561438675
2018-09-03,0.0,15.86,3.66,9,-0.2701600643216939
2018-09-04,0.0,19.01,3.66,9,-0.2701600643216939
2018-09-05,0.0,22.13,3.66,9,-0.2701600643216939
2018-09-06,0.0,23.92,3.66,9,-0.2701600643216939
2018-09-07,0.11,16.58,3.77,9,-0.25599874940784845
2018-09-08,0.0,12.07,3.77,9,-0.25599874940784845
2018-09-09,0.0,10.72,3.77,9,-0.25599874940784845
2018-09-10,0.0,13.28,3.75,9,-0.25855096500789065
2018-09-11,0.0,17.23,3.73,9,-0.26111309930693166
2018-09-12,0.0,19.28,3.73,9,-0.26111309930693166
2018-09-13,0.0,18.82,3.73,9,-0.26111309930693166
2018-09-14,0.0,20.03,3.73,9,-0.26111309930693166
2018-09-15,0.0,22.54,3.73,9,-0.26111309930693166
2018-09-16,0.0,23.93,3.72,9,-0.26239791561438675
2018-09-17,0.0,22.76,3.72,9,-0.26239791561438675
2018-09-18,0.0,23.85,3.72,9,-0.26239791561438675
2018-09-19,0.0,23.3,3.71,9,-0.26368524734954957
2018-09-20,0.0,21.47,3.71,9,-0.26368524734954957
2018-09-21,0.11,21.22,3.82,9,-0.24966099357816618
2018-09-22,0.0,23.62,3.82,9,-0.24966099357816618
2018-09-23,0.0,23.55,3.82,9,-0.24966099357816618
2018-09-24,0.0,23.05,3.73,9,-0.26111309930693166
2018-09-25,0.0,23.29,3.73,9,-0.26111309930693166
2018-09-26,0.0,25.5,3.73,9,-0.26111309930693166
2018-09-27,0.0,26.71,3.73,9,-0.26111309930693166
2018-09-28,0.21,25.28,3.94,9,-0.23469250703974262
2018-09-29,9.42,23.68,13.36,9,0.4794063375783067
2018-09-30,4.61,20.33,17.97,9,0.6992018110170877
2018-10-01,0.0,20.18,17.97,10,-0.049830548094360314
2018-10-02,0.0,21.95,17.97,10,-0.049830548094360314
2018-10-03,0.0,21.26,17.97,10,-0.049830548094360314
2018-10-04,0.02,16.31,17.99,10,-0.04894567919221219
2018-10-05,0.0,18.06,17.939999999999998,10,-0.05115912795593337
2018-10-06,0.0,20.96,17.2,10,-0.08442860144342743
2018-10-07,0.0,22.25,15.94,10,-0.14343814028194576
2018-10-08,0.0,22.02,15.5,10,-0.16480876253976756
2018-10-09,0.0,22.7,15.49,10,-0.1652993505396285
2018-10-10,0.0,24.51,15.49,10,-0.1652993505396285
2018-10-11,0.0,26.56,15.49,10,-0.1652993505396285
2018-10-12,0.01,27.84,15.15,10,-0.18211264952997525
2018-10-13,4.85,23.9,19.92,10,0.03343463348989177
2018-10-14,7.57,18.93,27.479999999999997,10,0.3117850831445548
2018-10-15,0.0,21.72,27.479999999999997,10,0.3117850831445548
2018-10-16,0.0,22.55,27.479999999999997,10,0.3117850831445548
2018-10-17,0.0,22.82,27.479999999999997,10,0.3117850831445548
2018-10-18,0.0,22.82,27.39,10,0.3087970295873599
2018-10-19,0.0,22.79,27.39,10,0.3087970295873599
2018-10-20,0.01,25.48,27.4,10,0.30912935914374573
2018-10-21,0.48,20.61,27.79,10,0.3220275212729774
2018-10-22,0.0,17.96,27.79,10,0.3220275212729774
2018-10-23,0.0,17.28,27.79,10,0.3220275212729774
2018-10-24,0.0,19.51,27.79,10,0.3220275212729774
2018-10-25,0.0,22.3,27.79,10,0.3220275212729774
2018-10-26,0.0,24.56,27.79,10,0.3220275212729774
2018-10-27,0.0,24.93,27.79,10,0.3220275212729774
2018-10-28,0.0,24.97,27.79,10,0.3220275212729774
2018-10-29,0.0,26.4,27.79,10,0.3220275212729774
2018-10-30,0.0,27.69,27.79,10,0.3220275212729774
2018-10-31,0.01,25.05,27.799999999999997,10,0.32235664980587564
2018-11-01,1.02,24.3,28.82,11,-1.1889241523053278
2018-11-02,0.0,22.5,28.82,11,-1.1889241523053278
2018-11-03,0.1,21.73,28.919999999999998,11,-1.184933611311516
2018-11-04,0.33,24.31,29.25,11,-1.1718356728062909
2018-11-05,2.49,27.14,31.74,11,-1.0763122716205178
2018-11-06,0.22,23.28,31.96,11,-1.0681368266005868
2018-11-07,0.01,20.41,31.89,11,-1.0707336822527513
2018-11-08,0.05,19.71,31.93,11,-1.0692492611381665
2018-11-09,0.0,21.95,31.93,11,-1.0692492611381665
2018-11-10,0.0,23.86,31.93,11,-1.0692492611381665
2018-11-11,0.0,26.06,31.93,11,-1.0692492611381665
2018-11-12,0.0,26.26,31.93,11,-1.0692492611381665
2018-11-13,0.0,27.33,31.93,11,-1.0692492611381665
2018-11-14,0.0,28.34,31.93,11,-1.0692492611381665
2018-11-15,0.0,28.09,31.93,11,-1.0692492611381665
2018-11-16,0.0,28.03,31.93,11,-1.0692492611381665
2018-11-17,0.0,29.35,31.830000000000002,11,-1.0729628380916476
2018-11-18,0.0,30.04,31.830000000000002,11,-1.0729628380916476
2018-11-19,0.13,27.98,31.96,11,-1.0681368266005868
2018-11-20,0.41,26.47,32.370000000000005,11,-1.0530085852636935
2018-11-21,0.02,26.93,32.39,11,-1.0522741685290704
2018-11-22,0.0,25.39,32.39,11,-1.0522741685290704
2018-11-23,0.28,25.5,32.47,11,-1.0493397692543853
2018-11-24,0.23,25.36,32.699999999999996,11,-1.040932317463068
2018-11-25,0.05,27.93,32.75,11,-1.039110256634895
2018-11-26,0.11,26.42,32.86,11,-1.0351087700731751
2018-11-27,0.01,29.71,32.87,11,-1.0347454775695424
2018-11-28,0.0,29.25,32.87,11,-1.0347454775695424
2018-11-29,1.13,24.13,34.0,11,-0.9941961691588325
2018-11-30,0.08,23.75,34.08,11,-0.9913623822503981
2018-12-01,0.02,25.89,34.1,12,-2.4810225204169454
2018-12-02,0.0,30.22,34.1,12,-2.4810225204169454
2018-12-03,0.0,27.95,34.1,12,-2.4810225204169454
2018-12-04,0.0,28.75,34.1,12,-2.4810225204169454
2018-12-05,0.0,28.92,34.1,12,-2.4810225204169454
2018-12-06,0.22,30.75,34.21,12,-2.4766290439393623
2018-12-07,2.41,28.89,36.62,12,-2.3829400135657917
2018-12-08,0.85,28.45,37.47,12,-2.351002509131091
2018-12-09,0.1,26.29,37.57,12,-2.347280999372063
2018-12-10,0.0,25.51,37.57,12,-2.347280999372063
2018-12-11,0.0,23.98,37.57,12,-2.347280999372063
2018-12-12,0.0,27.16,37.57,12,-2.347280999372063
2018-12-13,0.0,30.64,37.57,12,-2.347280999372063
2018-12-14,28.21,29.49,65.78,12,-1.5049113864151982
2018-12-15,13.23,26.64,79.01,12,-1.1999451937688348
2018-12-16,0.26,26.84,79.27,12,-1.194329465411252
2018-12-17,0.03,27.31,79.3,12,-1.1936823361088686
2018-12-18,3.14,27.08,82.44,12,-1.1268856777096605
2018-12-19,0.92,27.65,83.36,12,-1.1076556101147155
2018-12-20,0.01,27.72,83.26,12,-1.1097385636653376
2018-12-21,0.23,26.76,83.49000000000001,12,-1.104950401930251
2018-12-22,6.97,27.51,90.46000000000001,12,-0.9640534606229999
2018-12-23,0.47,28.17,90.93,12,-0.9548305670396379
2018-12-24,0.0,29.3,90.93,12,-0.9548305670396379
2018-12-25,0.01,30.58,90.94,12,-0.9546346981745525
2018-12-26,0.0,30.09,90.94,12,-0.9546346981745525
2018-12-27,0.3,30.81,91.03,12,-0.9528725563176631
2018-12-28,10.52,25.23,92.13000000000001,12,-0.9314331020970876
2018-12-29,3.15,22.82,90.67,12,-0.9599284578378162
2018-12-30,22.73,20.21,113.4,12,-0.5479850451898114
2018-12-31,25.57,19.46,138.97,12,-0.1477035829812446
2019-01-01,11.17,20.11,150.14000000000001,1,-1.4420417657767353
2019-01-02,0.58,23.42,150.7,1,-1.430498977091642
2019-01-03,1.07,22.7,151.76999999999998,1,-1.408526347996247
2019-01-04,0.18,23.39,151.95,1,-1.40484056551266
2019-01-05,0.53,26.66,152.48,1,-1.3940055020544107
2019-01-06,0.0,27.35,152.48,1,-1.3940055020544107
2019-01-07,3.13,25.19,155.60999999999999,1,-1.3305427738578497
2019-01-08,22.38,26.5,177.99,1,-0.9005962047384646
2019-01-09,0.14,26.31,178.13,1,-0.8980266823187182
2019-01-10,1.49,28.62,179.61,1,-0.8709471426011243
2019-01-11,0.51,28.6,175.27,1,-0.950794793801466
2019-01-12,0.1,28.57,167.79999999999998,1,-1.0914577652520698
2019-01-13,0.77,27.21,168.57,1,-1.076762307864275
2019-01-14,1.5,27.97,170.07,1,-1.0482665268600624
2019-01-15,0.29,26.46,170.35999999999999,1,-1.0427772471432515
2019-01-16,0.31,27.24,170.67,1,-1.0369164766500643
2019-01-17,1.0,27.43,171.67,1,-1.0180603569664441
2019-01-18,0.84,28.28,172.5,1,-1.0024668557105814
2019-01-19,0.07,26.97,172.09,1,-1.010163230052276
2019-01-20,1.8,22.86,173.89000000000001,1,-0.9764671272808686
2019-01-21,2.87,23.23,176.76000000000002,1,-0.9232308787056771
2019-01-22,0.0,26.44,176.76000000000002,1,-0.9232308787056771
2019-01-23,0.36,28.6,177.12,1,-0.9165949843639105
2019-01-24,0.42,29.02,177.54000000000002,1,-0.9088647475862772
2019-01-25,3.25,28.49,180.79000000000002,1,-0.849465638338347
2019-01-26,1.25,27.96,182.04000000000002,1,-0.8268138928033907
2019-01-27,3.36,24.65,185.4,1,-0.7664469507200418
2019-01-28,1.06,24.22,186.46,1,-0.7475573555192346
2019-01-29,0.03,24.12,186.48,1,-0.7472016514245362
2019-01-30,0.08,25.78,185.54,1,-0.763947891920467
2019-01-31,0.22,27.6,185.76000000000002,1,-0.7600233919213817
2019-02-01,0.31,27.05,185.97,2,-1.1650994385708222
2019-02-02,6.8,25.58,192.44,2,-1.0644284789657001
2019-02-03,7.19,26.01,197.14,2,-0.9927492123883862
2019-02-04,0.05,26.33,196.97,2,-0.9953212879166565
2019-02-05,1.41,22.96,198.37,2,-0.9741846901107525
2019-02-06,5.11,22.57,203.42999999999998,2,-0.8986332163942744
2019-02-07,1.61,23.35,205.04,2,-0.8748643321959056
2019-02-08,0.18,25.07,205.22,2,-0.8722148888443529
2019-02-09,0.04,26.98,205.26,2,-0.8716263395758075
2019-02-10,0.41,26.36,205.67,2,-0.86559822837192
2019-02-11,2.06,26.46,207.73,2,-0.8354343760713383
2019-02-12,2.93,24.53,210.66,2,-0.7928815533257049
2019-02-13,5.96,23.53,216.61999999999998,2,-0.7075542187595733
2019-02-14,36.91,22.04,253.52999999999997,2,-0.21175974604820946
2019-02-15,9.94,20.47,263.46999999999997,2,-0.08666216570897814
2019-02-16,1.27,23.45,264.74,2,-0.07090822074631667
2019-02-17,0.0,23.18,264.61,2,-0.07251850058872816
2019-02-18,0.0,22.39,264.20000000000005,2,-0.07760054876096178
2019-02-19,0.0,22.71,264.18,2,-0.0778485886322798
2019-02-20,0.0,24.28,264.18,2,-0.0778485886322798
2019-02-21,0.0,27.39,263.90000000000003,2,-0.08132246831463856
2019-02-22,0.52,25.98,264.19,2,-0.07772456712443523
2019-02-23,0.46,26.78,264.59999999999997,2,-0.07264239021245757
2019-02-24,0.0,26.25,264.49,2,-0.07400538308406629
2019-02-25,0.02,25.73,264.5,2,-0.07388145895476221
2019-02-26,0.84,26.15,265.34,2,-0.06348301392835416
2019-02-27,0.0,26.94,264.21,2,-0.07747653354165389
2019-02-28,0.0,25.97,264.13,2,-0.07846874334436563
2019-03-01,0.0,26.24,264.11,3,0.010970238884210117
2019-03-02,0.0,27.17,264.11,3,0.010970238884210117
2019-03-03,0.0,27.12,264.11,3,0.010970238884210117
2019-03-04,0.0,27.25,264.11,3,0.010970238884210117
2019-03-05,0.43,28.6,264.54,3,0.015022684576122824
2019-03-06,8.11,25.32,272.43,3,0.0886104995395828
2019-03-07,2.59,25.18,272.61,3,0.0902725860586241
2019-03-08,0.71,25.38,272.46999999999997,3,0.08897991546922669
2019-03-09,5.96,24.72,278.33,3,0.14271283555662778
2019-03-10,0.11,25.41,278.44,3,0.14371422549689672
2019-03-11,12.71,23.52,291.15,3,0.2576902100495802
2019-03-12,0.67,23.58,291.82,3,0.26360579475330426
2019-03-13,0.0,23.97,291.82,3,0.26360579475330426
2019-03-14,0.01,25.39,263.62,3,0.006346946001861596
2019-03-15,0.0,22.83,250.39000000000001,3,-0.12072266924571341
2019-03-16,0.0,23.09,250.13,3,-0.12326457740325024
2019-03-17,0.03,25.19,250.13,3,-0.12326457740325024
2019-03-18,0.05,25.7,247.04,3,-0.1536112301383472
2019-03-19,0.0,26.23,246.11999999999998,3,-0.1626958183872354
2019-03-20,0.0,26.26,246.10999999999999,3,-0.1627946894766386
2019-03-21,0.0,25.56,245.88,3,-0.16506947188080778
2019-03-22,0.0,24.94,238.91,3,-0.2346966152491587
2019-03-23,0.08,24.45,238.52,3,-0.2386328148385277
2019-03-24,0.3,24.95,238.82,3,-0.23560458359932468
2019-03-25,0.0,26.89,238.80999999999997,3,-0.2357054832355162
2019-03-26,0.0,25.97,238.80999999999997,3,-0.2357054832355162
2019-03-27,0.46,25.06,238.97,3,-0.23409143134084956
2019-03-28,0.3,27.63,228.75,3,-0.33869266896368505
2019-03-29,0.0,27.82,225.6,3,-0.3715696189045393
2019-03-30,0.0,25.72,202.87,3,-0.6185933741811394
2019-03-31,0.46,26.17,177.76,3,-0.9146293479735921
2019-04-01,1.13,24.22,167.72,4,-0.6468446495763613
2019-04-02,1.99,22.85,169.13,4,-0.6299382013190751
2019-04-03,1.29,22.13,169.35000000000002,4,-0.6273090692716276
2019-04-04,0.52,22.68,169.69,4,-0.623250480983153
2019-04-05,11.06,21.26,180.22,4,-0.5002257581600401
2019-04-06,13.95,21.39,194.17000000000002,4,-0.3445946302120206
2019-04-07,2.83,21.38,193.87,4,-0.34786000645307247
2019-04-08,11.88,20.41,183.37,4,-0.46438331522771964
2019-04-09,0.31,22.16,183.54,4,-0.46246096771566647
2019-04-10,2.07,22.1,184.11999999999998,4,-0.4559115083148153
2019-04-11,5.05,19.62,188.66,4,-0.4051252210553651
2019-04-12,4.27,19.17,192.83,4,-0.35920664965458887
2019-04-13,0.01,19.35,192.07,4,-0.3675247775981369
2019-04-14,0.01,20.98,190.57999999999998,4,-0.3838979149719056
2019-04-15,0.72,22.21,191.01,4,-0.379163863349836
2019-04-16,0.24,20.96,190.94,4,-0.37993402814618554
2019-04-17,0.0,18.91,189.94,4,-0.39095743206150074
2019-04-18,0.04,21.38,189.14,4,-0.3998046481440801
2019-04-19,0.0,21.15,189.07,4,-0.4005799915684752
2019-04-20,0.04,20.67,187.31,4,-0.42013896801932393
2019-04-21,0.0,19.89,184.44,4,-0.45230404275470365
2019-04-22,10.5,17.79,194.94,4,-0.33622916597106395
2019-04-23,19.65,18.27,214.23,4,-0.13359347619485518
2019-04-24,1.5,19.68,215.30999999999997,4,-0.12261948285853005
2019-04-25,0.0,19.39,212.05999999999997,4,-0.15575636433440493
2019-04-26,0.0,17.73,210.80999999999997,4,-0.16859253378217512
2019-04-27,0.0,18.33,207.45,4,-0.20335287537493307
2019-04-28,0.0,18.26,206.39,4,-0.21439783080116617
2019-04-29,0.0,18.3,206.35999999999999,4,-0.21471098147222265
2019-04-30,0.0,17.84,206.28,4,-0.21554620048319392
2019-05-01,0.0,18.12,206.05999999999997,5,0.4390410094491309
2019-05-02,0.0,19.12,205.75,5,0.4359702748400092
2019-05-03,0.0,19.72,198.95,5,0.36782973115250417
2019-05-04,0.0,20.81,191.76,5,0.2940837805969219
2019-05-05,0.0,18.87,191.70999999999998,5,0.29356457749242837
2019-05-06,0.0,18.58,190.29999999999998,5,0.2788858937511219
2019-05-07,0.0,18.04,185.19,5,0.22507500831868055
2019-05-08,0.22,19.41,183.79999999999998,5,0.21026704692482362
2019-05-09,0.0,17.12,183.61999999999998,5,0.20834402165790805
2019-05-10,0.0,16.15,183.57999999999998,5,0.20791651220897714
2019-05-11,0.0,17.69,183.17,5,0.20353095848121516
2019-05-12,0.0,18.04,181.10999999999999,5,0.1813966466818881
2019-05-13,0.0,17.26,178.17999999999998,5,0.14962318828877832
2019-05-14,0.0,18.32,172.22,5,0.08389809463178882
2019-05-15,0.0,16.96,135.31,5,-0.3617277908865051
2019-05-16,0.0,18.94,125.37,5,-0.495688045723456
2019-05-17,0.0,19.03,124.10000000000001,5,-0.5133233928202088
2019-05-18,0.0,18.27,124.10000000000001,5,-0.5133233928202088
2019-05-19,0.0,18.13,124.10000000000001,5,-0.5133233928202088
2019-05-20,0.0,17.83,124.10000000000001,5,-0.5133233928202088
2019-05-21,0.0,18.44,124.10000000000001,5,-0.5133233928202088
2019-05-22,0.0,16.1,124.10000000000001,5,-0.5133233928202088
2019-05-23,0.0,17.03,123.58,5,-0.5205800263531651
2019-05-24,1.68,16.64,124.8,5,-0.5035878391483575
2019-05-25,0.47,16.94,125.27,5,-0.4970721840156767
2019-05-26,0.0,16.58,125.25,5,-0.49734910290361545
2019-05-27,0.0,15.86,124.41,5,-0.5090072811891807
2019-05-28,0.0,16.66,124.41,5,-0.5090072811891807
2019-05-29,0.0,15.43,124.41,5,-0.5090072811891807
2019-05-30,0.0,14.81,124.41,5,-0.5090072811891807
2019-05-31,0.0,14.43,124.41,5,-0.5090072811891807
2019-06-01,0.02,15.43,124.42999999999999,6,0.44969332946407625
2019-06-02,0.01,15.67,124.44,6,0.44982947658448325
2019-06-03,0.0,15.11,124.00999999999999,6,0.44396862589666897
2019-06-04,0.0,16.24,115.89999999999999,6,0.3308232481669205
2019-06-05,0.0,16.07,113.31,6,0.29358769758392533
2019-06-06,0.0,15.03,112.6,6,0.2832817067914796
2019-06-07,0.0,15.25,106.64,6,0.19501412286048872
2019-06-08,0.0,14.83,106.53,6,0.19335445749738084
2019-06-09,0.0,12.81,93.82,6,-0.006705338270067652
2019-06-10,0.0,13.79,93.14999999999999,6,-0.01774524317660756
2019-06-11,0.0,14.83,93.14999999999999,6,-0.01774524317660756
2019-06-12,0.0,14.78,93.14,6,-0.01791042363639574
2019-06-13,0.0,13.24,93.14,6,-0.01791042363639574
2019-06-14,0.0,11.38,93.14,6,-0.01791042363639574
2019-06-15,0.0,13.42,93.11,6,-0.018406036940828492
2019-06-16,0.0,14.2,93.06,6,-0.019232299001280328
2019-06-17,0.0,14.4,93.06,6,-0.019232299001280328
2019-06-18,0.0,13.63,93.06,6,-0.019232299001280328
2019-06-19,0.0,12.57,93.06,6,-0.019232299001280328
2019-06-20,0.0,12.87,93.06,6,-0.019232299001280328
2019-06-21,0.0,11.9,92.97999999999999,6,-0.020554942632796773
2019-06-22,0.0,14.18,92.67999999999999,6,-0.025521718549239607
2019-06-23,0.0,12.47,92.67999999999999,6,-0.025521718549239607
2019-06-24,0.0,11.77,92.67999999999999,6,-0.025521718549239607
2019-06-25,0.0,12.75,92.22,6,-0.03315859835011527
2019-06-26,0.0,13.81,91.92,6,-0.03815306325911384
2019-06-27,0.0,15.23,91.92,6,-0.03815306325911384
2019-06-28,0.0,15.9,91.92,6,-0.03815306325911384
2019-06-29,0.0,16.74,91.46,6,-0.045832708999424585
2019-06-30,0.0,15.9,90.33,6,-0.06480959655608315
2019-07-01,0.0,10.59,88.34,7,1.0213459253585853
2019-07-02,0.0,8.67,87.05,7,1.0025734659358754
2019-07-03,0.0,11.4,86.53,7,0.9949563739507565
2019-07-04,0.0,13.33,75.47,7,0.8255210197662044
2019-07-05,0.0,14.07,61.519999999999996,7,0.5871959442629558
2019-07-06,0.0,11.96,58.69,7,0.5346425893539626
2019-07-07,0.0,12.75,46.809999999999995,7,0.2936026497713993
2019-07-08,0.0,13.18,46.49999999999999,7,0.2867921997480094
2019-07-09,0.0,13.94,44.42999999999999,7,0.240514300707901
2019-07-10,0.0,15.43,39.379999999999995,7,0.12114456461443504
2019-07-11,0.0,15.98,35.11,7,0.011770897021594562
2019-07-12,0.0,15.98,35.099999999999994,7,0.01150429918722265
2019-07-13,0.0,14.44,35.089999999999996,7,0.011237649010832166
2019-07-14,0.0,14.11,34.37,7,-0.008100462605271056
2019-07-15,0.0,14.92,34.129999999999995,7,-0.014608584594442
2019-07-16,0.0,13.75,34.129999999999995,7,-0.014608584594442
2019-07-17,0.0,14.51,34.089999999999996,7,-0.01569634189350786
2019-07-18,0.0,16.64,34.089999999999996,7,-0.01569634189350786
2019-07-19,0.0,14.95,34.05,7,-0.01678498130449843
2019-07-20,0.0,12.33,34.05,7,-0.01678498130449843
2019-07-21,0.0,10.57,23.549999999999997,7,-0.3402803093797367
2019-07-22,0.0,11.66,3.9,7,-1.5396517369798404
2019-07-23,0.0,13.92,2.4,7,-1.7917659179894323
2019-07-24,0.0,12.22,2.4,7,-1.7917659179894323
2019-07-25,0.0,13.63,2.4,7,-1.7917659179894323
2019-07-26,0.0,15.44,2.4,7,-1.7917659179894323
2019-07-27,0.0,13.06,2.4,7,-1.7917659179894323
2019-07-28,0.0,15.28,2.4,7,-1.7917659179894323
2019-07-29,0.0,17.19,2.4,7,-1.7917659179894323
2019-07-30,0.0,17.91,2.4,7,-1.7917659179894323
2019-07-31,0.0,16.0,2.4,7,-1.7917659179894323
2019-08-01,0.0,15.08,2.4,8,-0.8832226146649192
2019-08-02,0.0,15.36,2.4,8,-0.8832226146649192
2019-08-03,0.0,17.16,2.4,8,-0.8832226146649192
2019-08-04,0.0,19.26,2.4,8,-0.8832226146649192
2019-08-05,0.0,19.88,2.4,8,-0.8832226146649192
2019-08-06,0.0,19.26,2.1799999999999997,8,-0.9287242747199133
2019-08-07,0.0,21.15,2.1799999999999997,8,-0.9287242747199133
2019-08-08,0.0,20.29,2.1799999999999997,8,-0.9287242747199133
2019-08-09,0.0,18.41,2.1799999999999997,8,-0.9287242747199133
2019-08-10,0.0,17.85,2.1799999999999997,8,-0.9287242747199133
2019-08-11,0.0,18.55,2.1799999999999997,8,-0.9287242747199133
2019-08-12,0.0,19.85,2.1799999999999997,8,-0.9287242747199133
2019-08-13,0.0,20.44,2.1799999999999997,8,-0.9287242747199133
2019-08-14,0.0,19.63,2.1799999999999997,8,-0.9287242747199133
2019-08-15,0.0,18.12,2.1799999999999997,8,-0.9287242747199133
2019-08-16,0.0,18.91,2.1799999999999997,8,-0.9287242747199133
2019-08-17,0.0,20.81,2.1799999999999997,8,-0.9287242747199133
2019-08-18,0.0,17.08,2.1799999999999997,8,-0.9287242747199133
2019-08-19,0.0,18.25,2.1799999999999997,8,-0.9287242747199133
2019-08-20,0.0,18.05,2.1799999999999997,8,-0.9287242747199133
2019-08-21,0.04,15.99,2.2199999999999998,8,-0.920187920890865
2019-08-22,0.0,17.08,0.5399999999999999,8,-1.5055235461883816
2019-08-23,0.0,18.22,0.07,8,-2.1645013721460415
2019-08-24,0.0,18.09,0.07,8,-2.1645013721460415
2019-08-25,0.0,17.51,0.07,8,-2.1645013721460415
2019-08-26,0.0,19.48,0.07,8,-2.1645013721460415
2019-08-27,0.0,20.39,0.07,8,-2.1645013721460415
2019-08-28,0.0,20.0,0.07,8,-2.1645013721460415
2019-08-29,0.0,20.64,0.07,8,-2.1645013721460415
2019-08-30,0.0,20.19,0.049999999999999996,8,-2.2592813344717184
2019-08-31,0.0,15.71,0.04,8,-2.3204832897521936
2019-09-01,0.0,15.26,0.04,9,-1.5623327882541784
2019-09-02,0.0,16.79,0.04,9,-1.5623327882541784
2019-09-03,0.0,18.7,0.04,9,-1.5623327882541784
2019-09-04,0.0,19.85,0.04,9,-1.5623327882541784
2019-09-05,0.0,21.63,0.04,9,-1.5623327882541784
2019-09-06,0.38,19.4,0.42,9,-1.0652605659237873
2019-09-07,0.01,15.7,0.43,9,-1.0586453686698378
2019-09-08,0.0,14.98,0.43,9,-1.0586453686698378
2019-09-09,0.0,18.35,0.43,9,-1.0586453686698378
2019-09-10,0.0,19.26,0.43,9,-1.0586453686698378
2019-09-11,0.0,21.45,0.43,9,-1.0586453686698378
2019-09-12,0.0,21.95,0.43,9,-1.0586453686698378
2019-09-13,0.0,20.49,0.43,9,-1.0586453686698378
2019-09-14,0.0,21.09,0.43,9,-1.0586453686698378
2019-09-15,0.0,21.86,0.43,9,-1.0586453686698378
2019-09-16,0.0,23.07,0.43,9,-1.0586453686698378
2019-09-17,0.0,24.09,0.43,9,-1.0586453686698378
2019-09-18,0.0,24.97,0.43,9,-1.0586453686698378
2019-09-19,0.0,24.34,0.43,9,-1.0586453686698378
2019-09-20,0.0,22.78,0.43,9,-1.0586453686698378
2019-09-21,0.0,22.59,0.43,9,-1.0586453686698378
2019-09-22,0.0,23.07,0.43,9,-1.0586453686698378
2019-09-23,0.0,21.4,0.43,9,-1.0586453686698378
2019-09-24,0.0,19.88,0.43,9,-1.0586453686698378
2019-09-25,0.0,17.94,0.43,9,-1.0586453686698378
2019-09-26,0.0,14.99,0.43,9,-1.0586453686698378
2019-09-27,0.0,17.25,0.43,9,-1.0586453686698378
2019-09-28,0.0,20.66,0.43,9,-1.0586453686698378
2019-09-29,0.0,22.67,0.43,9,-1.0586453686698378
2019-09-30,0.0,19.67,0.43,9,-1.0586453686698378
2019-10-01,0.0,18.15,0.43,10,-1.8992245677942508
2019-10-02,0.37,17.43,0.8,10,-1.7090576587816322
2019-10-03,0.0,19.37,0.8,10,-1.7090576587816322
2019-10-04,0.0,23.89,0.8,10,-1.7090576587816322
2019-10-05,0.0,26.76,0.8,10,-1.7090576587816322
2019-10-06,0.0,26.43,0.8,10,-1.7090576587816322
2019-10-07,0.0,25.99,0.8,10,-1.7090576587816322
2019-10-08,0.0,25.07,0.8,10,-1.7090576587816322
2019-10-09,0.0,25.81,0.8,10,-1.7090576587816322
2019-10-10,0.0,25.8,0.8,10,-1.7090576587816322
2019-10-11,0.01,20.03,0.8099999999999999,10,-1.704836710946424
2019-10-12,0.0,22.96,0.8099999999999999,10,-1.704836710946424
2019-10-13,0.0,27.62,0.8099999999999999,10,-1.704836710946424
2019-10-14,0.0,27.15,0.8099999999999999,10,-1.704836710946424
2019-10-15,2.54,26.71,3.35,10,-1.1111228356118006
2019-10-16,0.01,25.33,3.36,10,-1.1096292851627307
2019-10-17,0.0,25.29,3.36,10,-1.1096292851627307
2019-10-18,0.0,26.57,3.36,10,-1.1096292851627307
2019-10-19,0.0,28.07,3.36,10,-1.1096292851627307
2019-10-20,0.0,28.98,3.36,10,-1.1096292851627307
2019-10-21,0.0,29.56,3.36,10,-1.1096292851627307
2019-10-22,0.0,28.45,3.36,10,-1.1096292851627307
2019-10-23,0.04,27.03,3.4,10,-1.1036879967806055
2019-10-24,0.0,28.51,3.4,10,-1.1036879967806055
2019-10-25,1.45,28.51,4.85,10,-0.916727993595471
2019-10-26,0.22,28.96,5.07,10,-0.8921539775112391
2019-10-27,0.0,29.22,5.07,10,-0.8921539775112391
2019-10-28,0.0,26.18,5.07,10,-0.8921539775112391
2019-10-29,0.0,20.85,5.07,10,-0.8921539775112391
2019-10-30,0.0,22.17,5.07,10,-0.8921539775112391
2019-10-31,0.0,24.98,5.07,10,-0.8921539775112391
2019-11-01,10.09,22.36,15.16,11,-1.8702122440115685
2019-11-02,1.43,23.14,16.59,11,-1.7810811596462808
2019-11-03,0.0,26.54,16.59,11,-1.7810811596462808
2019-11-04,0.0,27.83,16.59,11,-1.7810811596462808
2019-11-05,0.0,26.61,16.59,11,-1.7810811596462808
2019-11-06,0.0,26.63,16.59,11,-1.7810811596462808
2019-11-07,0.0,28.24,16.59,11,-1.7810811596462808
2019-11-08,0.02,27.76,16.61,11,-1.7798767344409083
2019-11-09,0.36,25.81,16.97,11,-1.7583828394812617
2019-11-10,1.43,24.68,18.4,11,-1.676265969410958
2019-11-11,2.79,24.57,21.19,11,-1.5289657894033595
2019-11-12,6.62,24.14,27.810000000000002,11,-1.2298055877482197
2019-11-13,5.35,23.29,33.16,11,-1.0242444641102872
2019-11-14,0.35,24.45,33.51,11,-1.0116585371502225
2019-11-15,0.0,23.01,33.51,11,-1.0116585371502225
2019-11-16,0.0,25.33,33.51,11,-1.0116585371502225
2019-11-17,0.0,27.17,33.51,11,-1.0116585371502225
2019-11-18,0.02,29.16,33.53,11,-1.010942204554187
2019-11-19,4.66,26.9,38.15,11,-0.8530876427293953
2019-11-20,11.22,24.36,49.370000000000005,11,-0.5195264967474418
2019-11-21,1.42,25.23,50.79,11,-0.4812471394380591
2019-11-22,0.84,26.69,51.63,11,-0.4589523205117639
2019-11-23,0.12,28.62,51.75,11,-0.4557879610197695
2019-11-24,0.04,27.4,51.79,11,-0.4547343066355224
2019-11-25,0.0,26.76,51.79,11,-0.4547343066355224
2019-11-26,0.0,26.83,51.79,11,-0.4547343066355224
2019-11-27,0.06,28.38,51.85,11,-0.4531548837430383
2019-11-28,0.0,28.83,51.85,11,-0.4531548837430383
2019-11-29,0.0,27.0,51.85,11,-0.4531548837430383
2019-11-30,0.0,28.32,51.85,11,-0.4531548837430383
2019-12-01,0.0,28.01,51.85,12,-1.8782132368403741
2019-12-02,0.0,28.78,51.85,12,-1.8782132368403741
2019-12-03,5.78,28.61,57.63,12,-1.7154214026225145
2019-12-04,16.74,21.88,74.37,12,-1.302442951416927
2019-12-05,13.48,17.62,87.47,12,-1.0235271776857944
2019-12-06,14.55,17.68,102.00999999999999,12,-0.7464361594768412
2019-12-07,18.52,20.27,120.53,12,-0.43065229022553975
2019-12-08,7.49,23.31,128.02,12,-0.3123993377040607
2019-12-09,6.9,23.58,134.92,12,-0.20755781138602808
2019-12-10,15.87,21.82,150.79,12,0.02051652208393976
2019-12-11,0.04,23.44,150.82999999999998,12,0.02107047463016402
2019-12-12,0.0,23.73,150.82999999999998,12,0.02107047463016402
2019-12-13,0.0,23.88,150.82999999999998,12,0.02107047463016402
2019-12-14,0.0,25.42,150.82999999999998,12,0.02107047463016402
2019-12-15,0.0,26.93,150.82999999999998,12,0.02107047463016402
2019-12-16,0.0,24.22,150.82999999999998,12,0.02107047463016402
2019-12-17,0.05,23.75,150.88,12,0.021762776766668192
2019-12-18,1.93,25.09,152.81,12,0.04836889961698188
2019-12-19,0.51,26.67,153.32,12,0.05536188065546066
2019-12-20,0.98,28.16,154.3,12,0.06875576681534226
2019-12-21,0.87,25.32,155.17,12,0.08059862120225418
2019-12-22,0.9,25.25,156.07,12,0.09280318945948712
2019-12-23,5.17,24.32,161.24,12,0.16201585403431212
2019-12-24,0.72,26.59,161.96,12,0.171536692721535
2019-12-25,1.08,28.16,163.04,12,0.1857651906329979
2019-12-26,0.18,29.67,163.22,12,0.1881304953028355
2019-12-27,26.54,24.24,189.76,12,0.5194823085792585
2019-12-28,1.99,23.3,191.75,12,0.5430601518452435
2019-12-29,1.69,23.74,193.44,12,0.5629575988107993
2019-12-30,1.08,24.72,194.52,12,0.5756134079869458
2019-12-31,2.21,25.74,196.35999999999999,12,0.5970693731755279
2020-01-01,5.61,25.2,201.97,1,-0.4791454481527246
2020-01-02,6.57,24.79,208.54,1,-0.369650893342421
2020-01-03,0.39,26.91,208.93,1,-0.363224842355134
2020-01-04,0.49,26.54,209.42,1,-0.35516253698162165
2020-01-05,0.46,27.03,209.88,1,-0.3476054036901763
2020-01-06,0.86,26.26,210.73999999999998,1,-0.3335067322927248
2020-01-07,8.07,26.14,218.81,1,-0.20305743777087432
2020-01-08,5.05,23.12,223.85999999999999,1,-0.12306219776524269
2020-01-09,3.98,23.1,227.83,1,-0.061020022091294965
2020-01-10,1.75,25.35,229.58,1,-0.03390117768565344
2020-01-11,3.59,23.65,233.17000000000002,1,0.021301593291531012
2020-01-12,1.21,24.97,234.38,1,0.039779524058325105
2020-01-13,1.25,25.95,233.09,1,0.02007765725820772
2020-01-14,0.45,25.12,233.53,1,0.0268058374449659
2020-01-15,0.07,24.72,233.6,1,0.027875448975093423
2020-01-16,0.04,24.81,233.64,1,0.028486559466418128
2020-01-17,9.31,23.61,242.95,1,0.16886491898327788
2020-01-18,5.99,23.12,248.94,1,0.2572992246048195
2020-01-19,0.15,24.86,249.09,1,0.25949552820398974
2020-01-20,1.67,24.13,250.76,1,0.2838885961359527
2020-01-21,0.21,24.38,250.93,1,0.2863656674425637
2020-01-22,0.02,27.17,250.95,1,0.2866570143515762
2020-01-23,15.5,26.91,265.0,1,0.48763916635146837
2020-01-24,9.0,23.33,273.78,1,0.6096801069695623
2020-01-25,22.47,22.72,296.25,1,0.9107046352804582
2020-01-26,0.74,24.64,296.99,1,0.92035932580633
2020-01-27,0.0,23.51,296.99,1,0.92035932580633
2020-01-28,0.26,22.93,297.25,1,0.9237477763852497
2020-01-29,0.0,24.57,297.25,1,0.9237477763852497
2020-01-30,0.08,25.28,287.24,1,0.7918640347515946
2020-01-31,0.0,24.56,285.81,1,0.7727786907757379
2020-02-01,0.0,25.07,285.81,2,0.1833904781544066
2020-02-02,0.0,25.21,285.81,2,0.1833904781544066
2020-02-03,0.0,23.85,285.81,2,0.1833904781544066
2020-02-04,0.03,24.42,285.84,2,0.18374349165949486
2020-02-05,2.06,25.45,287.9,2,0.2079250300018524
2020-02-06,2.45,23.74,290.33000000000004,2,0.2363023972920065
2020-02-07,5.1,24.06,295.07,2,0.29120490439241176
2020-02-08,8.37,21.76,302.01,2,0.37054382033645783
2020-02-09,1.8,24.44,301.02,2,0.3593004354132771
2020-02-10,3.85,24.63,298.25,2,0.32771091299132066
2020-02-11,4.08,22.67,296.98,2,0.31316258203367986
2020-02-12,7.58,21.88,304.21,2,0.3954420210328538
2020-02-13,0.12,23.12,304.33,2,0.3967966714545216
2020-02-14,0.05,24.65,304.38,2,0.39736100478299186
2020-02-15,0.03,24.7,304.40999999999997,2,0.39769957532859673
2020-02-16,0.21,24.4,304.6,2,0.39984334276888955
2020-02-17,0.65,25.57,300.59,2,0.35440931391462793
2020-02-18,0.31,24.44,289.68,2,0.22872725916679634
2020-02-19,0.45,25.0,288.71,2,0.21740178382643804
2020-02-20,2.94,25.78,290.81,2,0.24188911421688128
2020-02-21,30.09,24.01,320.78000000000003,2,0.5792516510251515
2020-02-22,0.61,24.99,321.34999999999997,2,0.5854619283671059
2020-02-23,2.83,23.8,324.18,2,0.6161884384197811
2020-02-24,0.88,20.38,325.06,2,0.6257069537376533
2020-02-25,0.37,21.01,325.37,2,0.6290560265795397
2020-02-26,0.0,22.16,325.37,2,0.6290560265795397
2020-02-27,0.0,24.29,325.37,2,0.6290560265795397
2020-02-28,0.13,25.48,325.5,2,0.6304598514541578
2020-02-29,1.31,23.26,326.81,2,0.644585538154691
2020-03-01,1.69,20.75,328.5,3,0.5746209260788722
2020-03-02,5.29,19.6,328.01,3,0.570621222960016
2020-03-03,0.29,20.64,311.56,3,0.4339979468080962
2020-03-04,0.19,21.37,298.27,3,0.3200986153192447
2020-03-05,0.01,21.69,283.72999999999996,3,0.19156403859691762
2020-03-06,0.0,21.78,265.21,3,0.021328179964789803
2020-03-07,0.0,20.23,257.71999999999997,3,-0.04977894142067158
2020-03-08,1.59,21.59,252.41,3,-0.1010342125327961
2020-03-09,0.0,23.47,236.54,3,-0.2586839577601577
2020-03-10,0.06,23.68,236.56,3,-0.25848085498940676
2020-03-11,0.22,24.72,236.78,3,-0.2562474901278216
2020-03-12,4.33,24.39,241.11,3,-0.2125732918950199
2020-03-13,4.15,23.72,245.26000000000002,3,-0.17120864366799562
2020-03-14,0.3,24.12,245.56,3,-0.1682367725611851
2020-03-15,0.01,24.86,245.57000000000002,3,-0.1681377523340968
2020-03-16,0.03,23.81,245.55,3,-0.16833579550530328
2020-03-17,11.18,21.09,254.79999999999998,3,-0.07787576869816565
2020-03-18,1.9,21.64,256.19,3,-0.06447409900081479
2020-03-19,0.0,22.86,255.20999999999998,3,-0.07391766381711966
2020-03-20,0.01,23.59,254.35000000000002,3,-0.08222495765196276
2020-03-21,4.57,22.79,258.02,3,-0.04690440825416706
2020-03-22,7.97,21.16,260.82,3,-0.02018292193328253
2020-03-23,0.37,22.31,260.47,3,-0.02351255448639679
2020-03-24,0.0,24.11,259.39,3,-0.03380579741743392
2020-03-25,0.0,25.57,259.21000000000004,3,-0.0355241306073626
2020-03-26,0.0,25.06,232.67000000000002,3,-0.29820488695039554
2020-03-27,0.0,22.31,230.68,3,-0.31870039644350256
2020-03-28,0.11,21.07,229.1,3,-0.3350586655460884
2020-03-29,1.66,22.51,229.67999999999998,3,-0.3290448775164288
2020-03-30,2.3,20.69,229.77,3,-0.32811262614271586
2020-03-31,0.0,22.72,224.16,3,-0.38670286953955046
2020-04-01,0.36,23.07,217.95,4,-0.09594941171351277
2020-04-02,6.0,19.85,223.55999999999997,4,-0.03998904954816464
2020-04-03,9.86,17.59,232.93,4,0.05141145688217376
2020-04-04,0.91,17.15,233.38,4,0.05573851734152546
2020-04-05,0.0,19.51,232.52,4,0.04746414945665408
2020-04-06,0.0,21.8,224.45,4,-0.031198245906476678
2020-04-07,0.0,19.81,219.4,4,-0.08139352436458452
2020-04-08,0.0,19.38,215.42,4,-0.12150384480221185
2020-04-09,0.28,19.77,213.95,4,-0.13644467101010221
2020-04-10,0.07,19.21,210.42999999999998,4,-0.17250490964135443
2020-04-11,0.22,20.63,209.44,4,-0.1827201334134125
2020-04-12,0.0,22.53,208.19,4,-0.19566484164370349
2020-04-13,0.0,23.84,207.73999999999998,4,-0.20033779198801588
2020-04-14,1.22,21.17,208.89,4,-0.18840935624662378
2020-04-15,0.0,17.7,208.85,4,-0.18882351247654267
2020-04-16,0.0,17.59,199.54,4,-0.28671551132625117
2020-04-17,0.0,18.66,193.54999999999998,4,-0.3513468633320729
2020-04-18,14.54,19.04,207.94,4,-0.19826008139334692
2020-04-19,0.27,19.48,206.54,4,-0.21283253903401658
2020-04-20,0.0,20.28,206.32999999999998,4,-0.21502416293420293
2020-04-21,0.01,20.46,206.32000000000002,4,-0.2151285635986524
2020-04-22,0.0,19.19,190.82000000000002,4,-0.38125475797203945
2020-04-23,0.0,18.72,181.82000000000002,4,-0.4819670217408436
2020-04-24,0.0,17.92,159.35000000000002,4,-0.7492751627995419
2020-04-25,1.12,18.62,159.73,4,-0.7445453362456557
2020-04-26,0.21,19.46,159.94,4,-0.7419348200175171
2020-04-27,4.0,18.88,163.68,4,-0.6958341780728168
2020-04-28,45.35,17.73,209.03,4,-0.18696023124655925
2020-04-29,0.23,15.05,209.18,4,-0.18540832475884317
2020-04-30,0.0,15.95,209.18,4,-0.18540832475884317
2020-05-01,0.0,17.16,209.18,5,0.46977823695192417
2020-05-02,0.0,19.58,209.18,5,0.46977823695192417
2020-05-03,0.0,19.66,209.18,5,0.46977823695192417
2020-05-04,0.0,19.52,209.15,5,0.4694841301193116
2020-05-05,0.0,17.75,207.09,5,0.4492219485170916
2020-05-06,0.0,16.95,204.64000000000001,5,0.4249499671107422
2020-05-07,0.0,15.34,199.54000000000002,5,0.373802345060504
2020-05-08,0.0,17.31,191.17000000000002,5,0.28795144873124123
2020-05-09,0.0,17.06,189.37,5,0.2691646417178692
2020-05-10,0.0,16.37,185.52,5,0.22857969173830314
2020-05-11,0.0,17.14,181.44,5,0.18495368408386642
2020-05-12,0.0,16.84,173.86,5,0.10213331994473904
2020-05-13,0.0,15.97,173.74,5,0.10080294926486098
2020-05-14,0.0,15.48,173.69,5,0.10024844665153282
2020-05-15,0.0,16.35,173.66,5,0.09991569380288752
2020-05-16,0.0,15.85,173.45000000000002,5,0.09758534591601
2020-05-17,0.0,14.38,172.8,5,0.0903603725968185
2020-05-18,0.0,16.83,172.49,5,0.08690820662761288
2020-05-19,0.0,16.45,172.04000000000002,5,0.08188959698569633
2020-05-20,0.0,15.33,169.10000000000002,5,0.04888292253634434
2020-05-21,0.0,14.18,139.01000000000002,5,-0.3135861164809854
2020-05-22,0.0,14.3,138.4,5,-0.3214622573437125
2020-05-23,0.0,14.94,135.57000000000002,5,-0.35831569280984993
2020-05-24,0.0,15.94,134.69,5,-0.36988246130143326
2020-05-25,0.0,15.18,134.32000000000002,5,-0.37476119597951996
2020-05-26,0.0,12.27,134.32000000000002,5,-0.37476119597951996
2020-05-27,0.0,6.9,134.32000000000002,5,-0.37476119597951996
2020-05-28,0.0,9.8,134.19,5,-0.3764775282753242
2020-05-29,0.0,13.01,132.88,5,-0.39383671659296116
2020-05-30,0.0,15.38,131.19,5,-0.41640537373431435
2020-05-31,0.0,15.02,125.89999999999999,5,-0.4883647663101696
2020-06-01,0.0,16.72,125.61,6,0.46570918388868465
2020-06-02,0.0,15.8,125.42,6,0.46313707407800664
2020-06-03,0.0,15.57,125.41,6,0.4630016288125031
2020-06-04,0.0,15.29,125.41,6,0.4630016288125031
2020-06-05,0.0,13.06,125.41,6,0.4630016288125031
2020-06-06,0.0,13.55,123.82,6,0.4413746797538204
2020-06-07,0.0,12.89,123.82,6,0.4413746797538204
2020-06-08,0.0,14.11,123.75999999999999,6,0.44055499367519235
2020-06-09,0.0,13.41,123.53999999999999,6,0.43754723418005625
2020-06-10,0.0,13.04,119.21,6,0.3776154295946906
2020-06-11,0.0,11.2,115.05999999999999,6,0.31880791719738105
2020-06-12,0.0,6.49,114.75999999999999,6,0.31450262562840187
2020-06-13,0.0,6.67,114.75,6,0.31435898733841816
2020-06-14,0.0,9.37,114.72,6,0.31392802261300307
2020-06-15,0.0,11.55,103.53999999999999,6,0.1477960316408897
2020-06-16,2.05,10.22,103.69,6,0.15010239491335842
2020-06-17,4.25,9.84,107.94,6,0.21454232565715092
2020-06-18,0.09,10.35,108.02,6,0.2157389219617311
2020-06-19,0.0,9.99,103.44999999999999,6,0.14641113950006865
2020-06-20,0.0,11.96,95.47999999999999,6,0.020419812671112637
2020-06-21,0.0,12.62,95.11,6,0.014401572645718957
2020-06-22,0.0,12.45,95.11,6,0.014401572645718957
2020-06-23,0.0,11.74,95.11,6,0.014401572645718957
2020-06-24,0.0,12.31,95.11,6,0.014401572645718957
2020-06-25,0.0,10.77,95.11,6,0.014401572645718957
2020-06-26,0.0,11.91,95.0,6,0.012609321269579183
2020-06-27,0.0,10.17,93.33999999999999,6,-0.014609088769149256
2020-06-28,0.0,10.45,91.03999999999999,6,-0.052867426091833605
2020-06-29,0.0,11.37,91.03999999999999,6,-0.052867426091833605
2020-06-30,0.0,12.08,90.67999999999999,6,-0.05891469555050618
2020-07-01,0.0,11.19,84.67999999999999,7,0.9676189317633385
2020-07-02,0.0,13.42,74.82,7,0.8150816904237196
2020-07-03,0.0,13.85,73.91,7,0.8003681383495185
2020-07-04,0.0,13.34,73.91,7,0.8003681383495185
2020-07-05,0.0,13.74,73.91,7,0.8003681383495185
2020-07-06,0.0,13.93,73.91,7,0.8003681383495185
2020-07-07,0.0,15.29,73.91,7,0.8003681383495185
2020-07-08,0.02,12.82,73.64999999999999,7,0.7961428609006045
2020-07-09,0.43,13.72,74.00999999999999,7,0.8019906958461385
2020-07-10,0.0,15.3,73.78999999999999,7,0.7984192019807399
2020-07-11,0.0,9.42,73.78999999999999,7,0.7984192019807399
2020-07-12,0.0,7.66,73.78999999999999,7,0.7984192019807399
2020-07-13,0.0,9.97,72.57,7,0.7784880600698635
2020-07-14,0.0,8.09,72.57,7,0.7784880600698635
2020-07-15,0.0,6.26,72.57,7,0.7784880600698635
2020-07-16,0.0,7.57,72.57,7,0.7784880600698635
2020-07-17,0.0,9.89,58.03,7,0.5221479496111697
2020-07-18,0.0,11.3,57.76,7,0.5170095420013485
2020-07-19,0.0,13.0,57.76,7,0.5170095420013485
2020-07-20,0.0,12.02,57.75,7,0.5168189270852996
2020-07-21,0.0,13.96,57.75,7,0.5168189270852996
2020-07-22,0.0,12.18,57.75,7,0.5168189270852996
2020-07-23,0.0,11.37,57.75,7,0.5168189270852996
2020-07-24,0.0,10.62,56.63,7,0.49533089829322163
2020-07-25,0.19,10.49,56.61,7,0.4949446469392942
2020-07-26,0.0,12.56,52.61,7,0.4158059183016287
2020-07-27,0.0,11.8,7.26,7,-1.1803292018846845
2020-07-28,0.0,11.2,7.029999999999999,7,-1.2001199383322765
2020-07-29,0.0,13.38,7.029999999999999,7,-1.2001199383322765
2020-07-30,0.0,14.04,7.029999999999999,7,-1.2001199383322765
2020-07-31,0.0,14.06,7.029999999999999,7,-1.2001199383322765
2020-08-01,0.0,16.08,7.029999999999999,8,-0.3015040719712982
2020-08-02,0.0,14.24,7.029999999999999,8,-0.3015040719712982
2020-08-03,0.0,14.36,7.029999999999999,8,-0.3015040719712982
2020-08-04,0.0,15.49,7.029999999999999,8,-0.3015040719712982
2020-08-05,0.0,15.69,7.029999999999999,8,-0.3015040719712982
2020-08-06,0.0,15.26,7.029999999999999,8,-0.3015040719712982
2020-08-07,0.0,13.12,7.029999999999999,8,-0.3015040719712982
2020-08-08,0.12,12.65,7.149999999999999,8,-0.2910534626959928
2020-08-09,0.0,15.63,7.149999999999999,8,-0.2910534626959928
2020-08-10,0.0,13.72,7.149999999999999,8,-0.2910534626959928
2020-08-11,0.0,14.47,7.149999999999999,8,-0.2910534626959928
2020-08-12,0.0,16.36,7.149999999999999,8,-0.2910534626959928
2020-08-13,0.0,14.92,7.149999999999999,8,-0.2910534626959928
2020-08-14,0.0,13.37,7.149999999999999,8,-0.2910534626959928
2020-08-15,0.0,16.38,7.149999999999999,8,-0.2910534626959928
2020-08-16,0.0,14.56,7.149999999999999,8,-0.2910534626959928
2020-08-17,0.0,15.62,7.149999999999999,8,-0.2910534626959928
2020-08-18,0.0,12.87,7.149999999999999,8,-0.2910534626959928
2020-08-19,0.0,8.62,7.149999999999999,8,-0.2910534626959928
2020-08-20,0.0,11.16,7.149999999999999,8,-0.2910534626959928
2020-08-21,0.0,13.54,7.149999999999999,8,-0.2910534626959928
2020-08-22,0.0,12.9,7.149999999999999,8,-0.2910534626959928
2020-08-23,0.0,14.87,7.149999999999999,8,-0.2910534626959928
2020-08-24,0.0,18.08,7.149999999999999,8,-0.2910534626959928
2020-08-25,0.0,20.03,7.149999999999999,8,-0.2910534626959928
2020-08-26,0.0,21.16,7.149999999999999,8,-0.2910534626959928
2020-08-27,0.07,19.83,7.219999999999999,8,-0.28501652082856854
2020-08-28,0.02,20.31,7.239999999999999,8,-0.2832995574267493
2020-08-29,0.01,16.91,7.249999999999999,8,-0.28244237761335866
2020-08-30,0.0,12.42,7.249999999999999,8,-0.28244237761335866
2020-08-31,0.0,13.45,7.249999999999999,8,-0.28244237761335866
2020-09-01,0.55,14.18,7.799999999999999,9,0.1317315142603853
2020-09-02,0.6,14.83,8.399999999999999,9,0.17615102895061718
2020-09-03,0.02,17.91,8.419999999999998,9,0.17759339806568777
2020-09-04,0.0,20.73,8.419999999999998,9,0.17759339806568777
2020-09-05,0.0,19.56,8.419999999999998,9,0.17759339806568777
2020-09-06,0.0,19.17,8.419999999999998,9,0.17759339806568777
2020-09-07,0.0,19.23,8.419999999999998,9,0.17759339806568777
2020-09-08,0.0,21.13,8.419999999999998,9,0.17759339806568777
2020-09-09,0.0,20.92,8.419999999999998,9,0.17759339806568777
2020-09-10,0.0,21.08,8.419999999999998,9,0.17759339806568777
2020-09-11,0.0,19.51,8.419999999999998,9,0.17759339806568777
2020-09-12,0.0,18.29,8.419999999999998,9,0.17759339806568777
2020-09-13,0.0,18.34,8.419999999999998,9,0.17759339806568777
2020-09-14,0.0,20.79,6.37,9,0.015336727258524037
2020-09-15,0.0,22.51,2.12,9,-0.5123059352266081
2020-09-16,0.0,22.48,2.0300000000000002,9,-0.5301190736617925
2020-09-17,0.0,22.34,2.0300000000000002,9,-0.5301190736617925
2020-09-18,0.01,23.21,2.04,9,-0.5281110069665235
2020-09-19,0.0,23.33,2.04,9,-0.5281110069665235
2020-09-20,0.0,25.38,2.04,9,-0.5281110069665235
2020-09-21,0.0,23.62,2.04,9,-0.5281110069665235
2020-09-22,0.3,18.49,2.3400000000000003,9,-0.47102564619590925
2020-09-23,0.01,17.86,2.35,9,-0.4692192390765771
2020-09-24,0.0,21.46,2.35,9,-0.4692192390765771
2020-09-25,0.0,24.31,2.35,9,-0.4692192390765771
2020-09-26,0.0,20.74,2.35,9,-0.4692192390765771
2020-09-27,0.0,19.26,2.35,9,-0.4692192390765771
2020-09-28,0.0,18.63,2.35,9,-0.4692192390765771
2020-09-29,0.0,19.01,2.35,9,-0.4692192390765771
2020-09-30,0.07,20.0,2.42,9,-0.4567319263363795
2020-10-01,0.1,22.59,2.52,10,-1.2486765292267266
2020-10-02,0.06,22.55,2.58,10,-1.2376828569867762
2020-10-03,0.34,21.95,2.92,10,-1.1787437543876078
2020-10-04,0.0,23.82,2.92,10,-1.1787437543876078
2020-10-05,0.13,24.96,3.0500000000000003,10,-1.1575589462217581
2020-10-06,15.58,20.51,18.61,10,-0.021845190378853043
2020-10-07,16.42,19.14,34.6,10,0.5301070903800805
2020-10-08,3.15,19.22,37.75,10,0.617264838217198
2020-10-09,0.05,21.92,37.800000000000004,10,0.6186093570261543
2020-10-10,0.0,21.87,37.800000000000004,10,0.6186093570261543
2020-10-11,1.09,19.02,38.89,10,0.6476371407516762
2020-10-12,0.32,17.48,39.21,10,0.6560586291704488
2020-10-13,0.0,19.58,39.21,10,0.6560586291704488
2020-10-14,0.0,23.06,39.21,10,0.6560586291704488
2020-10-15,0.0,22.08,39.21,10,0.6560586291704488
2020-10-16,0.0,24.7,39.21,10,0.6560586291704488
2020-10-17,0.0,24.81,39.21,10,0.6560586291704488
2020-10-18,0.0,27.11,39.21,10,0.6560586291704488
2020-10-19,0.0,28.52,39.21,10,0.6560586291704488
2020-10-20,0.0,28.42,39.21,10,0.6560586291704488
2020-10-21,0.0,25.21,39.21,10,0.6560586291704488
2020-10-22,0.0,24.52,39.21,10,0.6560586291704488
2020-10-23,0.0,26.48,39.02,10,0.6510637684914329
2020-10-24,0.0,29.14,39.02,10,0.6510637684914329
2020-10-25,2.36,27.64,41.38,10,0.712025627300029
2020-10-26,0.04,26.14,41.42,10,0.713039273455983
2020-10-27,0.05,26.55,41.470000000000006,10,0.7143054437052806
2020-10-28,0.0,26.74,41.470000000000006,10,0.7143054437052806
2020-10-29,0.0,26.56,41.470000000000006,10,0.7143054437052806
2020-10-30,0.0,26.77,41.470000000000006,10,0.7143054437052806
2020-10-31,9.75,22.91,51.220000000000006,10,0.9445908792883928
2020-11-01,31.62,21.19,82.84,11,0.235726667112371
2020-11-02,1.18,21.68,84.02000000000001,11,0.2581941406258947
2020-11-03,38.86,18.97,122.88,11,0.9045394747065452
2020-11-04,1.63,21.0,124.51,11,0.9285186078769728
2020-11-05,1.95,23.39,126.46000000000001,11,0.9569414077792275
2020-11-06,0.04,23.99,126.38,11,0.9557809086064721
2020-11-07,0.0,26.38,126.38,11,0.9557809086064721
2020-11-08,11.79,27.17,138.17,11,1.121975399577243
2020-11-09,1.56,22.77,139.73,11,1.1432770507047074
2020-11-10,2.29,20.45,142.02,11,1.1742740947090025
2020-11-11,0.18,22.57,142.2,11,1.1766970173899136
2020-11-12,0.09,22.29,142.29,11,1.177907747097851
2020-11-13,0.91,21.95,143.2,11,1.1901223010106756
2020-11-14,0.0,23.21,143.2,11,1.1901223010106756
2020-11-15,0.04,24.06,143.24,11,1.1906580705393508
2020-11-16,0.02,24.88,143.26,11,1.1909259196343207
2020-11-17,0.06,25.0,143.32,11,1.1917293243103242
2020-11-18,0.2,27.57,143.52,11,1.1944057966979158
2020-11-19,0.24,28.35,143.76,11,1.1976144359422727
2020-11-20,14.85,23.35,158.60999999999999,11,1.3898905812968962
2020-11-21,12.12,20.83,170.73,11,1.5385598254551023
2020-11-22,4.32,23.32,175.04999999999998,11,1.5899459448615347
2020-11-23,0.76,25.87,175.81,11,1.5989037911319526
2020-11-24,0.0,26.18,175.81,11,1.5989037911319526
2020-11-25,0.0,24.11,175.74,11,1.5980797392135917
2020-11-26,0.23,25.52,175.95,11,1.6005512802374837
2020-11-27,5.1,26.28,181.04,11,1.6599020278071253
2020-11-28,4.13,23.61,185.17,11,1.7072989602867157
2020-11-29,5.98,24.44,191.15,11,1.7747759425453786
2020-11-30,1.41,25.15,192.01,11,1.7843716747134537
2020-12-01,1.09,25.69,192.5,12,0.5519045388307161
2020-12-02,0.0,23.89,192.48,12,0.5516689825830525
2020-12-03,6.18,22.68,198.66,12,0.6237047304516184
2020-12-04,8.0,21.19,206.66,12,0.7148072979811355
2020-12-05,11.73,21.43,218.39,12,0.844315095866448
2020-12-06,0.26,21.76,218.64999999999998,12,0.8471337957174588
2020-12-07,0.7,23.36,219.35,12,0.854711794305878
2020-12-08,6.69,23.24,226.04,12,0.9263563322667558
2020-12-09,1.03,24.14,227.07,12,0.9372641472647523
2020-12-10,1.94,26.44,229.01,12,0.9577222646071336
2020-12-11,7.3,27.13,236.30999999999997,12,1.0337146532595074
2020-12-12,8.85,25.84,245.16,12,1.1238373250846705
2020-12-13,31.6,22.21,276.76,12,1.4295695323249364
2020-12-14,1.36,22.45,278.12,12,1.442214576207219
2020-12-15,0.79,22.64,278.90999999999997,12,1.4495417899322818
2020-12-16,0.74,22.33,279.65,12,1.4563932828379025
2020-12-17,11.09,20.38,290.73,12,1.5576304305754431
2020-12-18,0.91,22.17,291.64,12,1.5658353988347082
2020-12-19,2.84,22.27,294.48,12,1.59133821144731
2020-12-20,0.52,23.91,295.0,12,1.5959908365218987
2020-12-21,4.73,22.91,299.43,12,1.6354186464666145
2020-12-22,1.53,25.07,300.95,12,1.648861801622835
2020-12-23,1.34,25.59,302.29,12,1.660677433179167
2020-12-24,0.0,26.26,302.29,12,1.660677433179167
2020-12-25,0.16,24.65,302.45,12,1.6620860400062494
2020-12-26,0.06,25.59,302.51,12,1.6626141461091661
2020-12-27,0.09,27.0,302.6,12,1.663406181118718
2020-12-28,0.36,27.41,302.96,12,1.6665728328541611
2020-12-29,0.5,27.17,303.39,12,1.6703521067663065
2020-12-30,0.74,28.8,304.03,12,1.6759708086552287
2020-12-31,2.77,24.59,306.73999999999995,12,1.6996800447788813
2021-01-01,31.17,22.52,337.57,1,1.4274291879479213
2021-01-02,10.68,18.96,348.25,1,1.5542311673104705
2021-01-03,0.24,21.73,348.36,1,1.5555240140082482
2021-01-04,0.13,23.77,332.91,1,1.3712877667810681
2021-01-05,3.64,24.21,320.13,1,1.214656353480244
2021-01-06,17.69,24.4,334.66999999999996,1,1.392550865586291
2021-01-07,9.48,23.81,344.1,1,1.505261620542997
2021-01-08,5.8,21.72,349.90000000000003,1,1.5735962561139623
2021-01-09,1.77,24.26,350.58,1,1.5815598661173458
2021-01-10,3.61,24.19,353.87,1,1.6199495734016807
2021-01-11,5.46,22.44,359.33,1,1.6831554619616287
2021-01-12,2.21,23.47,361.54,1,1.7085628789648029
2021-01-13,0.95,24.43,362.49,1,1.719453892030772
2021-01-14,3.72,23.75,366.21,1,1.761924921291579
2021-01-15,1.46,24.68,367.67,1,1.7785178273668116
2021-01-16,1.91,25.96,369.58,1,1.8001611604755596
2021-01-17,0.02,26.68,369.6,1,1.8003874115103278
2021-01-18,0.65,25.02,370.25,1,1.8077362918904658
2021-01-19,2.07,23.68,372.32,1,1.8310845723670925
2021-01-20,0.01,25.27,372.33,1,1.8311971633846704
2021-01-21,0.03,25.35,372.36,1,1.8315349247866235
2021-01-22,0.07,25.0,372.43,1,1.832322966773094
2021-01-23,0.0,25.23,370.07,1,1.805702047780966
2021-01-24,0.13,25.86,370.16,1,1.806719249278369
2021-01-25,21.59,22.03,391.7,1,2.0457464361331947
2021-01-26,6.57,22.72,398.27,1,2.116972384742408
2021-01-27,22.35,23.15,420.62,1,2.353804608675414
2021-01-28,7.82,23.02,428.44,1,2.434774202813337
2021-01-29,8.36,21.9,427.05,1,2.4204509082367225
2021-01-30,2.06,22.98,397.49,1,2.1085557973879627
2021-01-31,14.32,21.91,410.63,1,2.2489618071482815
2021-02-01,52.48,22.33,424.25,2,1.6057804886438518
2021-02-02,47.81,19.44,470.43,2,2.0115703962731786
2021-02-03,4.01,20.06,472.49,2,2.029065573158332
2021-02-04,6.08,21.47,478.53,2,2.0800833596350525
2021-02-05,30.98,21.09,509.51,2,2.335520173466173
2021-02-06,3.57,20.0,501.29,2,2.268728656134262
2021-02-07,9.49,20.07,509.22,2,2.3331754582494177
2021-02-08,3.3,21.79,510.23,2,2.341337880202768
2021-02-09,2.09,22.04,512.14,2,2.356745796860216
2021-02-10,1.53,22.41,513.5799999999999,2,2.3683381784265225
2021-02-11,1.59,22.52,514.26,2,2.373805201354262
2021-02-12,0.57,22.34,514.83,2,2.378384326089693
2021-02-13,1.8,22.36,516.59,2,2.3925031469252542
2021-02-14,1.77,23.91,518.34,2,2.4065115803431163
2021-02-15,1.42,23.91,519.6999999999999,2,2.4173774735878966
2021-02-16,0.45,22.58,519.95,2,2.4193729215788373
2021-02-17,0.43,21.9,520.1400000000001,2,2.4208890559995986
2021-02-18,0.04,23.73,505.33000000000004,2,2.301641751259817
2021-02-19,0.13,24.58,493.34000000000003,2,2.203466387299396
2021-02-20,0.0,24.06,489.02000000000004,2,2.1677225408365643
2021-02-21,1.24,22.27,489.50000000000006,2,2.171703970024315
2021-02-22,4.55,21.63,494.05,2,2.209321892252184
2021-02-23,6.78,21.38,500.83000000000004,2,2.264970464565628
2021-02-24,2.99,21.57,503.59000000000003,2,2.287486855723706
2021-02-25,4.41,21.56,502.9,2,2.281865115022844
2021-02-26,2.76,22.4,501.53,2,2.27068858274885
2021-02-27,3.65,19.38,499.20000000000005,2,2.251635726122931
2021-02-28,2.05,18.98,499.84000000000003,2,2.25687474317055
2021-03-01,1.52,17.8,500.27000000000004,3,1.7892289236460517
2021-03-02,0.61,18.99,500.88000000000005,3,1.793020403451376
2021-03-03,0.34,20.95,495.04,3,1.7566005748417022
2021-03-04,0.0,21.9,487.04,3,1.7062647348869369
2021-03-05,0.01,23.6,475.32,3,1.6315641358784987
2021-03-06,0.03,22.74,475.09000000000003,3,1.6300864962207473
2021-03-07,0.01,22.8,474.40000000000003,3,1.6256508403254104
2021-03-08,0.01,23.48,467.72,3,1.582494318652948
2021-03-09,0.08,23.02,466.77,3,1.5763249263596262
2021-03-10,0.0,24.97,464.83,3,1.563701442082479
2021-03-11,0.0,25.19,457.53,3,1.5158968917651567
2021-03-12,1.22,22.63,449.90000000000003,3,1.465407277540852
2021-03-13,0.93,22.28,419.23,3,1.2567241065664518
2021-03-14,0.05,21.29,417.92,3,1.2475952912848998
2021-03-15,2.43,20.7,419.56,3,1.259020834336171
2021-03-16,2.81,22.86,421.63,3,1.2734011188860404
2021-03-17,4.28,22.08,414.82,3,1.2259190797234838
2021-03-18,0.53,22.81,414.44,3,1.2232548220962265
2021-03-19,0.11,22.96,411.71,3,1.204067777911827
2021-03-20,2.33,22.84,413.52,3,1.2167979864940115
2021-03-21,6.22,21.81,415.01,3,1.2272506186690086
2021-03-22,1.63,22.01,415.11,3,1.2279512708355436
2021-03-23,2.49,20.57,416.26,3,1.2360009641395475
2021-03-24,1.13,20.3,417.39,3,1.2438967171994535
2021-03-25,0.97,20.05,418.2,3,1.249548035359407
2021-03-26,0.0,19.16,418.14,3,1.2491296611088338
2021-03-27,0.0,21.12,418.04999999999995,3,1.2485020272261633
2021-03-28,0.17,21.59,417.86,3,1.247176736498301
2021-03-29,3.19,20.36,420.55,3,1.2659040465912441
2021-03-30,0.75,20.97,420.56,3,1.265973520740539
2021-03-31,1.95,20.75,419.74,3,1.2602731046913167
2021-04-01,0.68,22.2,389.25,4,1.3089416894502137
2021-04-02,0.11,22.17,378.68,4,1.2356437164184508
2021-04-03,0.0,22.97,378.44,4,1.233964272753324
2021-04-04,0.38,21.83,378.69,4,1.2357136783989335
2021-04-05,0.0,23.2,375.05,4,1.2101686829089968
2021-04-06,0.8,21.86,358.16,4,1.0895011303548632
2021-04-07,7.4,19.5,356.08,4,1.0743891093755717
2021-04-08,0.2,20.72,350.48,4,1.033417429589771
2021-04-09,0.0,21.82,348.71000000000004,4,1.0203795192393017
2021-04-10,0.0,22.46,345.1,4,0.9936547670955259
2021-04-11,0.0,22.58,339.64000000000004,4,0.9528883781437524
2021-04-12,0.0,20.5,337.43,4,0.9362669505212247
2021-04-13,0.0,20.13,336.48,4,0.9291002932965284
2021-04-14,0.0,22.01,332.76000000000005,4,0.9009101045484513
2021-04-15,0.01,23.22,331.31,4,0.8898665782126158
2021-04-16,0.01,22.19,329.41,4,0.875348118130867
2021-04-17,0.28,17.72,329.66999999999996,4,0.8773380630072566
2021-04-18,0.0,16.87,329.02,4,0.8723612858135491
2021-04-19,0.0,19.15,326.95,4,0.8564694464831737
2021-04-20,0.0,18.17,326.94,4,0.8563925157409146
2021-04-21,0.03,17.68,326.94,4,0.8563925157409146
2021-04-22,0.0,19.06,326.87,4,0.8558539576904481
2021-04-23,0.0,19.63,326.87,4,0.8558539576904481
2021-04-24,0.0,18.85,326.74,4,0.8548535794118547
2021-04-25,0.0,18.87,305.15000000000003,4,0.6849787786702812
2021-04-26,0.0,19.21,298.58000000000004,4,0.6317318377593005
2021-04-27,0.0,20.41,276.23,4,0.4446158130659793
2021-04-28,0.0,21.65,268.41,4,0.3767949240742504
2021-04-29,0.04,20.19,260.09,4,0.3031869851802841
2021-04-30,5.43,17.71,263.46,4,0.3331870071624419
2021-05-01,0.0,15.38,249.14000000000001,5,0.8392846739985613
2021-05-02,0.31,14.7,196.97000000000003,5,0.34769996706245027
2021-05-03,0.0,15.07,149.16000000000003,5,-0.1858539185695725
2021-05-04,0.0,16.87,145.15,5,-0.23558936997603971
2021-05-05,0.0,17.72,139.07000000000002,5,-0.31281268861050354
2021-05-06,0.04,18.03,108.13,5,-0.7465497983731808
2021-05-07,0.7,17.54,105.26,5,-0.7909602643183351
2021-05-08,0.41,17.42,96.18,5,-0.9372972640007827
2021-05-09,0.0,14.91,92.88,5,-0.9928851079301443
2021-05-10,0.0,16.66,90.79,5,-1.0288149584268278
2021-05-11,0.0,16.87,89.26,5,-1.055489970572001
2021-05-12,0.0,18.98,87.67,5,-1.0835562048407512
2021-05-13,0.0,17.3,87.10000000000001,5,-1.0937054935921204
2021-05-14,0.0,17.26,85.3,5,-1.1260684773822245
2021-05-15,0.0,16.85,83.53,5,-1.1583686535762214
2021-05-16,0.0,16.86,82.11,5,-1.1846356878687985
2021-05-17,0.0,14.89,81.66,5,-1.1930272301713374
2021-05-18,0.0,15.39,81.23,5,-1.201076671255078
2021-05-19,0.0,15.32,81.19,5,-1.201826999864904
2021-05-20,0.0,16.57,81.06,5,-1.2042673901747252
2021-05-21,0.0,15.14,81.06,5,-1.2042673901747252
2021-05-22,0.0,13.46,79.82000000000001,5,-1.227686511678002
2021-05-23,0.17,13.42,75.44,5,-1.3125516142340736
2021-05-24,0.0,14.44,68.66,5,-1.4511874399634312
2021-05-25,0.0,16.0,65.67,5,-1.5154816149587231
2021-05-26,0.0,17.32,61.260000000000005,5,-1.614305992808189
2021-05-27,0.0,16.3,58.5,5,-1.678823385331192
2021-05-28,0.0,15.68,54.85,5,-1.7676614017343488
2021-05-29,0.0,14.92,52.800000000000004,5,-1.8194776414983544
2021-05-30,0.0,13.98,51.28,5,-1.8588636729415458
2021-05-31,0.0,14.05,50.67,5,-1.8749126370346632
2021-06-01,0.0,11.02,50.330000000000005,6,-0.8794210727673163
2021-06-02,0.0,10.52,50.330000000000005,6,-0.8794210727673163
2021-06-03,0.0,12.11,50.32,6,-0.8796742786818597
2021-06-04,0.0,11.21,50.290000000000006,6,-0.8804341114044004
2021-06-05,0.0,9.23,50.28,6,-0.8806874606808109
2021-06-06,0.0,10.06,50.27,6,-0.8809408458296507
2021-06-07,0.24,11.7,50.43,6,-0.8768909809891646
2021-06-08,0.16,12.48,50.59,6,-0.8728502505995445
2021-06-09,6.29,12.97,56.88,6,-0.720716569149946
2021-06-10,0.02,13.12,55.68000000000001,6,-0.7487870545830339
2021-06-11,0.0,13.8,54.75000000000001,6,-0.7708368389587442
2021-06-12,0.0,15.86,54.7,6,-0.7720297848213096
2021-06-13,0.0,16.05,52.27,6,-0.8309613266465159
2021-06-14,0.0,15.4,49.46,6,-0.901585364593393
2021-06-15,0.0,14.87,45.18000000000001,6,-1.0148747841639687
2021-06-16,0.0,13.79,44.650000000000006,6,-1.0294318755553544
2021-06-17,0.0,15.95,44.540000000000006,6,-1.0324687007453976
2021-06-18,0.0,15.1,42.21,6,-1.0981013190722178
2021-06-19,0.03,13.24,36.019999999999996,6,-1.286232188847396
2021-06-20,0.03,12.75,34.42,6,-1.33866070204739
2021-06-21,0.0,12.02,31.93,6,-1.4239317853586244
2021-06-22,0.0,13.69,30.799999999999997,6,-1.4642536327208018
2021-06-23,0.0,14.08,29.83,6,-1.4997486163148648
2021-06-24,0.0,15.1,29.83,6,-1.4997486163148648
2021-06-25,0.0,15.02,29.83,6,-1.4997486163148648
2021-06-26,0.0,14.05,29.66,6,-1.5060571840598302
2021-06-27,0.0,13.8,26.47,6,-1.6297542289394993
2021-06-28,0.0,15.57,25.72,6,-1.6604405370259534
2021-06-29,0.0,16.45,23.77,6,-1.743495375615375
2021-06-30,0.0,15.82,23.09,6,-1.7736651996875958
2021-07-01,0.0,14.38,22.98,7,-0.36056160624651873
2021-07-02,0.0,14.48,22.98,7,-0.36056160624651873
2021-07-03,0.0,15.98,22.599999999999998,7,-0.37428304168990084
2021-07-04,0.0,14.91,22.599999999999998,7,-0.37428304168990084
2021-07-05,0.0,14.3,21.799999999999997,7,-0.4037195903097981
2021-07-06,0.12,12.31,14.52,7,-0.7162267898319385
2021-07-07,0.0,12.19,14.32,7,-0.7263081753444073
2021-07-08,0.0,12.74,14.32,7,-0.7263081753444073
2021-07-09,0.0,14.03,14.32,7,-0.7263081753444073
2021-07-10,0.0,14.89,14.32,7,-0.7263081753444073
2021-07-11,0.0,13.46,14.32,7,-0.7263081753444073
2021-07-12,0.0,13.26,14.32,7,-0.7263081753444073
2021-07-13,0.04,8.13,14.360000000000001,7,-0.7242835755114923
2021-07-14,0.0,6.99,14.35,7,-0.7247893325420237
2021-07-15,0.07,8.08,14.41,7,-0.7217587047334163
2021-07-16,0.04,10.93,14.17,7,-0.7339380393908603
2021-07-17,0.0,11.93,14.17,7,-0.7339380393908603
2021-07-18,0.0,10.45,14.17,7,-0.7339380393908603
2021-07-19,0.0,9.84,14.17,7,-0.7339380393908603
2021-07-20,0.0,11.5,14.14,7,-0.735471206246185
2021-07-21,0.02,10.83,14.16,7,-0.7344488267388484
2021-07-22,0.0,5.93,14.16,7,-0.7344488267388484
2021-07-23,0.0,6.99,14.16,7,-0.7344488267388484
2021-07-24,0.0,7.4,14.16,7,-0.7344488267388484
2021-07-25,0.0,7.92,14.16,7,-0.7344488267388484
2021-07-26,0.01,8.19,14.170000000000002,7,-0.7339380393908603
2021-07-27,0.0,9.89,14.170000000000002,7,-0.7339380393908603
2021-07-28,0.0,12.16,14.13,7,-0.735982799096176
2021-07-29,0.0,13.79,8.700000000000001,7,-1.0664076587800864
2021-07-30,0.0,13.77,8.700000000000001,7,-1.0664076587800864
2021-07-31,0.0,12.7,8.39,7,-1.089626588719464
2021-08-01,0.0,14.7,8.39,8,-0.18991313166163487
2021-08-02,0.0,14.73,8.39,8,-0.18991313166163487
2021-08-03,0.0,12.68,8.39,8,-0.18991313166163487
2021-08-04,0.0,14.31,8.350000000000001,8,-0.1929999654800536
2021-08-05,0.0,16.34,7.65,8,-0.24884231303351884
2021-08-06,0.0,17.17,7.24,8,-0.283299557426749
2021-08-07,0.0,17.05,7.24,8,-0.283299557426749
2021-08-08,0.0,16.37,7.24,8,-0.283299557426749
2021-08-09,0.0,17.03,7.24,8,-0.283299557426749
2021-08-10,0.0,14.76,7.24,8,-0.283299557426749
2021-08-11,0.08,14.82,7.32,8,-0.27646621947147765
2021-08-12,0.0,16.73,7.32,8,-0.27646621947147765
2021-08-13,0.03,15.86,7.3500000000000005,8,-0.2739178026899075
2021-08-14,1.17,12.56,8.52,8,-0.17995383436848256
2021-08-15,0.11,13.57,8.63,8,-0.17161212159854058
2021-08-16,0.0,14.89,8.63,8,-0.17161212159854058
2021-08-17,0.0,15.92,8.63,8,-0.17161212159854058
2021-08-18,0.0,17.9,8.63,8,-0.17161212159854058
2021-08-19,0.0,15.9,8.63,8,-0.17161212159854058
2021-08-20,0.0,16.9,8.63,8,-0.17161212159854058
2021-08-21,0.01,17.4,8.47,8,-0.1837712492797886
2021-08-22,0.0,19.42,8.47,8,-0.1837712492797886
2021-08-23,0.01,20.45,8.48,8,-0.1830064662613014
2021-08-24,0.0,19.74,8.48,8,-0.1830064662613014
2021-08-25,8.4,20.04,16.880000000000003,8,0.3112498636356773
2021-08-26,0.11,19.89,16.990000000000002,8,0.3164273603903124
2021-08-27,0.0,19.95,16.990000000000002,8,0.3164273603903124
2021-08-28,0.0,11.13,16.990000000000002,8,0.3164273603903124
2021-08-29,0.0,9.49,16.990000000000002,8,0.3164273603903124
2021-08-30,0.0,14.92,16.990000000000002,8,0.3164273603903124
2021-08-31,0.0,18.19,16.990000000000002,8,0.3164273603903124
2021-09-01,0.0,18.87,16.990000000000002,9,0.6558715967037884
2021-09-02,0.0,18.85,16.990000000000002,9,0.6558715967037884
2021-09-03,0.0,20.85,16.990000000000002,9,0.6558715967037884
2021-09-04,0.0,21.82,16.990000000000002,9,0.6558715967037884
2021-09-05,0.1,22.18,16.85,9,0.6495502395072884
2021-09-06,0.0,22.51,16.69,9,0.6422838623457185
2021-09-07,0.0,19.69,10.4,9,0.31009037741389084
2021-09-08,0.01,18.54,10.39,9,0.3094664150235288
2021-09-09,0.01,18.5,10.4,9,0.31009037741389084
2021-09-10,0.03,18.49,10.43,9,0.3119598290047027
2021-09-11,0.0,17.44,10.43,9,0.3119598290047027
2021-09-12,0.0,17.9,10.43,9,0.3119598290047027
2021-09-13,0.0,19.75,10.43,9,0.3119598290047027
2021-09-14,0.0,21.12,10.43,9,0.3119598290047027
2021-09-15,0.0,23.38,10.43,9,0.3119598290047027
2021-09-16,0.0,20.39,10.43,9,0.3119598290047027
2021-09-17,0.0,17.75,10.4,9,0.31009037741389084
2021-09-18,0.09,17.39,10.46,9,0.3138256415795899
2021-09-19,0.0,18.99,10.46,9,0.3138256415795899
2021-09-20,0.09,22.38,10.55,9,0.3194014278158792
2021-09-21,0.0,20.0,10.55,9,0.3194014278158792
2021-09-22,0.32,18.04,10.870000000000001,9,0.3389697298913108
2021-09-23,0.0,18.73,10.870000000000001,9,0.3389697298913108
2021-09-24,0.0,21.87,10.870000000000001,9,0.3389697298913108
2021-09-25,0.0,23.65,10.870000000000001,9,0.3389697298913108
2021-09-26,0.0,24.53,10.870000000000001,9,0.3389697298913108
2021-09-27,0.0,23.65,10.870000000000001,9,0.3389697298913108
2021-09-28,0.0,25.18,10.870000000000001,9,0.3389697298913108
2021-09-29,0.01,25.89,10.88,9,0.33957492941733824
2021-09-30,2.56,23.77,13.440000000000001,9,0.4836165216157457
2021-10-01,0.72,20.64,14.160000000000002,10,-0.23262428381420233
2021-10-02,0.1,21.15,14.260000000000002,10,-0.2274116962928782
2021-10-03,0.0,18.23,14.260000000000002,10,-0.2274116962928782
2021-10-04,0.0,19.48,14.14,10,-0.23366990298567952
2021-10-05,0.06,20.58,14.200000000000001,10,-0.23053615487917647
2021-10-06,0.0,23.92,14.200000000000001,10,-0.23053615487917647
2021-10-07,9.95,24.15,24.15,10,0.1965334245291671
2021-10-08,1.09,23.2,25.240000000000002,10,0.23537282285606348
2021-10-09,0.0,22.57,25.240000000000002,10,0.23537282285606348
2021-10-10,0.0,21.51,25.240000000000002,10,0.23537282285606348
2021-10-11,0.0,19.04,25.200000000000003,10,0.23396770243999324
2021-10-12,0.0,20.29,25.200000000000003,10,0.23396770243999324
2021-10-13,0.0,23.61,25.130000000000003,10,0.2315051269716523
2021-10-14,0.0,25.29,25.090000000000003,10,0.23009586821120556
2021-10-15,0.0,26.27,25.090000000000003,10,0.23009586821120556
2021-10-16,0.0,24.23,25.090000000000003,10,0.23009586821120556
2021-10-17,0.0,20.48,25.090000000000003,10,0.23009586821120556
2021-10-18,0.0,20.22,25.090000000000003,10,0.23009586821120556
2021-10-19,0.0,19.2,25.070000000000004,10,0.22939067181490813
2021-10-20,0.0,18.84,25.070000000000004,10,0.22939067181490813
2021-10-21,0.0,21.17,25.070000000000004,10,0.22939067181490813
2021-10-22,3.45,21.7,28.520000000000003,10,0.34584935199393574
2021-10-23,0.0,23.65,28.520000000000003,10,0.34584935199393574
2021-10-24,0.0,22.26,28.51,10,0.34552578671313344
2021-10-25,0.24,23.05,28.75,10,0.3532705988897627
2021-10-26,0.39,24.1,29.14,10,0.3657646910298943
2021-10-27,0.91,22.72,30.05,10,0.39449162230525114
2021-10-28,18.39,20.48,48.44,10,0.8820111228587444
2021-10-29,0.94,22.51,49.38,10,0.9034204588749405
2021-10-30,0.0,22.17,49.38,10,0.9034204588749405
2021-10-31,0.0,22.35,49.38,10,0.9034204588749405
2021-11-01,0.0,24.67,49.38,11,-0.5192542597587742
2021-11-02,0.0,23.07,49.38,11,-0.5192542597587742
2021-11-03,0.0,24.97,49.38,11,-0.5192542597587742
2021-11-04,0.0,26.65,49.38,11,-0.5192542597587742
2021-11-05,0.07,28.63,49.45,11,-0.5173496758786633
2021-11-06,0.01,29.08,49.46,11,-0.5170777458784662
2021-11-07,0.29,27.99,49.75,11,-0.5092083855394643
2021-11-08,7.81,22.83,57.56,11,-0.30830103823999644
2021-11-09,0.0,20.92,57.480000000000004,11,-0.31026040869201843
2021-11-10,0.02,23.61,57.5,11,-0.30977039026829856
2021-11-11,0.0,25.61,57.47,11,-0.3105054618972354
2021-11-12,0.01,27.06,56.31,11,-0.3391331305525254
2021-11-13,0.0,28.16,56.2,11,-0.34186884183410104
2021-11-14,0.08,29.03,56.28,11,-0.33987886803117323
2021-11-15,0.0,29.49,56.28,11,-0.33987886803117323
2021-11-16,0.0,30.73,56.28,11,-0.33987886803117323
2021-11-17,0.0,30.13,56.28,11,-0.33987886803117323
2021-11-18,0.0,28.56,56.28,11,-0.33987886803117323
2021-11-19,0.0,25.92,56.27,11,-0.3401275080789095
2021-11-20,0.29,26.43,56.56,11,-0.3329292746347089
2021-11-21,24.31,21.52,80.86,11,0.19754254741809985
2021-11-22,4.27,22.69,85.13,11,0.2791378047636658
2021-11-23,0.07,23.15,76.8,11,0.11724500694629741
2021-11-24,0.0,23.17,76.69,11,0.11503029910718053
2021-11-25,0.13,22.37,76.82,11,0.11764745233765485
2021-11-26,0.89,19.97,77.71,11,0.13548556320768282
2021-11-27,3.83,22.12,81.53999999999999,11,0.21072594557282032
2021-11-28,0.63,23.56,82.17,11,0.2228746311644152
2021-11-29,0.57,26.31,82.74,11,0.23381286469570553
2021-11-30,0.19,27.2,82.92999999999999,11,0.2374477728162004
2021-12-01,0.0,28.23,82.92999999999999,12,-1.1166248488200483
2021-12-02,4.11,25.55,87.03999999999999,12,-1.0321970292276297
2021-12-03,0.53,27.35,87.57,12,-1.0215152240584993
2021-12-04,2.09,26.72,89.56,12,-0.9818083940112565
2021-12-05,21.3,22.41,110.86,12,-0.5910060313622366
2021-12-06,0.38,24.72,111.24000000000001,12,-0.5845269833412089
2021-12-07,0.66,26.89,111.89,12,-0.5734796208950712
2021-12-08,3.01,24.57,114.88999999999999,12,-0.5230557822164643
2021-12-09,0.48,24.99,115.33999999999999,12,-0.515570478913343
2021-12-10,0.75,24.61,116.08999999999999,12,-0.503139374579628
2021-12-11,4.61,23.79,120.69999999999999,12,-0.4279134733556415
2021-12-12,5.2,22.05,125.89999999999999,12,-0.3453807357284789
2021-12-13,1.5,22.6,127.39999999999999,12,-0.32200613873742023
2021-12-14,0.44,25.22,127.83999999999999,12,-0.3151851425247422
2021-12-15,0.04,26.49,127.88,12,-0.31456584433604534
2021-12-16,10.26,25.73,138.14,12,-0.15987297431922118
2021-12-17,9.88,22.1,147.92999999999998,12,-0.01934940404811034
2021-12-18,6.99,18.47,154.92,12,0.07720006191465682
2021-12-19,0.04,20.15,154.86999999999998,12,0.07651990973716725
2021-12-20,0.26,21.82,155.13,12,0.08005509805367583
2021-12-21,2.81,21.66,157.62,12,0.11371231246842427
2021-12-22,4.55,22.36,162.17,12,0.17430828695884218
2021-12-23,2.1,24.07,164.26999999999998,12,0.20189359000801532
2021-12-24,0.0,24.14,164.26999999999998,12,0.20189359000801532
2021-12-25,3.9,24.12,168.17,12,0.2525069888332498
2021-12-26,10.23,21.82,178.4,12,0.38166884845716925
2021-12-27,5.14,22.81,183.54,12,0.44472060404428665
2021-12-28,0.0,23.62,183.53,12,0.44459907412037397
2021-12-29,0.0,25.24,180.97,12,0.41334256036461964
2021-12-30,0.03,26.82,180.28,12,0.4048680630656595
2021-12-31,0.01,27.97,180.19,12,0.40376111527173664
2022-01-01,0.22,26.74,180.41,1,-0.8563729384555988
2022-01-02,0.01,26.04,180.42000000000002,1,-0.8561910402761066
2022-01-03,2.63,26.21,182.99,1,-0.8096694024223889
2022-01-04,1.24,25.54,184.23000000000002,1,-0.7873823554186576
2022-01-05,3.68,25.48,177.95999999999998,1,-0.9011469963021508
2022-01-06,4.88,24.76,181.75,1,-0.8320596241098696
2022-01-07,5.5,24.04,187.25,1,-0.7335267366033172
2022-01-08,3.17,23.72,190.42000000000002,1,-0.6776280768893471
2022-01-09,1.55,23.78,191.97,1,-0.6505258997161586
2022-01-10,0.14,23.99,192.11,1,-0.6480852875885953
2022-01-11,1.44,25.08,193.55,1,-0.6230516299588869
2022-01-12,3.8,24.79,197.35000000000002,1,-0.5575914469584751
2022-01-13,3.5,24.37,200.85000000000002,1,-0.49805026416617515
2022-01-14,0.58,24.77,201.43,1,-0.48825139690512825
2022-01-15,1.2,24.89,202.63000000000002,1,-0.4680382775157175
2022-01-16,2.66,25.3,205.29000000000002,1,-0.4235191603576617
2022-01-17,4.61,25.06,209.9,1,-0.3472770859730204
2022-01-18,1.99,24.41,211.89000000000001,1,-0.3147142872784288
2022-01-19,0.27,25.38,212.16000000000003,1,-0.3103121080206945
2022-01-20,1.95,24.39,210.66,1,-0.33481659970789596
2022-01-21,0.0,24.35,210.66,1,-0.33481659970789596
2022-01-22,0.0,21.36,210.66,1,-0.33481659970789596
2022-01-23,7.35,20.26,217.76999999999998,1,-0.2196851964839114
2022-01-24,0.75,22.81,218.13,1,-0.21392341033765352
2022-01-25,0.21,26.72,217.43,1,-0.22513276131986054
2022-01-26,0.43,25.7,199.47,1,-0.5214420016800035
2022-01-27,0.68,23.56,199.20999999999998,1,-0.5258613888937513
2022-01-28,1.57,24.82,200.78,1,-0.49923417961261124
2022-01-29,0.93,24.81,201.70999999999998,1,-0.4835277365155131
2022-01-30,13.53,22.21,215.23999999999998,1,-0.2603593985972602
2022-01-31,1.03,22.11,216.26999999999998,1,-0.24376175961259408
2022-02-01,1.05,24.08,217.32,2,-0.6976379977575503
2022-02-02,0.21,25.86,217.53,2,-0.6946673731785818
2022-02-03,1.05,27.38,218.51,2,-0.6808302119343798
2022-02-04,7.55,26.1,226.05,2,-0.5757548524952554
2022-02-05,4.03,22.9,229.79,2,-0.5245165836451602
2022-02-06,0.29,23.17,222.27,2,-0.6281290854532928
2022-02-07,0.09,23.43,222.36,2,-0.6268750765158416
2022-02-08,0.03,25.36,222.37,2,-0.6267357634823942
2022-02-09,0.02,26.93,222.39000000000001,2,-0.6264571501872053
2022-02-10,0.57,27.36,222.95000000000002,2,-0.6186628809130481
2022-02-11,2.2,26.23,225.15,2,-0.5881706462076831
2022-02-12,0.0,23.55,225.07,2,-0.5892759015604787
2022-02-13,0.0,24.71,225.07,2,-0.5892759015604787
2022-02-14,0.0,26.87,225.07,2,-0.5892759015604787
2022-02-15,0.81,25.73,225.88,2,-0.578097484465099
2022-02-16,0.68,25.68,226.56,2,-0.5687341219875262
2022-02-17,1.4,27.07,227.96,2,-0.5495164804194798
2022-02-18,1.8,25.9,229.47,2,-0.528878388967062
2022-02-19,1.43,25.86,206.59,2,-0.8521015862370779
2022-02-20,0.0,27.28,202.32,2,-0.9150955583319408
2022-02-21,0.0,28.17,202.25,2,-0.9161357952774404
2022-02-22,0.02,27.25,202.27,2,-0.9158385595613692
2022-02-23,1.99,26.09,204.13,2,-0.888283157191769
2022-02-24,0.0,27.07,203.23999999999998,2,-0.9014467241364869
2022-02-25,0.74,26.97,200.15,2,-0.9474582721640263
2022-02-26,2.4,26.56,201.92000000000002,2,-0.9210430939880131
2022-02-27,0.64,26.84,201.98999999999998,2,-0.9200016930126493
2022-02-28,1.47,26.62,203.26999999999998,2,-0.9010023663859096
2022-03-01,1.0,26.34,204.26999999999998,3,-0.6028473700291157
2022-03-02,0.08,27.77,200.24,3,-0.6483757380054402
2022-03-03,3.6,27.26,203.31,3,-0.6136366367971885
2022-03-04,33.71,22.36,234.93,3,-0.27507195942313245
2022-03-05,6.75,22.94,220.38,3,-0.4267443494573409
2022-03-06,9.17,21.34,229.17,3,-0.3343323164687966
2022-03-07,1.04,21.96,229.54999999999998,3,-0.330391899929583
2022-03-08,28.64,20.1,255.18,3,-0.07420713637282177
2022-03-09,12.79,19.27,267.49,3,0.04270614857180233
2022-03-10,1.43,22.63,268.17,3,0.049058420536718036
2022-03-11,0.19,22.96,263.75,3,0.0075740944181622045
2022-03-12,0.12,23.37,258.66999999999996,3,-0.04068393713337728
2022-03-13,0.0,23.14,257.16999999999996,3,-0.05505475622296256
2022-03-14,4.75,21.03,261.47999999999996,3,-0.013912326456828078
2022-03-15,0.16,21.16,261.6,3,-0.012773358295588379
2022-03-16,3.2,20.57,254.54,3,-0.08038800346984114
2022-03-17,8.32,17.87,252.98000000000002,3,-0.09549773262918324
2022-03-18,0.33,19.08,246.32,3,-0.1607189646379557
2022-03-19,0.02,20.46,246.3,3,-0.16091660134585808
2022-03-20,0.23,20.9,246.26999999999998,3,-0.1612130766784025
2022-03-21,0.1,19.75,243.56,3,-0.1880956911476236
2022-03-22,0.0,20.58,239.01000000000002,3,-0.23368803240877073
2022-03-23,0.0,20.71,236.91000000000003,3,-0.25492843368736773
2022-03-24,0.11,22.04,237.02,3,-0.2538126910287492
2022-03-25,5.94,20.71,239.06,3,-0.23318384785271015
2022-03-26,1.28,20.86,230.10999999999999,3,-0.3245930188082104
2022-03-27,0.02,22.73,224.99,3,-0.37797220386140684
2022-03-28,0.11,21.03,225.1,3,-0.37681676939267383
2022-03-29,0.05,20.68,225.15,3,-0.3762916985963326
2022-03-30,0.76,21.06,225.88,3,-0.36863466119095495
2022-03-31,0.15,21.93,226.02,3,-0.36716810803326644
2022-04-01,0.04,21.88,225.84,4,-0.017515492807817456
2022-04-02,0.0,22.24,225.82999999999998,4,-0.01761372770962448
2022-04-03,26.31,20.82,249.51,4,0.2072926869506099
2022-04-04,31.76,18.68,280.03,4,0.47711527551447963
2022-04-05,0.36,20.5,276.71,4,0.44873721244421994
2022-04-06,0.0,18.72,271.83,4,0.40661418074705036
2022-04-07,0.0,17.78,266.33,4,0.3585361815014749
2022-04-08,16.83,17.6,279.99,4,0.47677469476899137
2022-04-09,36.83,16.4,315.27,4,0.7655492923474266
2022-04-10,34.24,15.08,349.37,4,1.0252461058517677
2022-04-11,29.49,17.17,377.41999999999996,4,1.22681899403463
2022-04-12,0.05,18.12,373.67,4,1.2004423912380817
2022-04-13,0.0,18.61,370.17,4,1.1756702163028176
2022-04-14,0.0,19.27,369.59,4,1.1715505756532223
2022-04-15,0.07,20.14,368.46,4,1.1635124121559848
2022-04-16,32.98,18.16,398.78000000000003,4,1.3739419663222898
2022-04-17,4.05,16.32,398.22,4,1.3701500964377678
2022-04-18,0.4,16.21,396.63,4,1.3593652696686827
2022-04-19,0.0,14.74,396.36,4,1.3575311383010005
2022-04-20,0.03,14.63,394.44,4,1.3444653110001021
2022-04-21,0.01,15.84,394.45000000000005,4,1.3445334675169613
2022-04-22,0.86,16.97,395.31,4,1.3503907954801266
2022-04-23,0.64,18.28,388.6,4,1.3044713454691
2022-04-24,0.18,19.07,388.03,4,1.3005472521133454
2022-04-25,1.01,16.51,388.83000000000004,4,1.306053706933116
2022-04-26,0.0,13.81,388.40000000000003,4,1.303094890996606
2022-04-27,0.0,12.86,387.72,4,1.2984115447562892
2022-04-28,0.62,14.69,386.77000000000004,4,1.2918598096751608
2022-04-29,0.72,15.75,386.56,4,1.2904101393215555
2022-04-30,0.65,17.02,373.67999999999995,4,1.2005129546151798
2022-05-01,0.0,14.89,372.65,5,1.7829033223928255
2022-05-02,0.0,15.13,371.59999999999997,5,1.775795126428525
2022-05-03,0.0,15.69,371.39,5,1.7743719760052312
2022-05-04,0.0,16.45,370.34,5,1.767248640894088
2022-05-05,0.0,15.73,362.78999999999996,5,1.7156511948243933
2022-05-06,0.0,16.14,358.76,5,1.6878332149612905
2022-05-07,0.01,16.81,358.48,5,1.6858931659267569
2022-05-08,0.02,15.13,358.41,5,1.685408004716527
2022-05-09,0.0,13.17,358.38,5,1.685200060233559
2022-05-10,0.0,14.13,358.36,5,1.6850614244937465
2022-05-11,0.0,16.34,357.79,5,1.6811082576679728
2022-05-12,0.0,17.46,355.59,5,1.665813139271277
2022-05-13,0.0,17.76,355.59,5,1.665813139271277
2022-05-14,0.0,17.89,355.59,5,1.665813139271277
2022-05-15,0.07,16.87,355.65999999999997,5,1.666300718233761
2022-05-16,1.41,14.51,356.26,5,1.6704774904461892
2022-05-17,0.46,13.96,356.04,5,1.6689465218470998
2022-05-18,0.28,13.37,354.91999999999996,5,1.6611432516996738
2022-05-19,0.0,13.93,353.11999999999995,5,1.6485697293286252
2022-05-20,8.55,13.7,360.23999999999995,5,1.698071969570223
2022-05-21,7.2,7.27,367.44,5,1.7475085888856396
2022-05-22,0.01,10.24,367.45,5,1.747576825759482
2022-05-23,0.0,12.19,367.43,5,1.7474403508458027
2022-05-24,0.0,13.75,365.44,5,1.7338377049517089
2022-05-25,0.0,14.65,365.44,5,1.7338377049517089
2022-05-26,0.0,15.09,364.70000000000005,5,1.7287675694658884
2022-05-27,0.0,14.17,362.3,5,1.7122792694430915
2022-05-28,0.0,13.99,361.66,5,1.7078708018285673
2022-05-29,0.0,13.68,360.19,5,1.6977264979551026
2022-05-30,0.0,11.22,359.19,5,1.6908107221620938
2022-05-31,0.0,9.26,359.11,5,1.690256937182888
2022-06-01,0.0,9.53,355.51,6,2.612103156546895
2022-06-02,0.0,10.7,321.8,6,2.3681288805823724
2022-06-03,0.0,10.35,315.05,6,2.317435455144878
2022-06-04,0.0,11.79,305.88,6,2.2474959997977755
2022-06-05,0.0,11.19,304.84000000000003,6,2.2394835794608547
2022-06-06,0.01,10.83,276.21000000000004,6,2.0119909599620485
2022-06-07,0.0,11.87,263.42,6,1.905668065337882
2022-06-08,0.0,12.47,261.99,6,1.8935840314912897
2022-06-09,0.0,12.48,261.8,6,1.8919753942091346
2022-06-10,0.0,11.22,261.68,6,1.8909590407792594
2022-06-11,0.0,10.19,261.68,6,1.8909590407792594
2022-06-12,0.0,10.9,256.93,6,1.8504944978502564
2022-06-13,0.0,11.28,256.77,6,1.8491234507698073
2022-06-14,0.01,13.07,253.58,6,1.8216769872177407
2022-06-15,0.0,8.5,245.26,6,1.7490693283166137
2022-06-16,0.0,6.93,244.93,6,1.7461581291689527
2022-06-17,0.0,9.34,244.91,6,1.7459816144924472
2022-06-18,0.0,11.63,244.68,6,1.7439510511368974
2022-06-19,0.0,12.64,244.57999999999998,6,1.7430678272727445
2022-06-20,0.0,13.41,244.57999999999998,6,1.7430678272727445
2022-06-21,0.18,13.23,244.76,6,1.7446574686164453
2022-06-22,5.03,13.46,249.68,6,1.7878292836452716
2022-06-23,1.44,12.61,245.18,6,1.7483638068271325
2022-06-24,0.08,11.83,243.98,6,1.7377637618505832
2022-06-25,1.26,12.19,245.22,6,1.748716585460512
2022-06-26,1.43,10.39,246.54,6,1.760338268654357
2022-06-27,0.01,9.15,246.5,6,1.7599866654408642
2022-06-28,0.02,8.99,245.76,6,1.753475599363389
2022-06-29,0.13,9.33,245.73999999999998,6,1.753299455580234
2022-06-30,0.0,9.31,245.7,6,1.7529471412764954
2022-07-01,0.0,9.35,245.7,7,2.6259308058880584
2022-07-02,0.0,10.35,219.39,7,2.4141664772457343
2022-07-03,0.03,11.71,187.66,7,2.1378747708755457
2022-07-04,0.0,14.34,187.29999999999998,7,2.134587273831902
2022-07-05,0.0,14.36,187.29999999999998,7,2.134587273831902
2022-07-06,0.0,14.35,187.29999999999998,7,2.134587273831902
2022-07-07,0.0,14.68,170.46999999999997,7,1.9764884426217528
2022-07-08,0.0,14.09,133.64,7,1.594266984138766
2022-07-09,0.0,12.13,99.39999999999999,7,1.175613378481214
2022-07-10,0.0,11.88,69.91,7,0.7342691995042233
2022-07-11,0.0,11.51,69.86,7,0.7334276851203624
2022-07-12,0.0,12.71,69.86,7,0.7334276851203624
2022-07-13,0.0,14.82,69.86,7,0.7334276851203624
2022-07-14,0.0,13.44,69.79,7,0.7322489097069002
2022-07-15,0.0,11.96,36.81,7,0.056353102602413836
2022-07-16,0.0,11.39,32.760000000000005,7,-0.052378143836620115
2022-07-17,0.0,11.54,32.36,7,-0.06361168345410861
2022-07-18,0.0,11.88,32.36,7,-0.06361168345410861
2022-07-19,0.03,13.29,32.36000000000001,7,-0.0636116834541082
2022-07-20,0.24,13.53,32.589999999999996,7,-0.05714070779848882
2022-07-21,0.03,14.47,31.759999999999998,7,-0.08064414828991927
2022-07-22,0.05,13.78,31.17,7,-0.09761228213597019
2022-07-23,0.04,14.93,31.03,7,-0.10167138491872124
2022-07-24,0.0,14.66,30.02,7,-0.13133996757988733
2022-07-25,3.61,12.53,33.63,7,-0.02826942037005143
2022-07-26,0.11,13.43,33.74,7,-0.025252050270470013
2022-07-27,0.12,15.07,33.24,7,-0.039022712631997296
2022-07-28,0.0,15.4,32.519999999999996,7,-0.059106771851377735
2022-07-29,0.0,14.28,31.87,7,-0.07750489570207915
2022-07-30,0.0,15.39,31.870000000000005,7,-0.07750489570207915
2022-07-31,0.0,15.64,31.870000000000005,7,-0.07750489570207915
2022-08-01,0.0,15.25,31.870000000000005,8,0.8750087588274179
2022-08-02,0.45,14.33,32.32,8,0.8889038985229852
2022-08-03,0.22,14.76,32.540000000000006,8,0.8956520904416913
2022-08-04,0.01,14.46,32.550000000000004,8,0.8959581329656462
2022-08-05,0.0,15.1,32.54,8,0.8956520904416946
2022-08-06,0.0,17.39,32.52,8,0.8950398251313493
2022-08-07,0.0,18.2,32.52,8,0.8950398251313493
2022-08-08,0.0,15.07,32.52,8,0.8950398251313493
2022-08-09,0.0,14.82,32.52,8,0.8950398251313493
2022-08-10,0.0,16.42,32.52,8,0.8950398251313493
2022-08-11,0.0,16.63,32.52,8,0.8950398251313493
2022-08-12,0.0,16.86,32.52,8,0.8950398251313493
2022-08-13,0.0,17.1,32.45,8,0.8928950004210466
2022-08-14,0.0,12.15,31.040000000000003,8,0.8490467404372269
2022-08-15,0.0,10.95,30.580000000000002,8,0.8344659853170205
2022-08-16,0.0,11.59,30.3,8,0.8255216480737592
2022-08-17,0.0,15.01,30.3,8,0.8255216480737592
2022-08-18,0.0,14.8,21.75,8,0.5216569992367007
2022-08-19,0.0,10.95,14.549999999999999,8,0.19571669957269308
2022-08-20,0.0,11.36,14.54,8,0.19519437826888444
2022-08-21,0.0,11.29,14.54,8,0.19519437826888444
2022-08-22,0.0,13.18,14.54,8,0.19519437826888444
2022-08-23,0.0,14.69,14.54,8,0.19519437826888444
2022-08-24,0.0,14.48,14.54,8,0.19519437826888444
2022-08-25,0.0,16.34,14.54,8,0.19519437826888444
2022-08-26,0.0,17.95,14.54,8,0.19519437826888444
2022-08-27,0.0,18.77,14.54,8,0.19519437826888444
2022-08-28,0.0,19.66,14.54,8,0.19519437826888444
2022-08-29,0.0,19.25,14.54,8,0.19519437826888444
2022-08-30,0.0,19.66,14.54,8,0.19519437826888444
2022-08-31,0.09,15.2,14.629999999999999,8,0.19988639239225425
2022-09-01,0.0,14.9,14.629999999999999,9,0.5443732136381121
2022-09-02,0.0,15.74,14.629999999999999,9,0.5443732136381121
2022-09-03,0.0,18.14,14.629999999999999,9,0.5443732136381121
2022-09-04,0.0,19.79,14.62,9,0.5438765063835731
2022-09-05,0.0,21.29,14.62,9,0.5438765063835731
2022-09-06,0.0,20.91,14.62,9,0.5438765063835731
2022-09-07,0.0,18.99,14.62,9,0.5438765063835731
2022-09-08,0.0,19.85,14.62,9,0.5438765063835731
2022-09-09,0.0,21.69,14.62,9,0.5438765063835731
2022-09-10,0.0,23.07,14.62,9,0.5438765063835731
2022-09-11,0.0,23.52,14.62,9,0.5438765063835731
2022-09-12,0.0,22.32,14.61,9,0.5433795753654512
2022-09-13,0.22,18.37,14.83,9,0.5542607756240068
2022-09-14,2.27,18.52,17.1,9,0.6608146683083272
2022-09-15,0.0,19.15,17.1,9,0.6608146683083272
2022-09-16,0.0,21.65,17.1,9,0.6608146683083272
2022-09-17,0.0,22.05,17.1,9,0.6608146683083272
2022-09-18,0.0,22.43,17.1,9,0.6608146683083272
2022-09-19,0.0,21.09,16.92,9,0.652715168637228
2022-09-20,0.0,16.07,11.889999999999999,9,0.3988642116720565
2022-09-21,0.0,17.0,10.45,9,0.3132041072550335
2022-09-22,0.0,19.26,10.37,9,0.3082172683266816
2022-09-23,0.0,22.32,9.11,9,0.22597484376824759
2022-09-24,0.0,24.11,7.68,9,0.12256604539485688
2022-09-25,0.0,25.49,7.67,9,0.12179778486026073
2022-09-26,0.0,25.31,7.6499999999999995,9,0.12025917624874642
2022-09-27,0.0,24.96,7.52,9,0.11018952915647205
2022-09-28,0.0,23.81,7.52,9,0.11018952915647205
2022-09-29,0.0,22.4,7.52,9,0.11018952915647205
2022-09-30,0.0,23.1,7.52,9,0.11018952915647205
2022-10-01,0.0,24.62,7.489999999999999,10,-0.6631884423440905
2022-10-02,0.0,26.7,7.489999999999999,10,-0.6631884423440905
2022-10-03,0.0,27.1,7.489999999999999,10,-0.6631884423440905
2022-10-04,0.0,29.0,7.489999999999999,10,-0.6631884423440905
2022-10-05,0.0,26.97,7.489999999999999,10,-0.6631884423440905
2022-10-06,0.0,26.69,7.489999999999999,10,-0.6631884423440905
2022-10-07,0.0,26.4,7.489999999999999,10,-0.6631884423440905
2022-10-08,0.0,25.17,7.489999999999999,10,-0.6631884423440905
2022-10-09,0.0,25.43,7.489999999999999,10,-0.6631884423440905
2022-10-10,0.0,25.91,7.489999999999999,10,-0.6631884423440905
2022-10-11,0.0,25.27,7.489999999999999,10,-0.6631884423440905
2022-10-12,0.0,25.48,7.489999999999999,10,-0.6631884423440905
2022-10-13,0.0,26.7,7.489999999999999,10,-0.6631884423440905
2022-10-14,0.0,26.24,7.489999999999999,10,-0.6631884423440905
2022-10-15,0.0,27.21,7.489999999999999,10,-0.6631884423440905
2022-10-16,10.78,23.78,18.27,10,-0.03662823520891175
2022-10-17,2.5,19.64,20.739999999999995,10,0.06677868602581025
2022-10-18,0.99,21.39,21.49,10,0.09649634642885609
2022-10-19,0.51,22.38,21.97,10,0.11514639204013258
2022-10-20,0.01,24.29,21.93,10,0.1136028761084055
2022-10-21,0.0,25.03,21.889999999999997,10,0.11205744377877937
2022-10-22,0.13,25.2,22.019999999999996,10,0.11707310136287509
2022-10-23,3.02,23.0,21.43,10,0.09414520965933998
2022-10-24,2.12,24.52,23.439999999999998,10,0.1705938783696461
2022-10-25,0.01,25.84,23.33,10,0.16652773045150002
2022-10-26,0.18,24.03,23.509999999999998,10,0.17317470818830744
2022-10-27,0.89,21.29,24.4,10,0.20554436044477503
2022-10-28,0.13,24.49,24.529999999999998,10,0.21020545135504784
2022-10-29,0.27,23.99,24.799999999999997,10,0.21983323579490438
2022-10-30,0.3,24.57,25.099999999999998,10,0.23044832455624426
2022-10-31,1.02,23.23,25.669999999999998,10,0.25038416599225005
2022-11-01,2.87,21.23,28.32,11,-1.2090295800982203
2022-11-02,0.8,21.13,29.11,11,-1.1773791730918433
2022-11-03,1.36,21.5,30.47,11,-1.124325888009901
2022-11-04,11.17,23.06,41.64,11,-0.7426647930886369
2022-11-05,0.45,25.27,42.089999999999996,11,-0.7289100883633663
2022-11-06,0.84,24.4,42.93,11,-0.7035100016494615
2022-11-07,75.79,22.59,118.72,11,0.8423969717493518
2022-11-08,35.87,21.6,154.59,11,1.3390054474559472
2022-11-09,0.0,23.32,154.59,11,1.3390054474559472
2022-11-10,0.0,24.38,154.59,11,1.3390054474559472
2022-11-11,8.58,20.84,163.17000000000002,11,1.4466366381821891
2022-11-12,2.72,21.72,165.89000000000001,11,1.4800114818422678
2022-11-13,1.75,21.89,167.64000000000001,11,1.5013029569642993
2022-11-14,0.0,22.12,167.64000000000001,11,1.5013029569642993
2022-11-15,0.0,22.3,167.64000000000001,11,1.5013029569642993
2022-11-16,0.0,24.5,167.64000000000001,11,1.5013029569642993
2022-11-17,0.03,26.49,167.67000000000002,11,1.5016667350145612
2022-11-18,0.06,27.27,167.73000000000002,11,1.502394168651791
2022-11-19,0.0,25.84,167.73000000000002,11,1.502394168651791
2022-11-20,0.0,24.72,167.73000000000002,11,1.502394168651791
2022-11-21,0.53,23.18,168.26000000000002,11,1.5088127558448787
2022-11-22,4.55,24.02,172.81,11,1.563401595934716
2022-11-23,0.09,25.56,172.9,11,1.5644722459098963
2022-11-24,4.63,26.52,177.53,11,1.619087876073533
2022-11-25,0.02,27.12,177.55,11,1.6193218550085864
2022-11-26,26.83,24.13,204.38,11,1.9195453317291213
2022-11-27,1.21,22.9,205.59,11,1.9324932099444685
2022-11-28,0.18,21.5,205.77,11,1.9344153214868391
2022-11-29,0.2,21.79,205.88,11,1.9355894348971296
2022-11-30,0.0,23.4,205.88,11,1.9355894348971296
2022-12-01,0.0,25.55,205.88,12,0.7060273459848105
2022-12-02,1.05,25.94,206.93,12,0.7178414699328751
2022-12-03,0.1,26.68,207.03,12,0.7189645813771687
2022-12-04,0.0,28.11,207.03,12,0.7189645813771687
2022-12-05,6.71,24.6,213.74,12,0.7935309684956761
2022-12-06,3.4,22.88,217.14000000000001,12,0.830733116729519
2022-12-07,6.76,20.44,223.9,12,0.9035900765726699
2022-12-08,4.14,22.05,228.04,12,0.9475072921100616
2022-12-09,1.66,22.92,229.70000000000002,12,0.964971551159607
2022-12-10,0.15,23.54,229.85,12,0.9665456177114129
2022-12-11,0.67,23.8,230.52,12,0.9735683457806813
2022-12-12,13.81,21.61,244.11,12,1.1132555614371362
2022-12-13,3.26,22.53,245.1,12,1.1232334394927193
2022-12-14,0.5,24.91,245.6,12,1.1282629162253102
2022-12-15,0.87,26.42,246.47,12,1.136998525227455
2022-12-16,5.22,25.1,251.69,12,1.1890003110971272
2022-12-17,1.17,25.18,252.85999999999999,12,1.2005606324453684
2022-12-18,0.07,24.99,252.93,12,1.201251186046199
2022-12-19,0.0,25.87,252.93,12,1.201251186046199
2022-12-20,0.0,26.08,252.93,12,1.201251186046199
2022-12-21,0.01,25.01,252.94,12,1.2013498265471863
2022-12-22,0.29,23.08,253.23,12,1.204209313032508
2022-12-23,0.0,22.89,253.23,12,1.204209313032508
2022-12-24,0.0,24.52,253.23,12,1.204209313032508
2022-12-25,0.12,26.6,253.35,12,1.2053919340996018
2022-12-26,0.08,27.99,253.43,12,1.2061801484579233
2022-12-27,0.0,27.77,253.43,12,1.2061801484579233
2022-12-28,1.48,26.48,254.91,12,1.2207334088371842
2022-12-29,0.8,26.15,255.71,12,1.2285774790314283
2022-12-30,48.75,22.42,304.46,12,1.679741677277567
2022-12-31,1.59,21.37,306.05,12,1.6936559718652302
2023-01-01,4.17,21.5,310.21999999999997,1,1.0903776115524269
2023-01-02,0.34,22.42,310.56,1,1.0946839804708401
2023-01-03,0.29,24.56,310.84999999999997,1,1.098354631406182
2023-01-04,0.19,25.18,311.04,1,1.10075833026557
2023-01-05,4.91,24.43,315.95,1,1.1625459311289412
2023-01-06,0.1,24.6,316.05,1,1.1637978141533365
2023-01-07,0.51,22.69,316.56,1,1.1701784097014498
2023-01-08,0.17,22.45,316.73,1,1.1723037877408176
2023-01-09,0.01,24.05,316.74,1,1.1724287868513974
2023-01-10,0.0,26.35,316.74,1,1.1724287868513974
2023-01-11,0.0,26.93,316.74,1,1.1724287868513974
2023-01-12,0.0,24.74,316.74,1,1.1724287868513974
2023-01-13,0.0,23.17,316.74,1,1.1724287868513974
2023-01-14,0.0,24.76,305.96000000000004,1,1.0361584755167257
2023-01-15,0.05,25.06,303.51000000000005,1,1.00475263556863
2023-01-16,0.01,25.61,302.53000000000003,1,0.99214393619516
2023-01-17,0.92,25.88,302.94,1,0.9974222462847517
2023-01-18,0.78,25.99,303.71000000000004,1,1.0073225704419364
2023-01-19,1.75,26.19,305.46000000000004,1,1.029762493678286
2023-01-20,2.48,26.3,307.81000000000006,1,1.0597644610262005
2023-01-21,0.0,26.78,304.79,1,1.021181152059337
2023-01-22,0.0,26.1,302.67,1,0.9939468112018286
2023-01-23,0.0,25.49,302.66,1,0.9938180524884358
2023-01-24,0.04,26.58,302.52,1,0.9920151385501516
2023-01-25,0.09,27.4,301.72,1,0.9817022995227361
2023-01-26,0.07,25.83,301.66,1,0.9809281165450161
2023-01-27,0.0,26.87,301.39000000000004,1,0.9774430471035616
2023-01-28,0.0,29.65,301.09000000000003,1,0.9735683534342078
2023-01-29,0.74,31.33,300.81,1,0.9699496950812082
2023-01-30,4.09,25.84,302.03000000000003,1,0.985700642825797
2023-01-31,3.01,24.76,304.24,1,1.0141275559654033
2023-02-01,13.94,23.84,316.82,2,0.5359044543594637
2023-02-02,10.88,23.59,316.53,2,0.5327160296578272
2023-02-03,4.6,24.1,320.68,2,0.5781613790978081
2023-02-04,1.95,24.56,321.79,2,0.5902508647543968
2023-02-05,1.25,24.35,247.25,2,-0.2925029985015028
2023-02-06,0.01,27.08,211.39000000000001,2,-0.7823426145454693
2023-02-07,0.73,26.13,212.12,2,-0.7718284836249206
2023-02-08,5.23,22.37,217.35,2,-0.6972135031942474
2023-02-09,4.54,23.11,213.31,2,-0.7547418016550357
2023-02-10,1.04,22.95,211.63,2,-0.778883184065231
2023-02-11,0.02,24.39,209.9,2,-0.8038801209694796
2023-02-12,0.07,26.07,209.97,2,-0.8028659592755023
2023-02-13,0.22,25.05,210.19,2,-0.799680096120321
2023-02-14,6.86,23.81,217.04999999999998,2,-0.7014602455115206
2023-02-15,7.97,23.92,224.98999999999998,2,-0.5903814236482291
2023-02-16,2.32,21.89,227.25,2,-0.5592525336327342
2023-02-17,6.15,22.24,233.39999999999998,2,-0.4755926265294757
2023-02-18,10.92,23.09,244.32,2,-0.3306475265772597
2023-02-19,2.68,23.7,246.47,2,-0.302627633259933
2023-02-20,6.11,24.25,248.03,2,-0.2823998545392183
2023-02-21,0.0,23.26,247.94,2,-0.2835645089384825
2023-02-22,0.03,22.57,243.34,2,-0.34347455354808776
2023-02-23,0.0,23.51,243.32,2,-0.3437366920422054
2023-02-24,0.0,24.7,216.49,2,-0.7093982044057002
2023-02-25,0.0,26.56,215.28,2,-0.7265977468671543
2023-02-26,0.01,25.44,215.10999999999999,2,-0.7290194841617138
2023-02-27,0.02,25.06,214.93,2,-0.7315850985599751
2023-02-28,2.52,25.05,217.45000000000002,2,-0.6957988093612618
2023-03-01,0.0,25.74,217.45000000000002,3,-0.45810424054420606
2023-03-02,2.99,24.76,219.39,3,-0.43730845194462903
2023-03-03,1.35,23.68,220.64000000000001,3,-0.42397529103821735
2023-03-04,0.88,25.07,221.52,3,-0.4146195211457347
2023-03-05,3.61,25.3,218.42,3,-0.44769063524473357
2023-03-06,6.99,24.94,222.01,3,-0.4094210036628946
2023-03-07,3.95,24.62,219.2,3,-0.4393396124898162
2023-03-08,1.36,24.65,216.42000000000002,3,-0.46919666080301187
2023-03-09,0.01,25.9,214.76999999999998,3,-0.4870412454312345
2023-03-10,0.0,23.38,214.62,3,-0.48866810589824233
2023-03-11,1.55,24.72,215.5,3,-0.4791348907452364
2023-03-12,0.02,25.61,201.70999999999998,3,-0.6316965201388134
2023-03-13,0.66,23.61,199.11,3,-0.6612543204255573
2023-03-14,0.02,23.2,198.63,3,-0.6667400364139665
2023-03-15,0.48,22.77,198.24,3,-0.6712038796352604
2023-03-16,1.0,22.85,194.02,3,-0.71989494809738
2023-03-17,0.0,22.35,192.85000000000002,3,-0.7335232472973927
2023-03-18,0.0,23.57,192.78,3,-0.7343404157582873
2023-03-19,0.0,24.89,192.78,3,-0.7343404157582873
2023-03-20,0.01,25.84,192.79,3,-0.7342236649165865
2023-03-21,0.02,24.53,192.8,3,-0.7341069182389041
2023-03-22,0.01,23.99,192.52,3,-0.7373774004675133
2023-03-23,0.75,22.89,193.27,3,-0.7286245143661249
2023-03-24,2.63,20.09,195.9,3,-0.6981142784324545
2023-03-25,1.49,19.8,197.27,3,-0.6823324475826589
2023-03-26,0.01,23.3,197.2,3,-0.6831369915086336
2023-03-27,0.4,23.73,197.6,3,-0.6785422343221695
2023-03-28,0.2,20.42,196.32,3,-0.6932680210837924
2023-03-29,0.02,22.13,195.54,3,-0.7022738952427688
2023-03-30,0.1,24.4,146.89000000000001,3,-1.321388295618469
2023-03-31,3.95,22.68,149.25,3,-1.2882866101604376
2023-04-01,0.02,22.39,145.1,4,-0.932585415556636
2023-04-02,0.28,22.65,145.04,4,-0.9333831582194942
2023-04-03,0.17,23.5,144.92,4,-0.9349793334577887
2023-04-04,0.0,22.04,144.73,4,-0.9375084950585079
2023-04-05,0.11,20.37,139.93,4,-1.0021857215111756
2023-04-06,0.0,20.98,139.83,4,-1.0035495175275573
2023-04-07,0.0,23.58,139.32,4,-1.0105154983965126
2023-04-08,1.4,23.53,140.55,4,-0.9937453473091641
2023-04-09,11.01,19.92,151.55,4,-0.8481339869844328
2023-04-10,2.67,19.58,154.22000000000003,4,-0.8139052455625478
2023-04-11,0.0,18.15,154.22000000000003,4,-0.8139052455625478
2023-04-12,0.02,18.39,154.24,4,-0.8136504067661305
2023-04-13,0.0,21.02,154.24,4,-0.8136504067661305
2023-04-14,0.0,19.78,154.24,4,-0.8136504067661305
2023-04-15,0.01,18.87,154.20000000000002,4,-0.8141601072646403
2023-04-16,0.31,18.83,154.5,4,-0.8103395844315576
2023-04-17,0.0,18.59,153.57999999999998,4,-0.8220722101144384
2023-04-18,0.0,20.2,152.79999999999998,4,-0.8320576637231438
2023-04-19,0.0,20.31,151.04999999999998,4,-0.854590283679222
2023-04-20,0.0,19.66,148.57,4,-0.886834797706681
2023-04-21,0.43,20.94,149.0,4,-0.8812173543877203
2023-04-22,0.67,22.97,149.67000000000002,4,-0.8724870059812514
2023-04-23,0.0,21.74,149.67000000000002,4,-0.8724870059812514
2023-04-24,0.0,21.78,149.63000000000002,4,-0.8730074577021468
2023-04-25,0.0,21.65,149.54000000000002,4,-0.8741788276166182
2023-04-26,0.04,23.48,149.51,4,-0.8745693931060377
2023-04-27,0.06,24.23,149.57,4,-0.8737883165657683
2023-04-28,0.69,23.57,150.26,4,-0.8648215429378834
2023-04-29,0.02,24.53,149.54000000000002,4,-0.8741788276166182
2023-04-30,0.0,22.88,145.45000000000002,4,-0.9279364902228913
2023-05-01,0.35,21.72,142.79000000000002,5,-0.26529783160952713
2023-05-02,0.22,23.04,129.07000000000002,5,-0.4449999540140742
2023-05-03,0.04,23.39,118.23,5,-0.5964920841899385
2023-05-04,2.86,22.09,116.49,5,-0.6216919859141308
2023-05-05,1.72,21.65,116.25999999999999,5,-0.6250424593332021
2023-05-06,0.03,22.76,115.03999999999999,5,-0.6428917205589336
2023-05-07,5.15,21.82,120.18,5,-0.5685537110075128
2023-05-08,4.6,17.76,124.05,5,-0.5140202349570365
2023-05-09,0.02,16.99,118.83999999999999,5,-0.5877183825488326
2023-05-10,0.0,16.73,114.3,5,-0.6537823202377095
2023-05-11,0.0,17.97,113.25999999999999,5,-0.6691709865416334
2023-05-12,0.0,19.26,113.24,5,-0.6694678814000209
2023-05-13,0.0,19.24,113.16999999999999,5,-0.670507300064586
2023-05-14,6.57,17.18,119.52,5,-0.5779744752556861
2023-05-15,0.29,16.68,112.94999999999999,5,-0.6737769521596882
2023-05-16,0.06,15.87,105.03999999999999,5,-0.7943992524020669
2023-05-17,5.31,16.69,108.03,5,-0.7480832949817094
2023-05-18,0.98,17.31,102.86,5,-0.8287516203850459
2023-05-19,0.0,14.44,91.94,5,-1.0089735479808695
2023-05-20,0.0,13.03,89.26,5,-1.055489970572001
2023-05-21,0.0,15.09,83.15,5,-1.165366508086831
2023-05-22,0.0,14.86,83.15,5,-1.165366508086831
2023-05-23,0.0,14.68,83.12,5,-1.1659199389734616
2023-05-24,0.0,16.92,83.12,5,-1.1659199389734616
2023-05-25,0.0,18.43,83.12,5,-1.1659199389734616
2023-05-26,0.0,17.08,83.12,5,-1.1659199389734616
2023-05-27,0.04,18.62,83.14999999999999,5,-1.1653665080868314
2023-05-28,0.14,18.02,83.27,5,-1.1631542047779373
2023-05-29,0.0,16.88,80.75,5,-1.210098069676428
2023-05-30,4.36,16.09,85.11,5,-1.1295127707445407
2023-05-31,0.01,12.34,82.13,5,-1.184263491916005
2023-06-01,0.0,11.65,80.78,6,-0.23202360916237186
2023-06-02,0.0,15.08,79.9,6,-0.2480977615152054
2023-06-03,0.0,17.56,76.28999999999999,6,-0.31533843702120085
2023-06-04,0.0,16.87,69.3,6,-0.4520371292338418
2023-06-05,0.0,15.26,65.35,6,-0.5335546845471839
2023-06-06,0.0,15.92,63.99,6,-0.5624140999177085
2023-06-07,0.23,17.46,64.21,6,-0.5577168552501554
2023-06-08,0.0,18.04,64.21,6,-0.5577168552501554
2023-06-09,0.0,15.25,62.660000000000004,6,-0.5910538710725524
2023-06-10,0.0,13.17,62.64,6,-0.5914877713582449
2023-06-11,0.0,13.42,61.980000000000004,6,-0.6058611493550726
2023-06-12,0.01,13.8,61.97,6,-0.6060797493290999
2023-06-13,0.0,10.66,61.49,6,-0.616601706591952
2023-06-14,0.0,12.31,60.49,6,-0.6387086008122825
2023-06-15,0.0,13.08,60.49,6,-0.6387086008122825
2023-06-16,0.0,13.49,60.49,6,-0.6387086008122825
2023-06-17,0.0,13.69,60.49,6,-0.6387086008122825
2023-06-18,0.0,14.83,60.480000000000004,6,-0.6389309586358666
2023-06-19,0.0,14.64,60.46,6,-0.6393757516246857
2023-06-20,0.0,11.81,60.45,6,-0.6395981868051406
2023-06-21,0.0,13.0,59.7,6,-0.6563548979336737
2023-06-22,0.0,14.53,57.07,6,-0.7163104668223311
2023-06-23,0.34,12.3,55.919999999999995,6,-0.7431390560017329
2023-06-24,0.0,13.0,55.91,6,-0.7433740473544
2023-06-25,0.0,14.57,55.51,6,-0.7527981263892984
2023-06-26,0.0,13.71,55.309999999999995,6,-0.7575281550190722
2023-06-27,0.0,14.08,55.29,6,-0.7580018218861071
2023-06-28,0.03,12.68,55.22,6,-0.7596606096286878
2023-06-29,0.0,10.77,51.269999999999996,6,-0.8557778586983134
2023-06-30,0.0,11.41,51.25,6,-0.8562776828071184
2023-07-01,0.0,12.13,50.97,7,0.3822040062322599
2023-07-02,0.0,12.95,50.8,7,0.3786799250940248
2023-07-03,0.0,13.54,50.8,7,0.3786799250940248
2023-07-04,0.0,14.28,50.69,7,0.3763954471692366
2023-07-05,0.0,15.92,50.69,7,0.3763954471692366
2023-07-06,0.0,13.48,50.69,7,0.3763954471692366
2023-07-07,0.0,12.69,49.29,7,0.34702698865607867
2023-07-08,0.0,13.6,38.28,7,0.09377785475234209
2023-07-09,0.0,9.84,35.61,7,0.025034632666074235
2023-07-10,0.0,6.69,35.61,7,0.025034632666074235
2023-07-11,0.0,7.39,35.589999999999996,7,0.02450655344966504
2023-07-12,0.0,8.41,35.589999999999996,7,0.02450655344966504
2023-07-13,0.01,9.82,35.6,7,0.024770618579101282
2023-07-14,0.1,9.52,35.69,7,0.027144910885337176
2023-07-15,0.01,12.42,35.39,7,0.019214492541607002
2023-07-16,0.0,14.88,35.39,7,0.019214492541607002
2023-07-17,0.0,15.09,35.39,7,0.019214492541607002
2023-07-18,0.0,15.8,35.39,7,0.019214492541607002
2023-07-19,0.0,15.58,35.39,7,0.019214492541607002
2023-07-20,0.0,13.01,34.96,7,0.007766421497260619
2023-07-21,0.59,11.91,34.879999999999995,7,0.005625857140275596
2023-07-22,0.25,12.76,35.129999999999995,7,0.012303935770261818
2023-07-23,0.0,14.62,35.129999999999995,7,0.012303935770261818
2023-07-24,0.0,17.51,35.129999999999995,7,0.012303935770261818
2023-07-25,0.0,15.43,35.089999999999996,7,0.011237649010832166
2023-07-26,0.0,15.18,35.03,7,0.009636647283339066
2023-07-27,0.0,16.13,34.339999999999996,7,-0.008912258275723185
2023-07-28,0.0,17.25,34.32,7,-0.00945372744185182
2023-07-29,0.0,16.97,34.32,7,-0.00945372744185182
2023-07-30,0.0,8.23,33.97,7,-0.018964913847381526
2023-07-31,0.0,8.92,33.75,7,-0.024978081414815556
2023-08-01,0.0,10.0,33.71,8,0.9310597218173343
2023-08-02,0.91,10.59,31.759999999999998,8,0.8715931026663191
2023-08-03,0.06,10.09,30.1,8,0.8191002466968434
2023-08-04,0.0,10.79,30.07,8,0.8181346711917238
2023-08-05,0.0,12.32,24.92,8,0.6421558763593057
2023-08-06,0.0,13.32,20.32,8,0.46346977331869693
2023-08-07,0.0,16.33,20.3,8,0.46263689406704495
2023-08-08,0.0,15.56,20.3,8,0.46263689406704495
2023-08-09,0.0,14.49,20.3,8,0.46263689406704495
2023-08-10,0.0,13.46,20.3,8,0.46263689406704495
2023-08-11,0.0,14.42,20.3,8,0.46263689406704495
2023-08-12,0.0,16.38,13.729999999999999,8,0.1520360991102663
2023-08-13,0.0,17.93,13.44,8,0.13615634044157443
2023-08-14,0.0,19.24,13.379999999999999,8,0.13284126011290753
2023-08-15,0.0,20.58,8.07,8,-0.21491321649622186
2023-08-16,0.0,18.15,7.09,8,-0.29626255309528
2023-08-17,0.01,18.12,7.1,8,-0.2953921328173427
2023-08-18,0.0,19.57,7.1,8,-0.2953921328173427
2023-08-19,0.0,21.42,7.1,8,-0.2953921328173427
2023-08-20,0.0,20.3,7.1,8,-0.2953921328173427
2023-08-21,0.0,21.56,7.1,8,-0.2953921328173427
2023-08-22,0.0,21.09,7.1,8,-0.2953921328173427
2023-08-23,0.0,19.46,7.1,8,-0.2953921328173427
2023-08-24,0.0,18.99,7.1,8,-0.2953921328173427
2023-08-25,0.0,20.54,7.0600000000000005,8,-0.2988792277614909
2023-08-26,0.0,14.66,6.92,8,-0.3111994281910432
2023-08-27,0.0,13.86,6.92,8,-0.3111994281910432
2023-08-28,0.0,13.87,2.56,8,-0.8521653034863342
2023-08-29,0.0,14.74,2.5500000000000003,8,-0.8540607743372541
2023-08-30,0.0,15.41,2.5500000000000003,8,-0.8540607743372541
2023-08-31,0.0,17.33,2.5500000000000003,8,-0.8540607743372541
2023-09-01,0.0,20.02,2.5500000000000003,9,-0.4342359631812134
2023-09-02,0.0,21.25,2.5500000000000003,9,-0.4342359631812134
2023-09-03,0.0,22.26,2.5500000000000003,9,-0.4342359631812134
2023-09-04,0.0,21.99,2.5500000000000003,9,-0.4342359631812134
2023-09-05,0.0,23.6,2.32,9,-0.4746557698486719
2023-09-06,0.0,20.78,2.32,9,-0.4746557698486719
2023-09-07,0.0,20.6,2.32,9,-0.4746557698486719
2023-09-08,0.0,23.03,2.32,9,-0.4746557698486719
2023-09-09,0.0,23.0,2.32,9,-0.4746557698486719
2023-09-10,0.0,24.51,2.31,9,-0.4764795753122706
2023-09-11,0.0,18.55,2.31,9,-0.4764795753122706
2023-09-12,0.0,15.18,2.31,9,-0.4764795753122706
2023-09-13,0.3,14.86,2.61,9,-0.4241393963829562
2023-09-14,0.48,18.29,3.09,9,-0.34898305063077495
2023-09-15,0.0,21.28,3.09,9,-0.34898305063077495
2023-09-16,0.0,21.4,3.09,9,-0.34898305063077495
2023-09-17,0.0,20.04,3.09,9,-0.34898305063077495
2023-09-18,0.0,20.47,3.09,9,-0.34898305063077495
2023-09-19,0.02,22.63,3.11,9,-0.34604409650571905
2023-09-20,0.0,22.33,3.11,9,-0.34604409650571905
2023-09-21,0.0,23.4,2.77,9,-0.39803054447209063
2023-09-22,0.0,24.39,2.77,9,-0.39803054447209063
2023-09-23,0.0,24.65,2.77,9,-0.39803054447209063
2023-09-24,0.03,25.4,2.8000000000000003,9,-0.39326002022472767
2023-09-25,0.16,21.57,2.96,9,-0.3684352266268175
2023-09-26,0.0,17.89,2.9299999999999997,9,-0.3730131931264366
2023-09-27,0.0,19.18,2.9299999999999997,9,-0.3730131931264366
2023-09-28,0.05,20.23,2.98,9,-0.365402198047228
2023-09-29,0.0,22.23,2.98,9,-0.365402198047228
2023-09-30,0.0,25.14,2.98,9,-0.365402198047228
2023-10-01,0.0,25.04,2.98,10,-1.1688806327978714
2023-10-02,0.0,21.15,2.98,10,-1.1688806327978714
2023-10-03,0.0,21.68,2.98,10,-1.1688806327978714
2023-10-04,0.0,24.16,2.98,10,-1.1688806327978714
2023-10-05,0.0,24.87,2.98,10,-1.1688806327978714
2023-10-06,0.0,25.97,2.98,10,-1.1688806327978714
2023-10-07,0.0,26.61,2.98,10,-1.1688806327978714
2023-10-08,0.0,29.09,2.98,10,-1.1688806327978714
2023-10-09,0.26,25.25,3.2399999999999998,10,-1.1277752959362366
2023-10-10,7.89,25.0,11.129999999999999,10,-0.40463333380563127
2023-10-11,0.48,24.14,11.6,10,-0.37593443079422084
2023-10-12,13.19,23.06,24.689999999999998,10,0.2159193734416158
2023-10-13,0.0,21.98,24.68,10,0.21556298564534024
2023-10-14,0.0,22.04,24.68,10,0.21556298564534024
2023-10-15,2.25,23.82,26.93,10,0.29342137891129433
2023-10-16,0.06,21.91,26.99,10,0.29543680867524025
2023-10-17,0.0,20.95,26.99,10,0.29543680867524025
2023-10-18,0.0,21.53,26.99,10,0.29543680867524025
2023-10-19,0.0,23.47,26.4,10,0.2754864914298899
2023-10-20,0.0,24.15,26.15,10,0.26694283842281163
2023-10-21,0.0,26.24,26.15,10,0.26694283842281163
2023-10-22,0.0,23.87,26.15,10,0.26694283842281163
2023-10-23,0.03,24.76,26.18,10,0.2679709603965468
2023-10-24,0.0,26.68,26.18,10,0.2679709603965468
2023-10-25,0.0,26.48,26.18,10,0.2679709603965468
2023-10-26,0.02,26.32,26.2,10,0.26865593618704936
2023-10-27,0.0,28.23,26.2,10,0.26865593618704936
2023-10-28,0.96,25.41,27.159999999999997,10,0.3011309679114436
2023-10-29,0.04,24.6,27.2,10,0.30246730462791055
2023-10-30,1.43,17.63,28.63,10,0.3494035949010921
2023-10-31,2.43,14.06,30.15,10,0.3976130544893719
2023-11-01,0.02,18.09,30.11,11,-1.138199281507926
2023-11-02,0.0,21.51,30.11,11,-1.138199281507926
2023-11-03,0.45,21.9,30.56,11,-1.1208761286007447
2023-11-04,1.56,20.89,32.12,11,-1.0622165452728414
2023-11-05,0.04,24.93,32.16,11,-1.0607398034222346
2023-11-06,0.14,27.04,32.3,11,-1.0555816252440686
2023-11-07,2.67,25.08,34.97,11,-0.9601541231927436
2023-11-08,0.0,24.47,34.97,11,-0.9601541231927436
2023-11-09,0.0,26.45,34.97,11,-0.9601541231927436
2023-11-10,0.0,26.9,34.97,11,-0.9601541231927436
2023-11-11,0.0,28.29,34.97,11,-0.9601541231927436
2023-11-12,0.14,30.17,35.11,11,-0.9552969999725482
2023-11-13,0.0,28.11,35.11,11,-0.9552969999725482
2023-11-14,0.01,25.05,35.12,11,-0.9549505943017115
2023-11-15,0.0,24.37,35.11,11,-0.9552969999725482
2023-11-16,1.81,25.46,36.92,11,-0.8937153277000031
2023-11-17,2.25,25.85,39.17,11,-0.8200982126465746
2023-11-18,0.39,28.25,39.56,11,-0.807645982612281
2023-11-19,0.01,29.54,39.57,11,-0.8073278432273516
2023-11-20,0.05,30.1,39.62,11,-0.8057380018731747
2023-11-21,0.43,31.16,40.050000000000004,11,-0.7921237978047908
2023-11-22,1.54,31.39,41.59,11,-0.7441995680743014
2023-11-23,0.06,32.29,41.65,11,-0.7423579944568368
2023-11-24,0.0,30.98,41.65,11,-0.7423579944568368
2023-11-25,0.22,30.88,41.87,11,-0.7356215586716818
2023-11-26,0.04,30.28,41.910000000000004,11,-0.7343994412794562
2023-11-27,0.03,31.36,41.94,11,-0.7334833939879817
2023-11-28,5.08,31.88,47.02,11,-0.5845990491560067
2023-11-29,0.31,26.16,47.33,11,-0.5758867445225913
2023-11-30,0.01,24.88,47.34,11,-0.575606367954925
2023-12-01,0.0,25.1,47.34,12,-2.0147268327292065
2023-12-02,0.0,26.77,47.34,12,-2.0147268327292065
2023-12-03,0.0,28.75,47.34,12,-2.0147268327292065
2023-12-04,0.0,29.31,47.34,12,-2.0147268327292065
2023-12-05,0.0,30.85,47.34,12,-2.0147268327292065
2023-12-06,0.0,29.42,47.34,12,-2.0147268327292065
2023-12-07,0.49,27.3,47.83,12,-1.9994436299645817
2023-12-08,0.0,30.22,47.83,12,-1.9994436299645817
2023-12-09,0.03,31.08,47.86,12,-1.998511676844291
2023-12-10,4.91,22.53,52.77,12,-1.8514442528507977
2023-12-11,4.18,22.26,56.95,12,-1.7339381432027916
2023-12-12,0.04,25.81,56.69,12,-1.7410605251009332
2023-12-13,0.01,28.08,56.22,12,-1.7539960904961454
2023-12-14,15.74,26.19,71.96,12,-1.3574836556546968
2023-12-15,14.21,23.14,86.17,12,-1.0498308045020408
2023-12-16,0.1,26.2,86.27,12,-1.0477975878495305
2023-12-17,0.11,26.21,86.38,12,-1.0455629619614066
2023-12-18,2.88,27.54,89.24000000000001,12,-0.9881513792711516
2023-12-19,1.68,28.12,90.92,12,-0.9550264509806373
2023-12-20,0.27,27.86,91.19,12,-0.9497428675932044
2023-12-21,0.0,28.97,91.19,12,-0.9497428675932044
2023-12-22,0.0,28.07,91.19,12,-0.9497428675932044
2023-12-23,0.0,27.66,91.16,12,-0.950329391378417
2023-12-24,0.02,27.9,91.02,12,-0.9530682896323759
2023-12-25,25.86,23.04,116.88,12,-0.49010469331278916
2023-12-26,16.43,23.62,133.31,12,-0.23168952722901853
2023-12-27,6.82,21.18,140.08,12,-0.1315053350723854
2023-12-28,0.3,22.0,140.38,12,-0.12714231246095586
2023-12-29,2.51,21.76,142.89000000000001,12,-0.09088248275958316
2023-12-30,1.82,22.79,144.71,12,-0.06485810530876679
2023-12-31,0.13,25.32,144.84,12,-0.06300767346573904
2024-01-01,0.01,27.11,144.85000000000002,1,-1.5525817231653325
2024-01-02,2.23,24.98,147.08,1,-1.5056476261373217
2024-01-03,3.98,25.08,151.06,1,-1.4230942929870456
2024-01-04,0.0,26.97,151.06,1,-1.4230942929870456
2024-01-05,4.83,24.68,155.89000000000001,1,-1.324908735738196
2024-01-06,0.29,25.77,156.18,1,-1.3190808454915501
2024-01-07,0.51,26.84,156.42999999999998,1,-1.3140627972889298
2024-01-08,0.68,26.74,149.22,1,-1.4610698499708892
2024-01-09,17.78,24.29,166.51999999999998,1,-1.115989366366726
2024-01-10,21.51,23.92,174.83999999999997,1,-0.9587792644909676
2024-01-11,0.83,24.86,175.67,1,-0.9433793999866776
2024-01-12,2.28,25.3,177.95,1,-0.9013306075860102
2024-01-13,0.38,25.83,176.07999999999998,1,-0.9357905957792836
2024-01-14,0.49,25.64,176.51000000000002,1,-0.9278445757406446
2024-01-15,0.02,26.99,176.53,1,-0.9274753156516244
2024-01-16,21.86,27.28,198.39000000000001,1,-0.5398250796245034
2024-01-17,13.1,24.37,211.49,1,-0.3212429820009753
2024-01-18,0.2,23.86,211.69000000000003,1,-0.31797759632528994
2024-01-19,0.0,21.81,211.69000000000003,1,-0.31797759632528994
2024-01-20,0.0,21.14,211.69000000000003,1,-0.31797759632528994
2024-01-21,0.0,23.49,211.66000000000003,1,-0.3184672717073001
2024-01-22,0.0,26.64,211.66000000000003,1,-0.3184672717073001
2024-01-23,3.68,25.57,215.34,1,-0.25874563994443833
2024-01-24,1.76,24.62,217.08,1,-0.23074652987706865
2024-01-25,0.09,26.99,217.17000000000002,1,-0.22930240890683934
2024-01-26,0.52,27.66,216.73,1,-0.23636638336850319
2024-01-27,7.57,25.95,224.26,1,-0.11677787281992712
2024-01-28,0.08,26.21,222.91,1,-0.13801769215334517
2024-01-29,1.07,26.65,221.54999999999998,1,-0.15950222413733575
2024-01-30,0.76,26.96,222.29000000000002,1,-0.14780117728510675
2024-01-31,0.45,24.09,222.74,1,-0.1406984432527747
2024-02-01,0.22,23.36,222.51,2,-0.6247858278822341
2024-02-02,0.0,23.3,220.95,2,-0.6465609963473817
2024-02-03,0.0,24.75,220.91,2,-0.6471207062837411
2024-02-04,0.01,26.29,220.78,2,-0.6489402396239626
2024-02-05,0.0,27.43,218.10999999999999,2,-0.6864729204593244
2024-02-06,0.0,27.7,218.10999999999999,2,-0.6864729204593244
2024-02-07,0.0,28.52,218.10999999999999,2,-0.6864729204593244
2024-02-08,0.13,30.34,218.23999999999998,2,-0.6846382681992814
2024-02-09,1.63,28.81,219.87,2,-0.6616974177996193
2024-02-10,1.08,29.12,220.81,2,-0.6485202826688282
2024-02-11,2.61,26.76,223.42000000000002,2,-0.6121315222116688
2024-02-12,0.0,25.55,223.41,2,-0.6122703900584523
2024-02-13,0.06,27.88,223.47,2,-0.6114372463031758
2024-02-14,0.0,29.92,221.66000000000003,2,-0.6366375885454898
2024-02-15,0.0,29.55,219.41000000000003,2,-0.6681597699218678
2024-02-16,0.0,29.31,219.02,2,-0.67364594458392
2024-02-17,0.0,28.77,219.01000000000002,2,-0.6737867030970323
2024-02-18,3.68,29.22,222.64,2,-0.622975919752308
2024-02-19,0.18,28.29,222.39,2,-0.6264571501872053
2024-02-20,0.03,29.2,220.88,2,-0.6475405339592133
2024-02-21,0.06,30.02,220.88,2,-0.6475405339592133
2024-02-22,0.01,30.41,220.89,2,-0.6474005870930644
2024-02-23,0.45,30.51,221.12,2,-0.6441829974216611
2024-02-24,0.01,29.01,221.09,2,-0.6446025539454838
2024-02-25,0.0,28.84,221.06,2,-0.6450221491774484
2024-02-26,0.0,29.68,215.98,2,-0.7166395937571729
2024-02-27,0.07,26.44,215.73999999999998,2,-0.7200513372546421
2024-02-28,0.01,25.31,215.74,2,-0.7200513372546415
2024-02-29,0.06,24.71,215.8,2,-0.7191981590739087
2024-03-01,0.08,25.8,215.88,3,-0.4750264733654864
2024-03-02,0.12,27.74,216.0,3,-0.4737301018879457
2024-03-03,0.07,28.53,216.07,3,-0.4729741117128334
2024-03-04,0.09,28.15,216.16,3,-0.47200236941273604
2024-03-05,0.0,28.85,216.16,3,-0.47200236941273604
2024-03-06,0.01,29.39,215.67999999999998,3,-0.477188183675516
2024-03-07,1.79,28.79,217.47,3,-0.4578892081285919
2024-03-08,0.01,30.77,217.45,3,-0.45810424054420695
2024-03-09,0.04,31.6,212.57999999999998,3,-0.5108707552961972
2024-03-10,0.2,31.0,208.60000000000002,3,-0.5546096639387242
2024-03-11,0.17,28.49,208.73,3,-0.5531720455823982
2024-03-12,0.0,27.74,208.72,3,-0.553282609892462
2024-03-13,0.0,29.8,192.98,3,-0.7320061896521101
2024-03-14,0.0,29.23,178.77,3,-0.9021829890218511
2024-03-15,0.66,27.71,179.32999999999998,3,-0.8953029957738593
2024-03-16,0.01,29.24,179.23000000000002,3,-0.8965304747812901
2024-03-17,0.0,31.15,176.35000000000002,3,-0.9320871076377664
2024-03-18,1.13,27.39,175.8,3,-0.9389230838346446
2024-03-19,6.89,26.82,182.42,3,-0.8576049423233016
2024-03-20,0.02,29.18,182.44,3,-0.8573623847035802
2024-03-21,2.19,25.88,184.63,3,-0.8309126707815246
2024-03-22,4.14,22.17,188.76999999999998,3,-0.7814973304100306
2024-03-23,0.04,23.3,188.79000000000002,3,-0.7812604306209233
2024-03-24,0.13,22.5,163.06,3,-1.1016004473508272
2024-03-25,0.0,22.45,146.63,3,-1.3250578971693951
2024-03-26,0.01,22.78,139.82,3,-1.4228487401419694
2024-03-27,0.15,23.22,139.67000000000002,3,-1.425040161440125
2024-03-28,0.25,23.36,137.41,3,-1.458260618524788
2024-03-29,0.02,24.71,135.61,3,-1.4849968256592028
2024-03-30,0.49,24.2,135.97,3,-1.479629585992772
2024-03-31,1.71,21.5,137.67,3,-1.4544192311756865
2024-04-01,0.04,22.6,135.48,4,-1.063546543178619
2024-04-02,0.09,24.27,131.59,4,-1.1183528812510901
2024-04-03,0.16,24.19,131.75,4,-1.1160763769629953
2024-04-04,0.26,24.12,127.17999999999999,4,-1.1818794896547953
2024-04-05,5.59,25.0,132.48,4,-1.1057143841008399
2024-04-06,0.18,24.14,132.15,4,-1.110393595777413
2024-04-07,1.19,22.21,132.66,4,-1.1031655338801913
2024-04-08,14.73,21.54,129.61,4,-1.1466868810880686
2024-04-09,4.48,18.89,112.58,4,-1.40398386038038
2024-04-10,0.0,18.09,111.75,4,-1.4172101744144856
2024-04-11,0.0,18.84,109.47,4,-1.4539062349314926
2024-04-12,0.0,17.92,109.09,4,-1.460075051915894
2024-04-13,0.0,18.08,108.6,4,-1.468052234573285
2024-04-14,0.28,18.63,108.86,4,-1.4638162550971439
2024-04-15,9.5,17.3,96.5,4,-1.6737625218670984
2024-04-16,0.2,17.95,83.60000000000001,4,-1.9146838518294955
2024-04-17,2.5,17.59,85.9,4,-1.8698445080793629
2024-04-18,0.01,19.18,85.91,4,-1.8696514709615624
2024-04-19,0.0,20.83,85.91,4,-1.8696514709615624
2024-04-20,0.0,21.86,85.91,4,-1.8696514709615624
2024-04-21,0.0,22.4,85.91,4,-1.8696514709615624
2024-04-22,0.0,23.24,82.22999999999999,4,-1.9418207712029472
2024-04-23,0.0,24.32,80.47,4,-1.9771708455738428
2024-04-24,0.0,23.77,80.38,4,-1.9789936242637312
2024-04-25,0.0,23.91,79.86,4,-1.9895545220718729
2024-04-26,0.0,22.05,72.28999999999999,4,-2.149324906440885
2024-04-27,5.97,19.54,78.17999999999999,4,-2.024021578531378
2024-04-28,0.03,17.72,77.14,4,-2.045630754988027
2024-04-29,0.01,17.87,76.39,4,-2.061347097685281
2024-04-30,0.0,20.03,75.94,4,-2.070831266093548
2024-05-01,0.0,21.09,75.72,5,-1.3070223489931851
2024-05-02,0.0,20.39,75.72,5,-1.3070223489931851
2024-05-03,0.0,19.08,75.72,5,-1.3070223489931851
2024-05-04,0.0,18.26,75.71,5,-1.3072195700005536
2024-05-05,0.0,20.05,75.71,5,-1.3072195700005536
2024-05-06,0.0,20.71,75.71,5,-1.3072195700005536
2024-05-07,0.0,19.6,75.71,5,-1.3072195700005536
2024-05-08,0.0,20.67,75.58,5,-1.3097851449367668
2024-05-09,0.0,19.48,73.95,5,-1.3422255825463874
2024-05-10,0.0,20.56,72.87,5,-1.364003860374823
2024-05-11,0.0,22.01,70.26,5,-1.417610966106144
2024-05-12,0.0,20.85,70.26,5,-1.417610966106144
2024-05-13,0.4,19.27,70.60000000000001,5,-1.410547218625078
2024-05-14,1.42,17.69,72.02,5,-1.3813080323689793
2024-05-15,0.0,18.16,72.02,5,-1.3813080323689793
2024-05-16,0.0,19.13,72.02,5,-1.3813080323689793
2024-05-17,0.0,19.27,72.02,5,-1.3813080323689793
2024-05-18,0.0,20.62,68.33999999999999,5,-1.4579704142855654
2024-05-19,0.0,18.78,68.16,5,-1.4617959340066262
2024-05-20,0.0,19.27,68.13,5,-1.4624342306915987
2024-05-21,0.0,19.35,68.07,5,-1.4637114341375317
2024-05-22,0.0,17.1,68.05999999999999,5,-1.463924380532216
2024-05-23,0.0,16.83,67.60999999999999,5,-1.4735304830754266
2024-05-24,0.0,18.23,67.6,5,-1.473744476750844
2024-05-25,0.0,17.37,67.6,5,-1.473744476750844
2024-05-26,0.0,17.93,67.6,5,-1.473744476750844
2024-05-27,0.0,16.95,67.52999999999999,5,-1.475243074289154
2024-05-28,0.0,15.16,67.52,5,-1.4754572514123645
2024-05-29,0.0,16.99,67.46,5,-1.4767427964951183
2024-05-30,0.0,15.71,67.38,5,-1.4784581445740166
2024-05-31,0.0,16.33,67.25999999999999,5,-1.4810339330289377
2024-06-01,0.0,17.35,67.19,6,-0.4951679308204259
2024-06-02,2.67,16.99,69.77,6,-0.44255419448605937
2024-06-03,0.0,9.38,69.77,6,-0.44255419448605937
2024-06-04,0.0,8.79,69.75999999999999,6,-0.44275549749235965
2024-06-05,0.0,12.55,67.97,6,-0.4791157516884403
2024-06-06,0.0,13.14,67.96,6,-0.4793207371886055
2024-06-07,0.0,9.88,67.91999999999999,6,-0.4801408886673073
2024-06-08,0.0,10.29,67.72,6,-0.48424668452682357
2024-06-09,0.0,9.99,67.55,6,-0.48774323722502255
2024-06-10,0.0,9.88,67.55,6,-0.48774323722502255
2024-06-11,0.0,9.43,67.55,6,-0.48774323722502255
2024-06-12,0.0,12.25,67.55,6,-0.48774323722502255
2024-06-13,0.0,15.23,66.88999999999999,6,-0.5013763219637649
2024-06-14,0.0,13.9,66.88,6,-0.5015836013807071
2024-06-15,0.0,14.09,66.88,6,-0.5015836013807071
2024-06-16,0.0,13.89,65.75,6,-0.5251463598598336
2024-06-17,0.0,14.05,58.86,6,-0.6752987662277816
2024-06-18,0.0,15.31,58.84,6,-0.6757521186145412
2024-06-19,0.0,15.38,56.65,6,-0.7260641709622918
2024-06-20,0.0,14.25,52.510000000000005,6,-0.8250555881109334
2024-06-21,0.0,13.42,52.47,6,-0.8260385461129225
2024-06-22,0.0,14.19,52.34,6,-0.8292368356526724
2024-06-23,0.0,12.63,52.34,6,-0.8292368356526724
2024-06-24,0.15,12.53,52.48,6,-0.825792756791033
2024-06-25,0.0,12.26,52.33,6,-0.8294830912738834
2024-06-26,0.0,11.93,52.08,6,-0.8356503642286431
2024-06-27,0.01,11.84,52.07,6,-0.8358974917904594
2024-06-28,0.02,13.1,51.6,6,-0.8475506935319856
2024-06-29,0.03,14.09,49.919999999999995,6,-0.889832025596667
2024-06-30,0.01,15.15,49.89,6,-0.8905961900725826
2024-07-01,0.0,14.87,49.8,7,0.35778920922192986
2024-07-02,0.0,14.83,49.64,7,0.35442078391300946
2024-07-03,0.0,15.49,49.38,7,0.34893159200204676
2024-07-04,0.0,12.38,43.79,7,0.22591265434354538
2024-07-05,0.0,10.72,43.61,7,0.22177999859665387
2024-07-06,0.0,10.9,42.42,7,0.19416409814791652
2024-07-07,0.0,12.69,27.689999999999998,7,-0.2025501342906191
2024-07-08,0.02,7.11,23.23,7,-0.3516225772347564
2024-07-09,0.0,6.56,23.23,7,-0.3516225772347564
2024-07-10,0.0,12.3,23.23,7,-0.3516225772347564
2024-07-11,0.0,13.8,23.23,7,-0.3516225772347564
2024-07-12,0.0,14.11,23.23,7,-0.3516225772347564
2024-07-13,0.0,15.11,22.95,7,-0.361638952349407
2024-07-14,0.0,13.14,13.45,7,-0.7714214491630199
2024-07-15,0.0,12.46,13.25,7,-0.7820983319733105
2024-07-16,0.0,14.85,10.75,7,-0.9270209511268286
2024-07-17,0.0,15.6,10.739999999999998,7,-0.9276495287440418
2024-07-18,0.0,15.76,10.739999999999998,7,-0.9276495287440418
2024-07-19,0.0,15.49,10.739999999999998,7,-0.9276495287440418
2024-07-20,0.0,14.29,10.739999999999998,7,-0.9276495287440418
2024-07-21,0.0,14.13,10.739999999999998,7,-0.9276495287440418
2024-07-22,0.0,16.51,10.739999999999998,7,-0.9276495287440418
2024-07-23,0.0,16.29,10.739999999999998,7,-0.9276495287440418
2024-07-24,0.0,15.84,10.739999999999998,7,-0.9276495287440418
2024-07-25,0.0,14.57,10.739999999999998,7,-0.9276495287440418
2024-07-26,0.0,14.54,4.77,7,-1.42816160016668
2024-07-27,0.0,14.17,4.739999999999999,7,-1.4317223668244314
2024-07-28,0.0,12.83,4.7299999999999995,7,-1.4329132943842202
2024-07-29,0.0,11.98,4.7299999999999995,7,-1.4329132943842202
2024-07-30,0.0,15.01,4.7299999999999995,7,-1.4329132943842202
2024-07-31,0.0,14.4,4.7299999999999995,7,-1.4329132943842202
2024-08-01,0.07,15.41,4.8,8,-0.5253380562850101
2024-08-02,0.0,16.52,4.8,8,-0.5253380562850101
2024-08-03,0.0,17.47,4.8,8,-0.5253380562850101
2024-08-04,0.0,18.93,4.8,8,-0.5253380562850101
2024-08-05,0.0,14.09,4.8,8,-0.5253380562850101
2024-08-06,0.0,13.24,4.8,8,-0.5253380562850101
2024-08-07,0.0,15.85,4.8,8,-0.5253380562850101
2024-08-08,0.0,18.98,4.8,8,-0.5253380562850101
2024-08-09,0.0,17.97,4.8,8,-0.5253380562850101
2024-08-10,0.0,18.49,4.8,8,-0.5253380562850101
2024-08-11,0.0,20.34,4.3999999999999995,8,-0.5734608400747276
2024-08-12,0.0,16.47,2.98,8,-0.7773552557779492
2024-08-13,0.0,17.33,2.98,8,-0.7773552557779492
2024-08-14,0.0,15.95,2.98,8,-0.7773552557779492
2024-08-15,0.0,15.64,2.98,8,-0.7773552557779492
2024-08-16,0.0,15.85,2.98,8,-0.7773552557779492
2024-08-17,0.0,17.28,2.98,8,-0.7773552557779492
2024-08-18,0.0,19.48,2.98,8,-0.7773552557779492
2024-08-19,0.0,20.6,2.98,8,-0.7773552557779492
2024-08-20,0.0,17.3,2.98,8,-0.7773552557779492
2024-08-21,0.0,19.72,2.98,8,-0.7773552557779492
2024-08-22,0.0,20.26,2.98,8,-0.7773552557779492
2024-08-23,0.05,16.41,3.03,8,-0.769010808928694
2024-08-24,0.0,16.58,3.03,8,-0.769010808928694
2024-08-25,0.0,18.62,3.03,8,-0.769010808928694
2024-08-26,0.0,20.62,3.03,8,-0.769010808928694
2024-08-27,0.0,21.87,3.03,8,-0.769010808928694
2024-08-28,0.0,19.3,3.03,8,-0.769010808928694
2024-08-29,0.0,16.19,3.03,8,-0.769010808928694
2024-08-30,0.0,15.42,3.03,8,-0.769010808928694
2024-08-31,0.0,15.62,0.36,8,-1.6502109522324833
2024-09-01,0.0,16.18,0.36,9,-1.1076989518890872
2024-09-02,0.0,19.38,0.36,9,-1.1076989518890872
2024-09-03,0.0,17.98,0.36,9,-1.1076989518890872
2024-09-04,0.0,18.62,0.36,9,-1.1076989518890872
2024-09-05,0.0,19.33,0.36,9,-1.1076989518890872
2024-09-06,0.0,21.13,0.36,9,-1.1076989518890872
2024-09-07,0.0,19.69,0.36,9,-1.1076989518890872
2024-09-08,0.0,21.25,0.36,9,-1.1076989518890872
2024-09-09,0.0,21.65,0.36,9,-1.1076989518890872
2024-09-10,0.0,19.22,0.36,9,-1.1076989518890872
2024-09-11,0.0,21.02,0.36,9,-1.1076989518890872
2024-09-12,0.0,24.36,0.36,9,-1.1076989518890872
2024-09-13,0.0,26.24,0.36,9,-1.1076989518890872
2024-09-14,0.0,26.39,0.36,9,-1.1076989518890872
2024-09-15,0.96,25.91,1.3199999999999998,9,-0.6968433763605296
2024-09-16,1.92,22.57,3.2399999999999998,9,-0.3272715989637696
2024-09-17,3.5,23.07,6.74,9,0.04707544771521589
2024-09-18,0.0,22.31,6.74,9,0.04707544771521589
2024-09-19,0.0,21.41,6.74,9,0.04707544771521589
2024-09-20,0.0,19.16,6.74,9,0.04707544771521589
2024-09-21,0.08,16.42,6.819999999999999,9,0.05377636805076312
2024-09-22,0.0,15.81,6.669999999999999,9,0.04116629009995565
2024-09-23,0.0,17.16,6.669999999999999,9,0.04116629009995565
2024-09-24,0.01,20.47,6.68,9,0.0420131079510686
2024-09-25,0.0,24.59,6.67,9,0.04116629009995565
2024-09-26,0.0,25.49,6.65,9,0.03946998075781625
2024-09-27,0.0,25.36,6.62,9,0.03691879692974418
2024-09-28,0.0,25.73,6.61,9,0.0360666007755789
2024-09-29,0.0,22.94,6.61,9,0.0360666007755789
2024-09-30,0.0,16.06,6.61,9,0.0360666007755789
2024-10-01,0.0,15.56,6.61,10,-0.7391208533130444
2024-10-02,0.0,16.4,6.61,10,-0.7391208533130444
2024-10-03,0.0,18.06,6.61,10,-0.7391208533130444
2024-10-04,0.0,17.63,6.61,10,-0.7391208533130444
2024-10-05,0.0,17.67,6.61,10,-0.7391208533130444
2024-10-06,0.0,19.32,6.59,10,-0.7409304650520977
2024-10-07,0.0,22.5,6.59,10,-0.7409304650520977
2024-10-08,0.0,23.17,6.59,10,-0.7409304650520977
2024-10-09,0.0,22.37,6.59,10,-0.7409304650520977
2024-10-10,0.0,24.93,6.59,10,-0.7409304650520977
2024-10-11,0.0,26.64,6.59,10,-0.7409304650520977
2024-10-12,0.0,28.15,6.59,10,-0.7409304650520977
2024-10-13,0.0,27.55,6.59,10,-0.7409304650520977
2024-10-14,0.0,27.81,6.59,10,-0.7409304650520977
2024-10-15,1.95,23.74,8.54,10,-0.5806711630848365
2024-10-16,0.14,21.48,8.68,10,-0.5702354723360903
2024-10-17,0.04,22.67,8.719999999999999,10,-0.5672762518222335
2024-10-18,0.29,25.22,9.01,10,-0.5461103946367163
2024-10-19,0.0,24.77,9.01,10,-0.5461103946367163
2024-10-20,1.98,25.25,10.99,10,-0.4133487812761837
2024-10-21,10.41,23.0,21.4,10,0.09296795871542547
2024-10-22,0.0,22.81,21.4,10,0.09296795871542547
2024-10-23,0.0,21.57,21.4,10,0.09296795871542547
2024-10-24,0.0,23.95,21.4,10,0.09296795871542547
2024-10-25,0.0,26.62,21.4,10,0.09296795871542547
2024-10-26,0.0,27.0,21.4,10,0.09296795871542547
2024-10-27,0.0,25.04,21.4,10,0.09296795871542547
2024-10-28,0.0,19.64,21.4,10,0.09296795871542547
2024-10-29,0.0,19.92,21.4,10,0.09296795871542547
2024-10-30,0.0,22.96,21.33,10,0.09021665848709164
2024-10-31,0.0,24.36,21.33,10,0.09021665848709164
2024-11-01,0.0,26.36,21.33,11,-1.5219663247743127
2024-11-02,0.0,28.89,21.33,11,-1.5219663247743127
2024-11-03,0.0,30.36,21.33,11,-1.5219663247743127
2024-11-04,0.0,30.21,21.33,11,-1.5219663247743127
2024-11-05,0.01,26.21,21.34,11,-1.5214676745693028
2024-11-06,0.0,25.88,21.34,11,-1.5214676745693028
2024-11-07,1.91,26.88,23.25,11,-1.429255303010388
2024-11-08,0.03,26.56,23.28,11,-1.4278525433481497
2024-11-09,11.64,23.45,34.92,11,-0.9618921890462178
2024-11-10,1.9,23.08,36.82,11,-0.8970606003936313
2024-11-11,0.36,21.09,37.18,11,-0.885047786830593
2024-11-12,0.24,23.55,37.42,11,-0.8770852845492916
2024-11-13,0.06,24.88,37.48,11,-0.8751003531906238
2024-11-14,1.35,23.36,38.83,11,-0.8310260790496192
2024-11-15,0.23,23.21,39.06,11,-0.8236262956948616
2024-11-16,0.0,26.03,39.06,11,-0.8236262956948616
2024-11-17,0.69,27.17,39.75,11,-0.8016110687245305
2024-11-18,0.01,27.93,39.76,11,-0.8012940093159767
2024-11-19,1.2,28.79,40.96,11,-0.7636504942836712
2024-11-20,0.08,28.08,41.04,11,-0.7611688531704237
2024-11-21,0.37,28.43,41.36,11,-0.7512763862846387
2024-11-22,0.15,27.81,41.510000000000005,11,-0.7466579238321543
2024-11-23,0.54,27.98,42.050000000000004,11,-0.7301285093046676
2024-11-24,0.21,27.71,42.260000000000005,11,-0.7237409038898068
2024-11-25,0.0,26.68,42.260000000000005,11,-0.7237409038898068
2024-11-26,0.34,27.54,42.6,11,-0.713446415352013
2024-11-27,0.01,28.31,42.61,11,-0.7131445155253301
2024-11-28,0.0,23.97,42.61,11,-0.7131445155253301
2024-11-29,0.0,23.38,42.61,11,-0.7131445155253301
2024-11-30,0.0,24.79,42.61,11,-0.7131445155253301
2024-12-01,0.0,27.77,42.61,12,-2.1686242805058686
2024-12-02,0.0,29.08,42.61,12,-2.1686242805058686
2024-12-03,0.0,29.86,42.61,12,-2.1686242805058686
2024-12-04,0.0,31.0,42.61,12,-2.1686242805058686
2024-12-05,0.01,31.0,42.620000000000005,12,-2.168285862623688
2024-12-06,0.0,30.28,42.620000000000005,12,-2.168285862623688
2024-12-07,0.0,30.95,42.620000000000005,12,-2.168285862623688
2024-12-08,0.33,27.82,42.95,12,-2.1571510055936063
2024-12-09,0.43,30.33,43.38,12,-2.1427368367220168
2024-12-10,2.72,31.76,46.1,12,-2.053930585871564
2024-12-11,0.33,31.11,46.43,12,-2.0434220901403566
2024-12-12,0.01,31.61,46.440000000000005,12,-2.0431045126956624
2024-12-13,0.01,32.25,46.45,12,-2.042786985715207
2024-12-14,0.0,32.05,45.49,12,-2.0735025491719536
2024-12-15,1.6,28.2,45.17,12,-2.083847471312822
2024-12-16,20.34,30.27,62.010000000000005,12,-1.5997980344249059
2024-12-17,0.31,27.61,62.32,12,-1.5918412460679359
2024-12-18,2.04,26.19,64.36,12,-1.540179885407365
2024-12-19,0.33,26.37,64.69,12,-1.5319341487483893
2024-12-20,0.08,25.75,64.69,12,-1.5319341487483893
2024-12-21,29.82,22.29,94.51,12,-0.885650919631921
2024-12-22,2.97,21.25,97.48,12,-0.8296337389554229
2024-12-23,3.75,22.77,101.22,12,-0.7607579300141343
2024-12-24,1.74,23.97,102.96,12,-0.7293152340996941
2024-12-25,1.86,22.16,104.82,12,-0.6961084837069416
2024-12-26,1.16,23.67,105.98,12,-0.6756048007026683
2024-12-27,16.62,23.96,122.6,12,-0.3974809936411008
2024-12-28,1.15,24.69,123.75,12,-0.3792174767596036
2024-12-29,0.23,25.76,123.98,12,-0.3755786818779832
2024-12-30,1.88,25.18,125.86,12,-0.3460066476210788
2024-12-31,25.25,23.16,151.11,12,0.024945386302327118
2025-01-01,38.01,22.88,189.12,1,-0.7004747242087692
2025-01-02,8.42,23.1,197.54,1,-0.5543409428957241
2025-01-03,2.39,23.66,199.93,1,-0.5136326251889235
2025-01-04,3.18,23.84,203.10999999999999,1,-0.45997568295658503
2025-01-05,12.47,23.4,215.57999999999998,1,-0.25487467389310664
2025-01-06,12.54,23.15,228.12,1,-0.05651643165850041
2025-01-07,4.49,22.17,232.60999999999999,1,0.012728142392525092
2025-01-08,0.48,23.3,233.09,1,0.02007765725820772
2025-01-09,2.79,23.18,235.88,1,0.06259785503197303
2025-01-10,2.65,22.92,238.53,1,0.10267478335723924
2025-01-11,4.45,22.88,242.98,1,0.1693114223725918
2025-01-12,2.64,21.58,245.62,1,0.2084609301978041
2025-01-13,0.4,23.23,244.07000000000002,1,0.1855095569932761
2025-01-14,0.49,23.42,244.42,1,0.19070058131623696
2025-01-15,0.79,24.64,245.17000000000002,1,0.20180757672454971
2025-01-16,1.15,24.22,246.03,1,0.21451582094025828
2025-01-17,1.35,23.05,247.38000000000002,1,0.23440537408416676
2025-01-18,0.14,22.98,245.54,1,0.2072787046201379
2025-01-19,0.06,24.42,235.19,1,0.05211348788694711
2025-01-20,0.22,25.2,235.41,1,0.05545855600133995
2025-01-21,1.03,23.32,236.44,1,0.07109187255745125
2025-01-22,0.0,22.31,236.44,1,0.07109187255745125
2025-01-23,0.01,23.55,236.45,1,0.07124342940266656
2025-01-24,0.04,26.27,236.49,1,0.07184961402726013
2025-01-25,0.03,25.46,236.51999999999998,1,0.07230420761048828
2025-01-26,0.01,25.13,236.53,1,0.07245573025702064
2025-01-27,0.0,25.14,236.53,1,0.07245573025702064
2025-01-28,0.0,23.95,236.53,1,0.07245573025702064
2025-01-29,0.0,23.98,236.53,1,0.07245573025702064
2025-01-30,0.0,25.6,236.53,1,0.07245573025702064
2025-01-31,0.08,26.92,236.60999999999999,1,0.07366775761304391
2025-02-01,0.06,28.98,236.67,2,-0.4317166298854202
2025-02-02,2.3,27.63,238.97,2,-0.40110079177266134
2025-02-03,1.92,25.95,240.88,2,-0.375827269097578
2025-02-04,0.02,27.32,240.9,2,-0.3755633419361496
2025-02-05,0.01,27.67,239.0,2,-0.4007027728542939
2025-02-06,0.62,28.42,239.59,2,-0.3928819159407516
2025-02-07,3.43,26.3,231.38,2,-0.5029046790944101
2025-02-08,0.04,25.52,229.52,2,-0.5281965852553395
2025-02-09,0.64,28.4,229.8,2,-0.5243803435798222
2025-02-10,7.37,26.1,236.93,2,-0.428245656167279
2025-02-11,1.27,25.68,238.14,2,-0.41212605987788553
2025-02-12,2.84,24.29,239.63,2,-0.39235215938354523
2025-02-13,1.39,22.61,240.79,2,-0.3770151244163297
2025-02-14,1.46,21.94,242.25,2,-0.35778234244434576
2025-02-15,1.12,22.14,242.68,2,-0.35213280872904046
2025-02-16,30.92,19.67,273.59,2,0.0374931888209166
2025-02-17,52.58,18.25,324.97,2,0.6247342485214052
2025-02-18,28.55,21.0,353.44,2,0.924014179802048
2025-02-19,9.27,22.31,362.34000000000003,2,1.0143184104071976
2025-02-20,21.59,19.76,383.78,2,1.226079712956384
2025-02-21,4.09,21.44,387.33000000000004,2,1.2603950353636195
2025-02-22,5.58,23.46,392.7,2,1.311917512952014
2025-02-23,4.41,21.76,397.10999999999996,2,1.3538889488631112
2025-02-24,0.92,23.1,397.69,2,1.3593865095848308
2025-02-25,0.24,23.95,397.92,2,1.3615651399289481
2025-02-26,0.17,23.29,398.09000000000003,2,1.3631749082177507
2025-02-27,1.6,22.96,399.69,2,1.3783039208852763
2025-02-28,3.05,23.21,402.74,2,1.4070354444996547
2025-03-01,6.08,22.33,408.82,3,1.1836665988335655
2025-03-02,1.72,22.15,410.54,3,1.1958196418751408
2025-03-03,0.51,22.37,411.05,3,1.1994168448442903
2025-03-04,1.18,23.02,412.23,3,1.2077287638342487
2025-03-05,1.01,23.86,413.23,3,1.2147607601944193
2025-03-06,0.34,24.56,413.57,3,1.2171491393049076
2025-03-07,1.75,24.71,415.32,3,1.2294222863865425
2025-03-08,0.59,23.09,415.58,3,1.2312428797655017
2025-03-09,1.24,21.22,416.39,3,1.2369100275304912
2025-03-10,0.0,22.64,413.67,3,1.2178513628275187
2025-03-11,17.5,21.25,430.84000000000003,3,1.3368382511267414
2025-03-12,6.09,20.69,436.92,3,1.3782402299836887
2025-03-13,1.91,21.63,438.82,3,1.3911024488492578
2025-03-14,0.19,21.67,439.01,3,1.3923867042285196
2025-03-15,6.5,20.06,443.91,3,1.4253845856390903
2025-03-16,0.34,19.18,423.90999999999997,3,1.2891877809250243
2025-03-17,1.44,19.59,425.03999999999996,3,1.2969916300590592
2025-03-18,2.26,19.94,425.26,3,1.2985094109989914
2025-03-19,1.43,20.11,426.35999999999996,3,1.306090750746947
2025-03-20,1.55,19.99,427.83,3,1.3162025685907812
2025-03-21,0.07,21.02,398.08,3,1.107023781472893
2025-03-22,0.04,22.45,395.15,3,1.0858830997966906
2025-03-23,0.01,23.11,391.40999999999997,3,1.0587501410918203
2025-03-24,0.74,24.41,390.41,3,1.0514669141923365
2025-03-25,2.62,24.13,391.17,3,1.0570032668827127
2025-03-26,9.42,23.68,399.42999999999995,3,1.1167305044628588
2025-03-27,4.27,22.35,387.08,3,1.0271262640068444
2025-03-28,3.1,21.39,389.03,3,1.0413961865592356
2025-03-29,0.16,22.21,388.96,3,1.0408847361218625
2025-03-30,0.32,22.59,387.4,3,1.0294711857606733
2025-03-31,0.01,22.47,362.15999999999997,3,0.8405063141117507
2025-04-01,0.84,22.45,324.99,4,0.8413616750024284
2025-04-02,1.84,20.95,318.40999999999997,4,0.7902046302626665
2025-04-03,6.43,19.98,322.45,4,0.8216947704990611
2025-04-04,9.99,19.82,329.26,4,0.874199608619233
2025-04-05,11.37,18.52,328.16,4,0.8657667952206789
2025-04-06,21.24,18.1,336.86,4,0.9319685293167159
2025-04-07,4.04,21.08,336.40999999999997,4,0.9285717048496459
2025-04-08,1.46,21.48,337.39000000000004,4,0.9359654606599611
2025-04-09,1.71,20.83,336.31,4,0.9278164546956449
2025-04-10,0.0,19.48,333.66,4,0.9077489963426674
2025-04-11,0.14,19.22,329.34999999999997,4,0.8748887551248852
2025-04-12,0.94,19.04,327.65,4,0.8618508003315003
2025-04-13,0.01,19.41,327.26,4,0.858853540877022
2025-04-14,0.0,19.81,326.77,4,0.8550844589109815
2025-04-15,1.92,19.62,327.9,4,0.8637709005039171
2025-04-16,39.05,19.12,365.8,4,1.144527853339914
2025-04-17,0.83,18.65,365.28,4,1.1408062049673147
2025-04-18,7.82,16.5,372.96,4,1.1954292843282703
2025-04-19,1.62,17.27,374.52,4,1.2064359489324796
2025-04-20,0.15,17.67,374.45000000000005,4,1.2059426925046635
2025-04-21,0.18,18.91,373.59999999999997,4,1.1999484135944831
2025-04-22,3.36,19.23,376.96,4,1.223592554064156
2025-04-23,11.51,18.76,388.46,4,1.3035078750278228
2025-04-24,5.51,16.41,393.93,4,1.3409878609298875
2025-04-25,0.0,15.72,393.90000000000003,4,1.3407832153149433
2025-04-26,0.0,15.77,393.89000000000004,4,1.3407149978926682
2025-04-27,0.0,16.92,393.89000000000004,4,1.3407149978926682
2025-04-28,0.08,17.71,393.97,4,1.3412607062305544
2025-04-29,0.01,18.62,393.98,4,1.341328914784749
2025-04-30,0.0,18.65,393.98,4,1.341328914784749
2025-05-01,3.76,17.77,397.65999999999997,5,1.948634502353198
2025-05-02,0.02,13.94,397.61999999999995,5,1.948374716248236
2025-05-03,0.0,11.8,395.32,5,1.933409509348289
2025-05-04,0.02,13.59,393.42,5,1.9210059142340632
2025-05-05,0.08,14.39,393.48,5,1.9213981777778124
2025-05-06,0.0,16.2,393.46999999999997,5,1.9213328031137902
2025-05-07,0.0,17.42,392.84999999999997,5,1.9172775464106577
2025-05-08,0.0,18.33,389.42,5,1.8947702850054262
2025-05-09,0.0,17.9,389.38,5,1.894507080581786
2025-05-10,0.0,16.27,388.74,5,1.890293510098452
2025-05-11,0.0,14.91,381.37,5,1.8414559386583988
2025-05-12,0.0,14.13,380.09999999999997,5,1.832980750793181
2025-05-13,0.0,14.69,377.26,5,1.8139639911049739
2025-05-14,0.0,15.16,375.87,5,1.8046237975449735
2025-05-15,0.0,14.86,374.40999999999997,5,1.794789896785512
2025-05-16,0.0,15.08,373.28999999999996,5,1.7872297776018584
2025-05-17,0.0,15.88,342.37,5,1.572623447283943
2025-05-18,0.0,17.49,289.78999999999996,5,1.1775218768339981
2025-05-19,0.0,17.31,261.24,5,0.943469237358097
2025-05-20,0.0,17.44,251.97,5,0.8639405435316266
2025-05-21,0.0,10.85,230.38,5,0.6710491616496853
2025-05-22,0.0,9.95,226.29,5,0.6331942049401398
2025-05-23,0.0,11.15,220.70999999999998,5,0.5808194408569387
2025-05-24,0.0,11.74,216.29999999999998,5,0.5388089855233468
2025-05-25,0.0,12.8,215.38,5,0.529974165029844
2025-05-26,0.0,14.12,215.14,5,0.527665353134606
2025-05-27,0.0,14.35,214.97,5,0.526028920551635
2025-05-28,0.0,13.58,213.37,5,0.5105853621533188
2025-05-29,0.0,14.56,210.32,5,0.4809337734299755
2025-05-30,0.0,15.05,204.23999999999998,5,0.42096901821461163
2025-05-31,0.0,13.56,202.51999999999998,5,0.4037920387709872
2025-06-01,0.0,15.82,202.01,6,1.344389018478916
2025-06-02,0.0,14.69,200.82999999999998,6,1.3326162680740683
2025-06-03,0.0,15.07,199.82,6,1.3225048008759628
2025-06-04,0.0,15.24,199.48,6,1.3190936686998
2025-06-05,2.62,12.63,200.35,6,1.3278148387450828
2025-06-06,0.02,13.3,199.78,6,1.3221036818960046
2025-06-07,0.0,13.2,198.54000000000002,6,1.309643703609674
2025-06-08,5.48,14.14,204.02,6,1.3643429434500913
2025-06-09,5.82,8.71,192.33999999999997,6,1.2465926373406808
2025-06-10,3.16,7.92,189.41,6,1.2163467953320568
2025-06-11,0.03,8.26,187.53,6,1.1967830232612238
2025-06-12,0.0,8.8,187.33999999999997,6,1.194798906095437
2025-06-13,0.0,10.0,180.83999999999997,6,1.1261347093152545
2025-06-14,0.0,10.22,180.5,6,1.1225000478280323
2025-06-15,0.0,9.28,179.05999999999997,6,1.107057548223814
2025-06-16,0.0,12.5,176.79999999999998,6,1.0826606540518258
2025-06-17,0.0,12.83,175.36999999999998,6,1.0671205474894154
2025-06-18,0.0,13.25,173.82,6,1.0501845409590471
2025-06-19,0.0,12.78,173.75,6,1.0494174117238515
2025-06-20,0.0,12.76,173.70999999999998,6,1.0489789633136077
2025-06-21,0.0,11.59,173.7,6,1.0488693411107521
2025-06-22,0.0,11.15,172.95999999999998,6,1.0407460573424183
2025-06-23,0.0,14.2,170.33999999999997,6,1.0118049265123474
2025-06-24,0.0,13.42,160.92,6,0.9053223543718515
2025-06-25,0.0,12.28,156.64999999999998,6,0.8557304297261878
2025-06-26,0.0,11.84,153.54999999999998,6,0.819177246391647
2025-06-27,0.0,6.39,153.39,6,0.8172777280476968
2025-06-28,0.0,8.16,153.07,6,0.8134748406756118
2025-06-29,0.0,10.33,153.05999999999997,6,0.8133559175627056
2025-06-30,0.0,10.08,152.22,6,0.8033483638011298
2025-07-01,0.09,10.66,150.47,7,1.7759302053035548
2025-07-02,2.27,12.69,146.31,7,1.73222447113211
2025-07-03,0.12,14.68,136.44,7,1.6254185002615138
2025-07-04,0.05,9.58,125.12,7,1.4969468432193789
2025-07-05,0.0,10.2,103.88000000000001,7,1.235025413942849
2025-07-06,0.0,10.94,99.84,7,1.1815218016622389
2025-07-07,0.0,9.27,98.38000000000001,7,1.1618532136042035
2025-07-08,4.63,8.43,101.3,7,1.2010109496863046
2025-07-09,4.94,9.41,106.24,7,1.265680369154826
2025-07-10,0.0,11.23,106.1,7,1.263873774170658
2025-07-11,0.0,12.63,105.16,7,1.2517051163297552
2025-07-12,0.0,13.73,105.15,7,1.251575298587495
2025-07-13,0.0,11.27,105.15,7,1.251575298587495
2025-07-14,0.0,12.71,103.23,7,1.2265060959408736
2025-07-15,0.0,14.39,64.18,7,0.6351674606363292
2025-07-16,0.0,15.04,63.35,7,0.6203407043413045
2025-07-17,0.0,14.73,55.53,7,0.4739518465032788
2025-07-18,0.0,16.72,53.91,7,0.44195028550981924
2025-07-19,0.0,14.33,53.76,7,0.43895512319510516
2025-07-20,0.03,12.27,53.61,7,0.4359544146189733
2025-07-21,0.0,12.47,50.25,7,0.36722433760208356
2025-07-22,0.0,13.1,38.74,7,0.10528661075114068
2025-07-23,0.06,11.96,33.290000000000006,7,-0.03763922196396722
2025-07-24,0.35,12.87,33.64000000000001,7,-0.02799483218780585
2025-07-25,0.2,14.83,33.839999999999996,7,-0.022514883760338722
2025-07-26,0.01,15.54,33.85,7,-0.022241474818827572
2025-07-27,0.0,12.42,33.769999999999996,7,-0.024430312046694394
2025-07-28,0.0,11.64,33.76,7,-0.02470416868341902
2025-07-29,0.0,10.04,33.76,7,-0.02470416868341902
2025-07-30,0.0,10.28,30.000000000000004,7,-0.13193445079225663
2025-07-31,0.0,12.97,29.98,7,-0.13252921096071232
2025-08-01,0.0,12.15,29.98,8,0.8152342196087297
2025-08-02,0.0,10.37,29.96,8,0.8145889139490278
2025-08-03,0.0,11.15,29.880000000000003,8,0.812004914348471
2025-08-04,0.0,12.32,29.880000000000003,8,0.812004914348471
2025-08-05,0.0,13.12,29.880000000000003,8,0.812004914348471
2025-08-06,0.18,9.93,30.060000000000002,8,0.8178126749373896
2025-08-07,0.16,9.0,30.220000000000002,8,0.8229563689002478
2025-08-08,0.56,11.31,30.78,8,0.8408226276530089
2025-08-09,0.0,13.2,30.78,8,0.8408226276530089
2025-08-10,0.0,14.18,30.78,8,0.8408226276530089
2025-08-11,0.0,14.34,30.78,8,0.8408226276530089
2025-08-12,0.0,14.36,30.78,8,0.8408226276530089
2025-08-13,0.0,14.34,30.78,8,0.8408226276530089
2025-08-14,0.0,15.7,30.78,8,0.8408226276530089
2025-08-15,0.0,16.43,30.78,8,0.8408226276530089
2025-08-16,0.03,16.64,30.810000000000002,8,0.8417738340149438
2025-08-17,0.0,17.04,30.810000000000002,8,0.8417738340149438
2025-08-18,0.0,16.41,30.810000000000002,8,0.8417738340149438
2025-08-19,0.0,17.72,30.810000000000002,8,0.8417738340149438
2025-08-20,0.0,18.17,30.810000000000002,8,0.8417738340149438
2025-08-21,0.0,19.77,30.810000000000002,8,0.8417738340149438
2025-08-22,0.0,19.71,30.810000000000002,8,0.8417738340149438
2025-08-23,0.0,19.26,30.810000000000002,8,0.8417738340149438
2025-08-24,0.0,20.27,30.810000000000002,8,0.8417738340149438
2025-08-25,0.0,20.77,30.810000000000002,8,0.8417738340149438
2025-08-26,0.0,19.87,30.810000000000002,8,0.8417738340149438
2025-08-27,0.07,19.78,30.880000000000003,8,0.8439910054416025
2025-08-28,0.0,19.96,30.880000000000003,8,0.8439910054416025
2025-08-29,0.0,21.15,30.880000000000003,8,0.8439910054416025
2025-08-30,0.0,22.52,30.880000000000003,8,0.8439910054416025
2025-08-31,0.0,22.12,30.880000000000003,8,0.8439910054416025
2025-09-01,0.0,21.84,30.880000000000003,9,1.1661550026698384
2025-09-02,0.0,21.14,30.880000000000003,9,1.1661550026698384
2025-09-03,0.0,22.53,28.26,9,1.083096763813256
2025-09-04,0.0,23.24,28.240000000000002,9,1.0824447609812853
2025-09-05,0.0,22.91,28.240000000000002,9,1.0824447609812853
2025-09-06,0.0,19.39,22.76,9,0.8916144691687822
2025-09-07,0.0,19.9,16.94,9,0.6536178700117059
2025-09-08,0.0,22.31,13.780000000000001,9,0.5013267845868277
2025-09-09,0.0,22.34,13.750000000000002,9,0.49977583562303607
2025-09-10,0.0,22.53,13.750000000000002,9,0.49977583562303607
2025-09-11,0.0,22.76,13.750000000000002,9,0.49977583562303607
2025-09-12,0.0,22.99,13.750000000000002,9,0.49977583562303607
2025-09-13,0.0,21.86,13.750000000000002,9,0.49977583562303607
2025-09-14,0.0,22.44,13.750000000000002,9,0.49977583562303607
2025-09-15,0.0,21.12,13.750000000000002,9,0.49977583562303607
2025-09-16,0.0,23.46,13.750000000000002,9,0.49977583562303607
2025-09-17,0.0,19.7,13.750000000000002,9,0.49977583562303607
2025-09-18,0.0,21.1,13.750000000000002,9,0.49977583562303607
2025-09-19,0.0,22.85,13.750000000000002,9,0.49977583562303607
2025-09-20,0.09,22.71,13.840000000000002,9,0.504421991678153
2025-09-21,0.0,22.85,13.840000000000002,9,0.504421991678153
2025-09-22,0.0,23.54,13.840000000000002,9,0.504421991678153
2025-09-23,0.05,25.74,13.890000000000002,9,0.5069945562796548
2025-09-24,0.45,23.43,14.340000000000002,9,0.5298768662161325
2025-09-25,0.45,21.64,14.790000000000001,9,0.552290314056695
2025-09-26,0.08,21.26,14.870000000000001,9,0.5562277449479455
2025-09-27,2.87,22.61,17.740000000000002,9,0.6891727180677197
2025-09-28,0.51,23.2,18.25,9,0.711299739445865
2025-09-29,0.01,21.63,18.17,9,0.7078554990844834
2025-09-30,2.45,20.54,18.35,9,0.7155913569369212
2025-10-01,0.0,19.4,18.23,10,-0.038379855718224755
2025-10-02,0.0,22.48,18.180000000000003,10,-0.040573114968475765
2025-10-03,0.0,23.89,18.180000000000003,10,-0.040573114968475765
2025-10-04,0.05,22.08,18.230000000000004,10,-0.038379855718224755
2025-10-05,0.0,23.52,18.230000000000004,10,-0.038379855718224755
2025-10-06,0.01,25.35,13.61,10,-0.2617660236031009
2025-10-07,0.27,24.72,8.94,10,-0.5511737739346035
2025-10-08,0.01,24.87,8.950000000000001,10,-0.5504486837062722
2025-10-09,0.01,25.11,8.96,10,-0.5497241788481417
2025-10-10,0.1,25.16,9.06,10,-0.5425110721983664
2025-10-11,8.1,23.68,17.16,10,-0.08625496130370781
2025-10-12,20.63,23.09,37.79,10,0.618340545804193
2025-10-13,0.0,25.6,37.79,10,0.618340545804193
2025-10-14,0.0,26.76,37.79,10,0.618340545804193
2025-10-15,0.0,25.22,37.79,10,0.618340545804193
2025-10-16,0.0,24.15,37.79,10,0.618340545804193
2025-10-17,18.08,21.81,55.87,10,1.044630463319858
2025-10-18,24.76,20.38,80.6,10,1.5044927774805006
2025-10-19,0.54,22.55,81.14,10,1.5134884907897956
2025-10-20,1.86,20.51,83.0,10,1.5441980252562373
2025-10-21,0.94,17.5,83.88,10,1.558581665498824
2025-10-22,0.0,18.47,83.53,10,1.5528719196221945
2025-10-23,0.0,19.7,83.33,10,1.5496026874319533
2025-10-24,0.0,21.64,83.32,10,1.5494391008734136
2025-10-25,0.0,24.43,83.32,10,1.5494391008734136
2025-10-26,0.56,26.05,83.88,10,1.558581665498824
2025-10-27,0.99,22.95,84.86999999999999,10,1.5746542637489545
2025-10-28,0.26,25.01,85.13,10,1.5788564866558443
2025-10-29,21.11,20.72,106.24,10,1.8971895763749516
2025-10-30,0.43,22.75,106.66999999999999,10,1.903261126002815
2025-10-31,0.64,23.0,107.30999999999999,10,1.9122709638401718
2025-11-01,0.37,24.62,107.67999999999999,11,0.6703316321534483
2025-11-02,0.0,22.77,107.67999999999999,11,0.6703316321534483
2025-11-03,0.89,20.86,108.57,11,0.6846163756403719
2025-11-04,3.12,19.85,111.51,11,0.7312694210165273
2025-11-05,0.01,22.97,111.36,11,0.7289086559135474
2025-11-06,3.46,22.06,114.26,11,0.7741894878774952
2025-11-07,6.73,21.32,120.99,11,0.8764774654700103
2025-11-08,4.64,20.81,125.63,11,0.9448781937601621
2025-11-09,0.58,21.31,126.21,11,0.9533132793533488
2025-11-10,3.82,22.23,130.03,11,1.008255993487926
2025-11-11,10.3,20.77,140.33,11,1.1514296316863728
2025-11-12,0.07,23.19,140.4,11,1.15237931886802
2025-11-13,0.01,26.6,140.41,11,1.1525149638472612
2025-11-14,0.73,23.94,141.10999999999999,11,1.1619948670051583
2025-11-15,16.71,19.77,157.82,11,1.3799555455134247
2025-11-16,12.2,21.23,170.02,11,1.530036821305789
2025-11-17,7.97,16.76,177.99,11,1.6244652348380515
2025-11-18,0.14,19.89,178.13,11,1.6261001003597555
2025-11-19,0.0,21.96,178.13,11,1.6261001003597555
2025-11-20,0.07,23.09,178.2,11,1.6269172324287433
2025-11-21,0.12,24.49,178.32,11,1.6283175643737688
2025-11-22,0.05,25.47,178.37,11,1.6289008624645123
2025-11-23,0.09,25.68,178.46,11,1.6299505419745266
2025-11-24,0.01,24.04,178.47,11,1.6300671526399009
2025-11-25,0.75,22.85,179.15,11,1.6379871340422187
2025-11-26,10.8,23.18,189.95000000000002,11,1.761341682143931
2025-11-27,21.76,22.4,211.71,11,1.997272614403672
2025-11-28,2.86,21.75,214.57000000000002,11,2.0271504470686126
2025-11-29,0.04,23.21,214.61,11,2.027566577939388
2025-11-30,0.0,22.94,214.61,11,2.027566577939388
2025-12-01,1.45,23.75,216.06,12,0.8189572928646537
2025-12-02,4.02,24.8,220.08,12,0.8625978484801905
2025-12-03,0.46,24.13,220.54000000000002,12,0.8675584209855423
2025-12-04,1.56,22.41,222.1,12,0.8843313835039414
2025-12-05,1.6,22.71,223.70000000000002,12,0.9014551926933175
2025-12-06,2.21,23.82,225.91,12,0.924977330677802
2025-12-07,1.55,25.37,227.46,12,0.9413859248368006
2025-12-08,0.36,25.14,227.82,12,0.9451865822770923
2025-12-09,0.44,26.2,228.26000000000002,12,0.9498265527642581
2025-12-10,0.88,26.79,229.14000000000001,12,0.9590891518788708
2025-12-11,1.76,24.23,230.9,12,0.9775455188230747
2025-12-12,2.48,23.89,233.38,12,1.0033984302624543
2025-12-13,14.06,22.18,247.44,12,1.1467148747725981
2025-12-14,2.88,22.24,250.32000000000002,12,1.1754199248324093
2025-12-15,0.37,23.03,250.69,12,1.179092315867636
2025-12-16,0.29,23.98,250.98000000000002,12,1.181968243496315
2025-12-17,4.4,24.85,255.38,12,1.225343709732238
2025-12-18,2.87,24.55,258.25,12,1.253378618492315
2025-12-19,3.89,23.22,262.04999999999995,12,1.2901926093849576
2025-12-20,5.99,23.0,268.03999999999996,12,1.3475358981751804
2025-12-21,56.22,20.37,324.26,12,1.8498606447261359
2025-12-22,13.13,21.42,337.34000000000003,12,1.9586852633821212
2025-12-23,1.37,22.3,338.26,12,1.9662392381484377
2025-12-24,2.08,23.77,339.89,12,1.9795913792077708
2025-12-25,1.21,24.11,341.02,12,1.9888242577570336
2025-12-26,6.37,24.83,344.52,12,2.0173007643254435
2025-12-27,1.73,25.33,345.74,12,2.0271843132455643
2025-12-28,7.86,24.31,353.59000000000003,12,2.0902639452625658
2025-12-29,0.64,24.88,351.78,12,2.075797664373012
2025-12-30,1.8,23.62,353.58,12,2.090184148175787
2025-12-31,1.57,24.2,355.15,12,2.102695087964754
2026-01-01,0.63,25.73,355.78,1,1.6421310828224953
2026-01-02,0.0,26.01,355.73,1,1.6415513948721128
2026-01-03,0.08,26.35,355.81,1,1.6424788703861202
2026-01-04,4.74,25.04,360.54,1,1.6970787338137308
2026-01-05,12.72,22.98,372.99,1,1.8386238814015152
2026-01-06,0.15,24.56,373.13,1,1.840198160836258
2026-01-07,0.01,27.22,373.13,1,1.840198160836258
2026-01-08,0.65,25.95,373.68,1,1.8463791613064489
2026-01-09,3.67,25.95,369.25,1,1.7964268819897948
2026-01-10,0.79,24.88,349.41,1,1.5678515773483974
2026-01-11,0.04,25.6,349.45000000000005,1,1.5683207255876084
2026-01-12,0.02,25.03,349.47,1,1.5685552867066235
2026-01-13,0.44,25.0,349.91,1,1.5737134403664272
2026-01-14,0.58,25.04,350.49,1,1.5805064316906368
2026-01-15,0.5,25.94,332.90999999999997,1,1.3712877667810668
2026-01-16,0.18,26.75,308.33,1,1.0663829808015763
2026-01-17,7.72,25.1,315.51000000000005,1,1.1570345789524974
2026-01-18,0.99,25.25,314.64000000000004,1,1.146122383617389
2026-01-19,0.66,22.39,314.36,1,1.1426062334885145
2026-01-20,0.82,23.0,315.18,1,1.1528977797413458
2026-01-21,0.81,21.25,315.99,1,1.1630467152899557
2026-01-22,0.16,21.75,316.15000000000003,1,1.1650494393261002
2026-01-23,0.0,26.14,316.15000000000003,1,1.1650494393261002
2026-01-24,0.28,26.13,315.87,1,1.1615442389610915
2026-01-25,0.03,25.48,314.91,1,1.149511027460194
2026-01-26,0.01,25.0,314.66,1,1.1463734592027706
2026-01-27,1.85,25.33,295.4,1,0.8995952873109277
2026-01-28,0.39,26.53,295.36,1,0.8990719791527522
2026-01-29,7.22,25.78,301.94,1,0.9845401098893362
2026-01-30,3.5,25.45,305.07,1,1.0247688810635902
2026-01-31,0.65,26.6,305.72,1,1.0330892565374172
2026-02-01,0.2,25.9,305.03000000000003,2,0.4046917611536589
2026-02-02,0.36,26.48,302.27000000000004,2,0.37349257991322793
2026-02-03,0.05,26.58,302.31,2,0.3739460861180961
2026-02-04,0.0,26.46,298.84999999999997,2,0.3345698553768401
2026-02-05,0.03,25.91,292.15000000000003,2,0.25745301231586926
2026-02-06,0.0,25.64,287.51,2,0.20335582434019236
2026-02-07,0.0,25.61,286.93,2,0.19655296539943665
2026-02-08,0.7,26.28,283.81,2,0.1598004051938488
2026-02-09,0.06,26.42,273.57,2,0.03725087589873466
2026-02-10,0.0,26.13,273.5,2,0.03640268748946153
2026-02-11,0.01,26.66,273.5,2,0.03640268748946153
2026-02-12,0.3,27.89,273.07,2,0.031189203718257334
2026-02-13,3.18,26.86,259.54,2,-0.13573732444317838
2026-02-14,15.9,24.09,263.24,2,-0.08952067988594939
2026-02-15,6.66,19.1,261.93,2,-0.10583377752148654
2026-02-16,2.13,19.41,263.92,2,-0.0810742521947331
2026-02-17,0.07,20.62,263.99,2,-0.08020559498955467
2026-02-18,0.0,23.33,263.92,2,-0.0810742521947331
2026-02-19,0.0,25.47,263.8,2,-0.08256373797369973
2026-02-20,0.0,26.73,263.75,2,-0.08318449100995916
2026-02-21,0.4,24.51,264.06,2,-0.07933709206333929
2026-02-22,0.01,24.64,264.06,2,-0.07933709206333929
2026-02-23,1.54,24.12,264.84999999999997,2,-0.06954608982844503
2026-02-24,18.95,22.07,273.0,2,0.030339978175015696
2026-02-25,0.01,23.06,251.25,2,-0.24091693932079894
2026-02-26,0.0,24.73,248.39,2,-0.27774408052539173
2026-02-27,0.6,24.87,248.95,2,-0.2705107871773038
2026-02-28,1.08,24.87,250.03,2,-0.2565917345837316
2026-03-01,3.54,23.15,252.12,3,-0.10385424420789763
2026-03-02,6.33,23.66,254.43,3,-0.08145139094487439
2026-03-03,8.44,21.22,262.40999999999997,3,-0.005094466313739305
2026-03-04,1.5,22.57,262.34999999999997,3,-0.005662728004096634
2026-03-05,6.07,20.97,266.82000000000005,3,0.03643671854228652
2026-03-06,13.22,22.05,277.83,3,0.1381577345716865
2026-03-07,0.38,22.22,276.66,3,0.12747739498563973
2026-03-08,0.05,19.87,276.35,3,0.12464251466885652
2026-03-09,0.04,20.07,275.95000000000005,3,0.12098146819933212
2026-03-10,0.0,20.74,275.07000000000005,3,0.11291468452145022
2026-03-11,0.0,19.66,273.31,3,0.09672929769758953
2026-03-12,5.96,17.94,276.79,3,0.1286655851895596
2026-03-13,0.6,20.48,263.33000000000004,3,0.0036079997879060644
2026-03-14,2.29,20.93,262.74,3,-0.001970582109441964
2026-03-15,6.93,20.8,269.3,3,0.05959062079807014
2026-03-16,3.81,21.3,272.82,3,0.09221076090817751
2026-03-17,4.75,21.96,273.17,3,0.09543883955141927
2026-03-18,6.39,21.99,276.69,3,0.12775162577334087
2026-03-19,0.22,23.19,273.02000000000004,3,0.0940557156682698
2026-03-20,2.15,22.79,269.18,3,0.05847356109275932
2026-03-21,10.11,21.98,223.07,3,-0.3982018476982662
2026-03-22,7.73,20.26,217.67,3,-0.45573962398417095
2026-03-23,4.1,22.32,220.39999999999998,3,-0.42653126612677933
2026-03-24,1.06,22.58,219.38,3,-0.43741532529341387
2026-03-25,0.48,22.59,218.65,3,-0.4452260476455657
2026-03-26,0.02,22.93,212.29999999999998,3,-0.5139295010350412
2026-03-27,0.43,23.27,211.0,3,-0.5281669845452005
2026-03-28,0.61,24.05,203.75,3,-0.6086872375593252
2026-03-29,0.91,24.33,204.02,3,-0.6056537271904606
2026-03-30,0.02,23.88,202.23999999999998,3,-0.6257033524468539
2026-03-31,0.5,23.27,201.17,3,-0.6378138712407349
2026-04-01,3.99,22.28,204.53,4,-0.23387169801777347
2026-04-02,0.0,22.37,204.53,4,-0.23387169801777347
2026-04-03,0.1,20.73,204.54999999999998,4,-0.23366166556865622
2026-04-04,0.0,21.53,199.81,4,-0.2838334491812538
2026-04-05,0.0,22.89,187.09,4,-0.4225926369224488
2026-04-06,0.0,22.49,186.94,4,-0.4242667213098682
2026-04-07,4.04,21.23,190.97000000000003,4,-0.3796039339870161
2026-04-08,0.85,20.18,191.17000000000002,4,-0.3774042078811108
2026-04-09,0.0,20.05,187.5,4,-0.41802147125385264
2026-04-10,0.0,22.09,186.71,4,-0.4268354309085939
2026-04-11,0.01,22.13,186.68,4,-0.4271706390661418
2026-04-12,1.07,21.55,187.73,4,-0.4154601421848576
2026-04-13,32.97,18.51,220.26,4,-0.07279093597370381
2026-04-14,0.73,20.49,220.41,4,-0.07129279967254132
2026-04-15,6.34,19.49,226.25,4,-0.013490372811320078
2026-04-16,0.11,20.42,226.18,4,-0.014177241689237305
2026-04-17,1.24,20.86,219.70000000000002,4,-0.07839004927045688
2026-04-18,11.25,20.41,229.96,4,0.02271152501817693
2026-04-19,66.49,21.07,295.78999999999996,4,0.6088878524137146
2026-04-20,0.09,19.9,295.06,4,0.6028874462113324
2026-04-21,1.09,20.69,295.34,4,0.6051901219562437
2026-04-22,3.03,20.21,298.21,4,0.6287104200077288
2026-04-23,29.35,17.16,327.55999999999995,4,0.8611593310698057
2026-04-24,15.09,14.96,342.37,4,0.9733242193306368
2026-04-25,1.86,16.71,344.2,4,0.9869639338225478
2026-04-26,0.45,18.13,344.64,4,0.990236421246775
2026-04-27,0.1,19.07,342.89,4,0.977204778017794
2026-04-28,0.0,16.29,342.49999999999994,4,0.9742947167419469
2026-04-29,6.8,16.57,342.08,4,0.971158402970569
2026-04-30,5.38,17.85,343.96,4,0.9851777988601909
2026-05-01,16.16,18.37,359.46999999999997,5,1.6927483588232815
2026-05-02,0.0,17.69,359.27,5,1.6913644295590562
2026-05-03,0.0,18.52,358.90999999999997,5,1.6888721351182245
2026-05-04,0.02,19.1,358.88,5,1.6886643729422672
2026-05-05,1.57,17.81,360.45,5,1.6995226211508672
2026-05-06,0.0,10.28,360.41999999999996,5,1.6993154177574366
2026-05-07,0.0,10.2,360.41999999999996,5,1.6993154177574366
2026-05-08,0.0,11.62,360.41999999999996,5,1.6993154177574366
2026-05-09,0.0,13.59,359.71999999999997,5,1.694477589491863
2026-05-10,0.0,14.77,359.65999999999997,5,1.6940626430877324
2026-05-11,0.0,11.24,359.65999999999997,5,1.6940626430877324
2026-05-12,0.0,12.31,359.65,5,1.6939934811207595
2026-05-13,0.0,13.84,359.34999999999997,5,1.691918059403364
2026-05-14,0.0,15.21,356.16999999999996,5,1.6698512570630417
2026-05-15,0.0,16.0,340.27,5,1.557612363728853
2026-05-16,0.0,15.84,333.60999999999996,5,1.5096147719627415
2026-05-17,0.1,14.42,331.58,5,1.4948644587482987
2026-05-18,0.04,15.22,331.55,5,1.4946460456440975
2026-05-19,0.16,15.21,331.71,5,1.495810770948513
2026-05-20,0.0,13.79,331.71,5,1.495810770948513
2026-05-21,0.0,13.52,331.71,5,1.495810770948513
2026-05-22,0.05,14.34,331.36,5,1.4932624719155805
2026-05-23,0.04,15.38,331.39,5,1.493480964322168
2026-05-24,0.0,16.8,329.85,5,1.4822487937421964
2026-05-25,0.0,16.27,310.90000000000003,5,1.34122511019429
2026-05-26,0.0,15.76,310.89,5,1.3411492682416564
2026-05-27,0.0,16.36,310.89,5,1.3411492682416564
2026-05-28,0.0,17.52,310.29,5,1.3365959052810408
2026-05-29,0.0,17.93,309.21000000000004,5,1.3283857000543748
2026-05-30,0.0,16.57,305.67,5,1.3013456636550047
2026-05-31,0.01,14.67,299.35,5,1.252569810532861
2026-06-01,0.01,14.23,290.92,6,2.1305922035138614
2026-06-02,0.0,15.05,289.42,6,2.1186693429092047
2026-06-03,0.0,14.64,283.35,6,2.070030414561156
2026-06-04,0.15,12.81,270.28,6,1.9630812595142613
2026-06-05,0.0,8.55,269.9,6,1.9599246245731217
2026-06-06,0.0,10.7,269.84999999999997,6,1.95950907384438
2026-06-07,0.0,12.32,269.80999999999995,6,1.9591765990651926
2026-06-08,0.0,14.27,269.80999999999995,6,1.9591765990651926
2026-06-09,0.0,13.95,269.80999999999995,6,1.9591765990651926
2026-06-10,0.0,12.24,263.84999999999997,6,1.9092937933033698
2026-06-11,0.05,11.45,263.29999999999995,6,1.9046555815251323
2026-06-12,0.0,13.98,261.01,6,1.8852790966987396
2026-06-13,0.0,15.19,254.07999999999998,6,1.82599302685527
2026-06-14,0.05,13.59,250.32,6,1.7934061682327331
2026-06-15,0.06,13.29,245.63,6,1.7523305054365694
2026-06-16,0.01,12.52,239.25,6,1.6956629559586172
2026-06-17,0.02,12.0,239.04999999999998,6,1.6938714198733305
2026-06-18,0.0,12.36,236.9,6,1.6745531318937974
2026-06-19,0.11,13.56,226.89999999999998,6,1.5832317459697314
2026-06-20,2.13,13.21,221.29999999999998,6,1.530988245360382
2026-06-21,33.23,12.16,250.43,6,1.7943638036249674
2026-06-22,13.26,11.04,262.63,6,1.898997298251176
2026-06-23,0.59,13.74,262.73999999999995,6,1.8999268818669477
2026-06-24,0.02,14.56,262.74,6,1.8999268818669477
2026-06-25,0.01,13.07,262.32,6,1.8963762668839577
2026-06-26,0.0,11.59,261.71,6,1.891213156152275
2026-06-27,10.49,10.55,271.29,6,1.9714579806135104
2026-06-28,0.1,12.0,271.36999999999995,6,1.972120660810054
2026-06-29,0.0,14.7,270.86999999999995,6,1.96797693131884
2026-06-30,0.01,14.36,266.89,6,1.9348233161468391
2026-07-01,0.24,13.71,267.12999999999994,7,2.788853125597201
2026-07-02,15.6,9.69,282.63,7,2.902035278647835
2026-07-03,0.0,7.34,282.63,7,2.902035278647835
2026-07-04,0.0,10.25,282.63,7,2.902035278647835
2026-07-05,0.0,11.2,282.63,7,2.902035278647835
2026-07-06,0.0,11.53,278.59,7,2.872886674105818
2026-07-07,0.0,13.08,277.74,7,2.866723006790597
2026-07-08,0.0,12.84,277.74,7,2.866723006790597
2026-07-09,0.0,12.82,277.74,7,2.866723006790597
2026-07-10,0.0,14.16,277.72999999999996,7,2.8666504284711043
2026-07-11,0.0,13.2,276.65999999999997,7,2.8588758364481266
2026-07-12,0.0,12.91,243.69,7,2.6102335655658244
2026-07-13,0.0,11.79,242.95999999999998,7,2.6045139522111276
2026-07-14,0.0,13.46,236.62,7,2.554413348454611
2026-07-15,0.0,14.44,236.51,7,2.553537237135136
2026-07-16,0.0,13.2,235.26999999999998,7,2.5436446013465073
2026-07-17,0.0,14.03,224.01999999999998,7,2.4524679605054325
2026-07-18,0.0,15.04,157.53,7,1.8484629912944615
2026-07-19,0.0,14.57,157.44,7,1.8475508230632025
2026-07-20,0.0,14.73,156.35,7,1.8364784250172796
2026-07-21,0.0,16.0,153.32,7,1.805452559481056
2026-07-22,0.0,13.02,123.97,7,1.4835028320612942
2026-07-23,0.0,12.96,108.88,7,1.2994735823760966
2026-07-24,0.0,12.01,107.02,7,1.275718627045356
2026-07-25,0.0,11.49,106.57,7,1.2699329094915188
2026-07-26,0.0,12.64,106.47,7,1.2686451284824547
2026-07-27,0.0,14.06,106.47,7,1.2686451284824547
2026-07-28,0.0,15.85,99.67,7,1.1792409403617212
2026-07-29,0.0,13.1,94.28999999999999,7,1.1057588758179366
2026-07-30,0.0,13.62,78.13,7,0.8676504478824911
2026-07-31,0.0,11.18,78.13,7,0.8676504478824911
2026-08-01,0.0,11.92,78.13,8,1.93020980681437
2026-08-02,0.0,14.43,78.11,8,1.9298520709872677
2026-08-03,0.0,14.99,76.53999999999999,8,1.9015993802515476
2026-08-04,0.0,15.4,76.53999999999999,8,1.9015993802515476
2026-08-05,0.0,14.56,76.53999999999999,8,1.9015993802515476
2026-08-06,0.0,14.95,76.53999999999999,8,1.9015993802515476
2026-08-07,0.0,16.26,76.53999999999999,8,1.9015993802515476
2026-08-08,0.0,13.82,76.53999999999999,8,1.9015993802515476
2026-08-09,0.0,14.96,76.53999999999999,8,1.9015993802515476
2026-08-10,0.09,9.64,76.63,8,1.9032281541235634
2026-08-11,0.07,9.0,76.69999999999999,8,1.9044941973484493
2026-08-12,0.09,10.9,76.78999999999999,8,1.9061209650248836
2026-08-13,0.0,12.15,76.78999999999999,8,1.9061209650248836
2026-08-14,0.0,12.81,76.78999999999999,8,1.9061209650248836
2026-08-15,0.0,13.62,76.69,8,1.9043133758186952
2026-08-16,0.0,16.16,76.65,8,1.9035899504263591
2026-08-17,0.0,17.12,76.49,8,1.900694017068943
2026-08-18,0.0,18.79,76.49,8,1.900694017068943
2026-08-19,0.0,17.83,76.49,8,1.900694017068943
2026-08-20,0.0,18.19,76.44,8,1.899788304252254
2026-08-21,0.0,19.04,76.4,8,1.8990634820047425
2026-08-22,0.0,19.36,76.4,8,1.8990634820047425
2026-08-23,0.0,20.2,76.4,8,1.8990634820047425
2026-08-24,0.0,17.49,76.4,8,1.8990634820047425
2026-08-25,0.0,19.76,76.4,8,1.8990634820047425
2026-08-26,0.0,19.8,76.4,8,1.8990634820047425
2026-08-27,0.0,17.31,76.4,8,1.8990634820047425
2026-08-28,0.0,16.16,76.4,8,1.8990634820047425
2026-08-29,0.0,15.19,76.39,8,1.8988822414180806
2026-08-30,0.0,16.58,76.38,8,1.898700986815361
2026-08-31,0.0,18.41,76.38,8,1.898700986815361
2026-09-01,0.0,21.43,76.38,9,2.2063315256271543
2026-09-02,0.0,21.3,76.23,9,2.203622837479542
2026-09-03,0.0,22.67,76.23,9,2.203622837479542
2026-09-04,13.83,20.6,90.06,9,2.4417283277689923
2026-09-05,7.67,17.84,97.73,9,2.564928206654764
2026-09-06,6.76,17.32,104.49000000000001,9,2.6690936128801908
2026-09-07,2.31,17.14,106.8,9,2.7038231565259494
2026-09-08,0.02,18.88,106.82000000000001,9,2.7041220103025356
2026-09-09,0.0,18.99,106.77,9,2.7033748174824033
2026-09-10,0.0,19.95,106.77,9,2.7033748174824033
2026-09-11,0.0,21.54,106.77,9,2.7033748174824033
2026-09-12,0.0,21.72,106.72,9,2.702627429987744
2026-09-13,0.0,22.19,106.66,9,2.7017303078149864
2026-09-14,2.86,21.11,109.51,9,2.7440380047146813
2026-09-15,0.0,21.7,109.49,9,2.743743253972341
2026-09-16,0.0,24.45,109.49,9,2.743743253972341
2026-09-17,0.71,26.48,110.08999999999999,9,2.7525728091355686
2026-09-18,0.34,22.95,108.3,9,2.7261514536946754
2026-09-19,0.0,19.65,75.07,9,2.182572207375924
2026-09-20,0.0,19.94,61.81,9,1.927354222255117
2026-09-21,0.28,21.32,61.5,9,1.92102624250432
2026-09-22,0.16,22.7,61.64,9,1.923886325014582
